category,domain_name,file_name,file_urls,files,meaning,word
n.m.,uchicago_S_Hassan,abad.mp3,https://dsal.uchicago.edu/dictionaries/hassan/audio/00001.mp3,,"eternity, time without end",abad
adj.,uchicago_S_Hassan,abadī.mp3,https://dsal.uchicago.edu/dictionaries/hassan/audio/00002.mp3,,"forever, endless, everlasting, eternally, perpetually, evermore, unceasingly",abadī
n.m.,uchicago_S_Hassan,abal.mp3,https://dsal.uchicago.edu/dictionaries/hassan/audio/00003.mp3,,"weak person, have no strength",abal
n.,uchicago_S_Hassan,abalvōn.mp3,https://dsal.uchicago.edu/dictionaries/hassan/audio/00004.mp3,,"inception of disease, beginning, commencement, initiation, the beginning of something",abalvōn
n.m.,uchicago_S_Hassan,abas.mp3,https://dsal.uchicago.edu/dictionaries/hassan/audio/00005.mp3,,"vanity, absurdity, trifling",abas
n.m.,uchicago_S_Hassan,abdāl.mp3,https://dsal.uchicago.edu/dictionaries/hassan/audio/00006.mp3,,"saint, devotee, religious person",abdāl
adj.,uchicago_S_Hassan,ablι.mp3,https://dsal.uchicago.edu/dictionaries/hassan/audio/00007.mp3,,"idiot, stupid, foolish",ablι
n.m.,uchicago_S_Hassan,abrār.mp3,https://dsal.uchicago.edu/dictionaries/hassan/audio/00008.mp3,,holy men,abrār
n.m.,uchicago_S_Hassan,abrī.mp3,https://dsal.uchicago.edu/dictionaries/hassan/audio/00009.mp3,,a kind of colourful paper for wrapping which is used in binding books,abrī
adj.,uchicago_S_Hassan,abtar.mp3,https://dsal.uchicago.edu/dictionaries/hassan/audio/00010.mp3,,"spoiled, miserable, be thrown in disorder, ruined, destitute",abtar
adj.,uchicago_S_Hassan,abuz.mp3,https://dsal.uchicago.edu/dictionaries/hassan/audio/00011.mp3,,"not roasted, unprocessed as before a fire or an oven",abuz
n.m.,uchicago_S_Hassan,abyās.mp3,https://dsal.uchicago.edu/dictionaries/hassan/audio/00012.mp3,,"practice, diligent practice, application, a habitual practice",abyās
n.,uchicago_S_Hassan,abə̄sι.mp3,https://dsal.uchicago.edu/dictionaries/hassan/audio/00013.mp3,,"a name of a kind of flowering plant, light red colour resembling to colour of a kind of flowering plant",abə̄sι
adv.,uchicago_S_Hassan,acānak.mp3,https://dsal.uchicago.edu/dictionaries/hassan/audio/00014.mp3,,"chance, unknowing, sudden, hasty, unexpected, abrupt",acānak
n.m.,uchicago_S_Hassan,ackan.mp3,https://dsal.uchicago.edu/dictionaries/hassan/audio/00015.mp3,,"tight long coat with full buttons in front, achkan",ackan
n.m.,uchicago_S_Hassan,acōv.mp3,https://dsal.uchicago.edu/dictionaries/hassan/audio/00016.mp3,,the calf of a cow who has not given milk,acōv
interj.,uchicago_S_Hassan,acʰā.mp3,https://dsal.uchicago.edu/dictionaries/hassan/audio/00017.mp3,,"& adj. good, excellent, sound pleasing, agreeable, virtuous, correct, genuine",acʰā
adj.,uchicago_S_Hassan,ǝcʰidə̄r.mp3,https://dsal.uchicago.edu/dictionaries/hassan/audio/00018.mp3,,"pretty girl, dear daughter",ǝcʰidə̄r
n.m.,uchicago_S_Hassan,ǝcʰipōš.mp3,https://dsal.uchicago.edu/dictionaries/hassan/audio/00019.mp3,,"a kind of white coloured flower, a certain plant growing in barren soil",ǝcʰipōš
n.m.,uchicago_S_Hassan,acʰival.mp3,https://dsal.uchicago.edu/dictionaries/hassan/audio/00020.mp3,,proper name of tourist place in Kashmir,acʰival
adj.,uchicago_S_Hassan,acʰōw.mp3,https://dsal.uchicago.edu/dictionaries/hassan/audio/00021.mp3,,"half-done, uncooked, partially cooked",acʰōw
v.,uchicago_S_Hassan,adā karun.mp3,https://dsal.uchicago.edu/dictionaries/hassan/audio/00022.mp3,,"be paid, be done, be performed, be expressed",adā karun
adj.,uchicago_S_Hassan,adā.mp3,https://dsal.uchicago.edu/dictionaries/hassan/audio/00023.mp3,,"elegance, graceful, manners, coquetry",adā
n.m.,uchicago_S_Hassan,adā.mp3,https://dsal.uchicago.edu/dictionaries/hassan/audio/00024.mp3,,"payment, execution, performance, accomplishment",adā
adv.,uchicago_S_Hassan,adιbιsān.mp3,https://dsal.uchicago.edu/dictionaries/hassan/audio/00025.mp3,,"respectfully, politely, civilly, considerately",adιbιsān
n.m.,uchicago_S_Hassan,adab.mp3,https://dsal.uchicago.edu/dictionaries/hassan/audio/00026.mp3,,"good manners, courteousness, politeness, manners, courtesy, etiquette, civility",adab
n.m.,uchicago_S_Hassan,adākār.mp3,https://dsal.uchicago.edu/dictionaries/hassan/audio/00027.mp3,,"one who acts in a play, actor",adākār
n.f.,uchicago_S_Hassan,adākə̄rī.mp3,https://dsal.uchicago.edu/dictionaries/hassan/audio/00028.mp3,,the art of acting,adākə̄rī
n.m.,uchicago_S_Hassan,adālat.mp3,https://dsal.uchicago.edu/dictionaries/hassan/audio/00029.mp3,,court of justice,adālat
n.m.,uchicago_S_Hassan,adal.mp3,https://dsal.uchicago.edu/dictionaries/hassan/audio/00030.mp3,,"alteration, exchange, vice versa",adal
adv.,uchicago_S_Hassan,adalι badal.mp3,https://dsal.uchicago.edu/dictionaries/hassan/audio/00031.mp3,,"instead, as an alternative, as a substitute, in its place",adalι badal
n.m.,uchicago_S_Hassan,adārι.mp3,https://dsal.uchicago.edu/dictionaries/hassan/audio/00032.mp3,,"institution, organization, department, administration, establishment",adārι
adj.,uchicago_S_Hassan,adnā.mp3,https://dsal.uchicago.edu/dictionaries/hassan/audio/00033.mp3,,base-born mean,adnā
v.,uchicago_S_Hassan,absun.mp3,https://dsal.uchicago.edu/dictionaries/hassan/audio/00034.mp3,,"to twist thread, cord, or rope",absun
adv.,uchicago_S_Hassan,adι.mp3,https://dsal.uchicago.edu/dictionaries/hassan/audio/00035.mp3,,"then, afterward, it follows that",adι
adv.,uchicago_S_Hassan,adι kar.mp3,https://dsal.uchicago.edu/dictionaries/hassan/audio/00036.mp3,,at what time,adι kar
adv.,uchicago_S_Hassan,adι kǝti.mp3,https://dsal.uchicago.edu/dictionaries/hassan/audio/00037.mp3,,then at or upon which place,adι kǝti
adv.,uchicago_S_Hassan,adι kus.mp3,https://dsal.uchicago.edu/dictionaries/hassan/audio/00038.mp3,,then who,adι kus
interj.,uchicago_S_Hassan,adsā.mp3,https://dsal.uchicago.edu/dictionaries/hassan/audio/00039.mp3,,"good, yes, well, fine, alright",adsā
adv.,uchicago_S_Hassan,advapōr.mp3,https://dsal.uchicago.edu/dictionaries/hassan/audio/00040.mp3,,"on other side, cross, to one side",advapōr
n.m.,uchicago_S_Hassan,aḍ.mp3,https://dsal.uchicago.edu/dictionaries/hassan/audio/00041.mp3,,"half, mid, semi, often signifying a portion",aḍ
adj.,uchicago_S_Hassan,aḍcʰōv.mp3,https://dsal.uchicago.edu/dictionaries/hassan/audio/00042.mp3,,uncooked,aḍcʰōv
n.pl.,uchicago_S_Hassan,ǝḍijι.mp3,https://dsal.uchicago.edu/dictionaries/hassan/audio/00043.mp3,,bones,ǝḍijι
adj.,uchicago_S_Hassan,aḍlʸok.mp3,https://dsal.uchicago.edu/dictionaries/hassan/audio/00044.mp3,,"defective, faulty, imperfect, inadequate, lacking, incomplete",aḍlʸok
n.m.,uchicago_S_Hassan,aḍvāns.mp3,https://dsal.uchicago.edu/dictionaries/hassan/audio/00045.mp3,,advance,aḍvāns
adj.,uchicago_S_Hassan,aḍι brok.mp3,https://dsal.uchicago.edu/dictionaries/hassan/audio/00046.mp3,,half-grinded,aḍι brok
adj.,uchicago_S_Hassan,aḍι buz.mp3,https://dsal.uchicago.edu/dictionaries/hassan/audio/00047.mp3,,half-roasted,aḍι buz
adj.,uchicago_S_Hassan,aḍι cʸōr.mp3,https://dsal.uchicago.edu/dictionaries/hassan/audio/00048.mp3,,"halfwit, stupid, lunatic",aḍι cʸōr
adj.,uchicago_S_Hassan,aḍι dod.mp3,https://dsal.uchicago.edu/dictionaries/hassan/audio/00049.mp3,,half-burnt,aḍι dod
adj.,uchicago_S_Hassan,aḍι ōm.mp3,https://dsal.uchicago.edu/dictionaries/hassan/audio/00050.mp3,,"incomplete, half-done, half-prepared, half-baked, half-dressed",aḍι ōm
adj.,uchicago_S_Hassan,aḍι pop.mp3,https://dsal.uchicago.edu/dictionaries/hassan/audio/00051.mp3,,"unripe, incomplete, immature",aḍι pop
n.m.,uchicago_S_Hassan,aḍḍι.mp3,https://dsal.uchicago.edu/dictionaries/hassan/audio/00052.mp3,,"stand, stop, station, (air)port",aḍḍι
n.m.,uchicago_S_Hassan,aḍιkol.mp3,https://dsal.uchicago.edu/dictionaries/hassan/audio/00053.mp3,,"one who stammer, to pause or falters in speaking",aḍιkol
adv.,uchicago_S_Hassan,aḍamzaḍ.mp3,https://dsal.uchicago.edu/dictionaries/hassan/audio/00054.mp3,,"not used to best advantage, very little, used regarding the partial return of something deposited",aḍamzaḍ
adj.,uchicago_S_Hassan,aḍιmōr.mp3,https://dsal.uchicago.edu/dictionaries/hassan/audio/00055.mp3,,grievous bodily harm by severe and repeated blows and kicks,aḍιmōr
adj.,uchicago_S_Hassan,aḍιpʰol.mp3,https://dsal.uchicago.edu/dictionaries/hassan/audio/00056.mp3,,"shrink, decrease, undeveloped, do not come into flower",aḍιpʰol
adj.,uchicago_S_Hassan,aḍιʦot.mp3,https://dsal.uchicago.edu/dictionaries/hassan/audio/00057.mp3,,one who has died at very young age,aḍιʦot
adv.,uchicago_S_Hassan,aḍιwot.mp3,https://dsal.uchicago.edu/dictionaries/hassan/audio/00058.mp3,,"midway between two points, half-way",aḍιwot
n.m.,uchicago_S_Hassan,afgān.mp3,https://dsal.uchicago.edu/dictionaries/hassan/audio/00059.mp3,,"name of a country, Afghanistan",afgān
adj.,uchicago_S_Hassan,afgə̄n.mp3,https://dsal.uchicago.edu/dictionaries/hassan/audio/00060.mp3,,one from Afghanistan,afgə̄n
n.m.,uchicago_S_Hassan,aflātōn.mp3,https://dsal.uchicago.edu/dictionaries/hassan/audio/00061.mp3,,"plato- name of a very famous Greek philosopher, boaster",aflātōn
n.f.,uchicago_S_Hassan,afrā-tafrī.mp3,https://dsal.uchicago.edu/dictionaries/hassan/audio/00062.mp3,,"hurly-burly, hurry-scurry, confusion, chaos",afrā-tafrī
n.m.,uchicago_S_Hassan,afšāⁿ.mp3,https://dsal.uchicago.edu/dictionaries/hassan/audio/00063.mp3,,"tinsel, bedecking face, hair etc",afšāⁿ
n.m.,uchicago_S_Hassan,afsānι.mp3,https://dsal.uchicago.edu/dictionaries/hassan/audio/00064.mp3,,"short story, fiction, concocted story",afsānι
n.m.,uchicago_S_Hassan,afsar.mp3,https://dsal.uchicago.edu/dictionaries/hassan/audio/00065.mp3,,"officer, official, executive, administrator",afsar
n.,uchicago_S_Hassan,afsūs.mp3,https://dsal.uchicago.edu/dictionaries/hassan/audio/00066.mp3,,"alas, sorrow, woe, distress, trouble, remorse, repentance",afsūs
n.f.,uchicago_S_Hassan,afvah.mp3,https://dsal.uchicago.edu/dictionaries/hassan/audio/00067.mp3,,"rumor, doubt",afvah
n.m.,uchicago_S_Hassan,afvə̄y.mp3,https://dsal.uchicago.edu/dictionaries/hassan/audio/00068.mp3,,person who is spreading rumor,afvə̄y
v.,uchicago_S_Hassan,afvā pʰə̄lāwun.mp3,https://dsal.uchicago.edu/dictionaries/hassan/audio/00069.mp3,,"to rumor, hearsay, gossip, town-talk",afvā pʰə̄lāwun
n.m.,uchicago_S_Hassan,afzal.mp3,https://dsal.uchicago.edu/dictionaries/hassan/audio/00070.mp3,,"excellent, supreme, outstanding, brilliant",afzal
n.f.,uchicago_S_Hassan,agan bōṭ.mp3,https://dsal.uchicago.edu/dictionaries/hassan/audio/00071.mp3,,"motor-boat, speed-boat, power-boat",agan bōṭ
n.m.,uchicago_S_Hassan,agar magar.mp3,https://dsal.uchicago.edu/dictionaries/hassan/audio/00072.mp3,,"hesitation, excuses, ifs and buts",agar magar
adv.,uchicago_S_Hassan,agar nι.mp3,https://dsal.uchicago.edu/dictionaries/hassan/audio/00073.mp3,,"if not, unless",agar nι
conj.,uchicago_S_Hassan,agar.mp3,https://dsal.uchicago.edu/dictionaries/hassan/audio/00074.mp3,,"although, if, in case",agar
conj.,uchicago_S_Hassan,agarci.mp3,https://dsal.uchicago.edu/dictionaries/hassan/audio/00075.mp3,,"even if, even though, although",agarci
n.m.,uchicago_S_Hassan,agast.mp3,https://dsal.uchicago.edu/dictionaries/hassan/audio/00076.mp3,,August,agast
n.,uchicago_S_Hassan,agə̄r.mp3,https://dsal.uchicago.edu/dictionaries/hassan/audio/00077.mp3,,"stranger, unfamiliar",agə̄r
n.m.,uchicago_S_Hassan,agrāz.mp3,https://dsal.uchicago.edu/dictionaries/hassan/audio/00078.mp3,,"pl of garιz, aim, motive, object, purpose, intension, concern",agrāz
adj.,uchicago_S_Hassan,agun.mp3,https://dsal.uchicago.edu/dictionaries/hassan/audio/00079.mp3,,"dense, dark, opaque",agun
n.m.,uchicago_S_Hassan,agur kaṭʰ.mp3,https://dsal.uchicago.edu/dictionaries/hassan/audio/00080.mp3,,wood of ‘agur kul’,agur kaṭʰ
n.m.,uchicago_S_Hassan,agur kul.mp3,https://dsal.uchicago.edu/dictionaries/hassan/audio/00081.mp3,,a kind of plant,agur kul
n.,uchicago_S_Hassan,agvā.mp3,https://dsal.uchicago.edu/dictionaries/hassan/audio/00082.mp3,,"abduction, kidnap, enticement",agvā
adj.,uchicago_S_Hassan,agə̄fil.mp3,https://dsal.uchicago.edu/dictionaries/hassan/audio/00083.mp3,,"inattentive, unmindful, negligent, remiss",agə̄fil
adv.,uchicago_S_Hassan,ah.mp3,https://dsal.uchicago.edu/dictionaries/hassan/audio/00084.mp3,,"(numerically; used as affix) about, approximately, roughly, nearly, not far off from",ah
interj.,uchicago_S_Hassan,ah.mp3,https://dsal.uchicago.edu/dictionaries/hassan/audio/00085.mp3,,"sigh, exhale noisily",ah
n.m.,uchicago_S_Hassan,ahadnāmι.mp3,https://dsal.uchicago.edu/dictionaries/hassan/audio/00086.mp3,,"treaty, agreement, contract, settlement",ahadnāmι
v.,uchicago_S_Hassan,ahad karun.mp3,https://dsal.uchicago.edu/dictionaries/hassan/audio/00087.mp3,,"swear, give your word, promise",ahad karun
n.m.,uchicago_S_Hassan,ahamdī.mp3,https://dsal.uchicago.edu/dictionaries/hassan/audio/00088.mp3,,name of a sect in Muslim community,ahamdī
interj.,uchicago_S_Hassan,ahansa.mp3,https://dsal.uchicago.edu/dictionaries/hassan/audio/00089.mp3,,"yes, why not?, okay",ahansa
n.f.,uchicago_S_Hassan,ǝhirǝⁿḍ.mp3,https://dsal.uchicago.edu/dictionaries/hassan/audio/00090.mp3,,collar-bone,ǝhirǝⁿḍ
adj.,uchicago_S_Hassan,ahmak.mp3,https://dsal.uchicago.edu/dictionaries/hassan/audio/00091.mp3,,"thick skulled, very foolish, silly, dunce",ahmak
n.,uchicago_S_Hassan,ahtiyāt.mp3,https://dsal.uchicago.edu/dictionaries/hassan/audio/00092.mp3,,"vigilance, watchfulness, care, caution, attention, observation, alertness, awareness",ahtiyāt
n.m.,uchicago_S_Hassan,ajdād.mp3,https://dsal.uchicago.edu/dictionaries/hassan/audio/00093.mp3,,"one from whom a person is descended, a forefather something regarded as a forerunner",ajdād
n.m.,uchicago_S_Hassan,ajal.mp3,https://dsal.uchicago.edu/dictionaries/hassan/audio/00094.mp3,,"death, decease, mortality",ajal
n.m.,uchicago_S_Hassan,ajant.mp3,https://dsal.uchicago.edu/dictionaries/hassan/audio/00095.mp3,,a person that acts or has influence,ajant
n.,uchicago_S_Hassan,ajerʸ.mp3,https://dsal.uchicago.edu/dictionaries/hassan/audio/00096.mp3,,benefit from good deeds,ajerʸ
adj.,uchicago_S_Hassan,ajhal.mp3,https://dsal.uchicago.edu/dictionaries/hassan/audio/00097.mp3,,"most ignorant, ignoramus, dunce",ajhal
adj.,uchicago_S_Hassan,ajīb.mp3,https://dsal.uchicago.edu/dictionaries/hassan/audio/00098.mp3,,"magnificent, superb, fantastic, amazing",ajīb
n.,uchicago_S_Hassan,ajnǝbī.mp3,https://dsal.uchicago.edu/dictionaries/hassan/audio/00099.mp3,,"stranger, foreigner, alien",ajnǝbī
n.,uchicago_S_Hassan,ajvǝnʸ.mp3,https://dsal.uchicago.edu/dictionaries/hassan/audio/00100.mp3,,"a spice of dill, dill seed",ajvǝnʸ
n.f.,uchicago_S_Hassan,akaḍ.mp3,https://dsal.uchicago.edu/dictionaries/hassan/audio/00101.mp3,,"pride, stiffness, vanity, arrogance",akaḍ
adj.,uchicago_S_Hassan,akaḍī.mp3,https://dsal.uchicago.edu/dictionaries/hassan/audio/00102.mp3,,"proud, haughty, arrogant",akaḍī
n.f.,uchicago_S_Hassan,akādmī.mp3,https://dsal.uchicago.edu/dictionaries/hassan/audio/00103.mp3,,academy,akādmī
n.m.,uchicago_S_Hassan,akāl.mp3,https://dsal.uchicago.edu/dictionaries/hassan/audio/00104.mp3,,"timeless, eternal, God’s attribute",akāl
adj.,uchicago_S_Hassan,akbar.mp3,https://dsal.uchicago.edu/dictionaries/hassan/audio/00105.mp3,,"& n.m. greatest, supreme, appellation of a Great Mughal, a male Muslim name",akbar
adv.,uchicago_S_Hassan,aki laṭi.mp3,https://dsal.uchicago.edu/dictionaries/hassan/audio/00106.mp3,,"once, one time, just the once",aki laṭi
adv.,uchicago_S_Hassan,aki pʰiri.mp3,https://dsal.uchicago.edu/dictionaries/hassan/audio/00107.mp3,,"once, one time, just the once",aki pʰiri
indef.,uchicago_S_Hassan,akis.mp3,https://dsal.uchicago.edu/dictionaries/hassan/audio/00108.mp3,,article very frequently employed as an indefinite article,akis
n.f.,uchicago_S_Hassan,akιl.mp3,https://dsal.uchicago.edu/dictionaries/hassan/audio/00109.mp3,,"intelligence, wisdom, sense",akιl
adj.,uchicago_S_Hassan,aklirust.mp3,https://dsal.uchicago.edu/dictionaries/hassan/audio/00110.mp3,,"foolish, stupid, irrational",aklirust
adj.,uchicago_S_Hassan,akliwarǝy.mp3,https://dsal.uchicago.edu/dictionaries/hassan/audio/00111.mp3,,"foolish, stupid, irrational",akliwarǝy
adj.,uchicago_S_Hassan,akliyet.mp3,https://dsal.uchicago.edu/dictionaries/hassan/audio/00112.mp3,,"least, minimum",akliyet
v.,uchicago_S_Hassan,aklι-bakl.mp3,https://dsal.uchicago.edu/dictionaries/hassan/audio/00113.mp3,,"do something foolish, take a wrong decision",aklι-bakl
n.m.,uchicago_S_Hassan,akor.mp3,https://dsal.uchicago.edu/dictionaries/hassan/audio/00114.mp3,,"un-boiled, un-sterilized",akor
adj.,uchicago_S_Hassan,akot.mp3,https://dsal.uchicago.edu/dictionaries/hassan/audio/00115.mp3,,un-spun,akot
adv.,uchicago_S_Hassan,aksar.mp3,https://dsal.uchicago.edu/dictionaries/hassan/audio/00116.mp3,,"mostly, frequently, often",aksar
n.f.,uchicago_S_Hassan,aksǝryēt.mp3,https://dsal.uchicago.edu/dictionaries/hassan/audio/00117.mp3,,majority,aksǝryēt
n.f.,uchicago_S_Hassan,aksīr.mp3,https://dsal.uchicago.edu/dictionaries/hassan/audio/00118.mp3,,"remedy, panacea, alchemy",aksīr
n.m.,uchicago_S_Hassan,aktūbar.mp3,https://dsal.uchicago.edu/dictionaries/hassan/audio/00119.mp3,,October,aktūbar
adj.,uchicago_S_Hassan,akun.mp3,https://dsal.uchicago.edu/dictionaries/hassan/audio/00120.mp3,,"exhausted, tired, weary",akun
n.m.,uchicago_S_Hassan,akūⁿtaⁿt.mp3,https://dsal.uchicago.edu/dictionaries/hassan/audio/00121.mp3,,accountant,akūⁿtaⁿt
adj.,uchicago_S_Hassan,ǝkʸum.mp3,https://dsal.uchicago.edu/dictionaries/hassan/audio/00122.mp3,,"ordinal, first,",ǝkʸum
adv.,uchicago_S_Hassan,akιbī.mp3,https://dsal.uchicago.edu/dictionaries/hassan/audio/00123.mp3,,"alternately, repeated after a day’s gap, occurring in turns",akιbī
n.m.,uchicago_S_Hassan,akιhārι.mp3,https://dsal.uchicago.edu/dictionaries/hassan/audio/00124.mp3,,"gym, fitness centre, arena",akιhārι
adj.,uchicago_S_Hassan,akιhot.mp3,https://dsal.uchicago.edu/dictionaries/hassan/audio/00125.mp3,,"perplexed, confused, disturbed",akιhot
n.m.,uchicago_S_Hassan,akιhə̄ṭʰ.mp3,https://dsal.uchicago.edu/dictionaries/hassan/audio/00126.mp3,,sixty-one,akιhə̄ṭʰ
adj.,uchicago_S_Hassan,akιhə̄ṭʰʸum.mp3,https://dsal.uchicago.edu/dictionaries/hassan/audio/00127.mp3,,sixty-first,akιhə̄ṭʰʸum
adj.,uchicago_S_Hassan,akιnandun.mp3,https://dsal.uchicago.edu/dictionaries/hassan/audio/00128.mp3,,the only-son,akιnandun
n.m.,uchicago_S_Hassan,akιnǝmatʰ.mp3,https://dsal.uchicago.edu/dictionaries/hassan/audio/00129.mp3,,ninety-one,akιnǝmatʰ
adj.,uchicago_S_Hassan,akιnǝmtihʸum.mp3,https://dsal.uchicago.edu/dictionaries/hassan/audio/00130.mp3,,ninety-first,akιnǝmtihʸum
n.m.,uchicago_S_Hassan,akιsattatʰ.mp3,https://dsal.uchicago.edu/dictionaries/hassan/audio/00131.mp3,,seventy-one,akιsattatʰ
adj.,uchicago_S_Hassan,akιsatihʸum.mp3,https://dsal.uchicago.edu/dictionaries/hassan/audio/00132.mp3,,seventy-first,akιsatihʸum
n.m.,uchicago_S_Hassan,akιšītʰ.mp3,https://dsal.uchicago.edu/dictionaries/hassan/audio/00133.mp3,,eighty-one,akιšītʰ
adj.,uchicago_S_Hassan,akιšītihum.mp3,https://dsal.uchicago.edu/dictionaries/hassan/audio/00134.mp3,,eighty-first,akιšītihum
n.m.,uchicago_S_Hassan,akιtrιh.mp3,https://dsal.uchicago.edu/dictionaries/hassan/audio/00135.mp3,,thirty- one,akιtrιh
adj.,uchicago_S_Hassan,akιtrῑhyum.mp3,https://dsal.uchicago.edu/dictionaries/hassan/audio/00136.mp3,,thirty-first,akιtrῑhyum
n.m.,uchicago_S_Hassan,akιtə̄ji.mp3,https://dsal.uchicago.edu/dictionaries/hassan/audio/00137.mp3,,forty-one,akιtə̄ji
adj.,uchicago_S_Hassan,akιtə̄jihiyum.mp3,https://dsal.uchicago.edu/dictionaries/hassan/audio/00138.mp3,,forty-first,akιtə̄jihiyum
n.m.,uchicago_S_Hassan,akιvanzah.mp3,https://dsal.uchicago.edu/dictionaries/hassan/audio/00139.mp3,,fifty-one,akιvanzah
adj.,uchicago_S_Hassan,akιvanzihiyum.mp3,https://dsal.uchicago.edu/dictionaries/hassan/audio/00140.mp3,,fifty-first,akιvanzihiyum
n.m.,uchicago_S_Hassan,akιvoh.mp3,https://dsal.uchicago.edu/dictionaries/hassan/audio/00141.mp3,,twenty-one,akιvoh
adj.,uchicago_S_Hassan,akιvohiyum.mp3,https://dsal.uchicago.edu/dictionaries/hassan/audio/00142.mp3,,twenty-first,akιvohiyum
n.,uchicago_S_Hassan,akʰ akʰ.mp3,https://dsal.uchicago.edu/dictionaries/hassan/audio/00143.mp3,,"distributively, one each, one another",akʰ akʰ
,uchicago_S_Hassan,akʰ akis madǝtʰ karān.mp3,https://dsal.uchicago.edu/dictionaries/hassan/audio/00144.mp3,,phrase help one another,akʰ akis madǝtʰ karān
adj.,uchicago_S_Hassan,akʰ akis pʸeṭʰ.mp3,https://dsal.uchicago.edu/dictionaries/hassan/audio/00145.mp3,,"one after the other, continuous, end-to-end",akʰ akis pʸeṭʰ
adv.,uchicago_S_Hassan,akʰ akis.mp3,https://dsal.uchicago.edu/dictionaries/hassan/audio/00146.mp3,,"one another, similarly",akʰ akis
n.m.,uchicago_S_Hassan,akʰ pʰʸūr.mp3,https://dsal.uchicago.edu/dictionaries/hassan/audio/00147.mp3,,droplet,akʰ pʰʸūr
n.m.,uchicago_S_Hassan,akʰ.mp3,https://dsal.uchicago.edu/dictionaries/hassan/audio/00148.mp3,,one,akʰ
n.,uchicago_S_Hassan,akʰbār nǝvīsī.mp3,https://dsal.uchicago.edu/dictionaries/hassan/audio/00149.mp3,,"journalism, profession of working journalist",akʰbār nǝvīsī
n.,uchicago_S_Hassan,akʰbār.mp3,https://dsal.uchicago.edu/dictionaries/hassan/audio/00150.mp3,,newspaper,akʰbār
n.f.,uchicago_S_Hassan,akʰbārnǝvīs.mp3,https://dsal.uchicago.edu/dictionaries/hassan/audio/00151.mp3,,new writer,akʰbārnǝvīs
n.,uchicago_S_Hassan,akʰlāk.mp3,https://dsal.uchicago.edu/dictionaries/hassan/audio/00152.mp3,,"manners, ethics, virtues, morality",akʰlāk
n.,uchicago_S_Hassan,akʰrājāt.mp3,https://dsal.uchicago.edu/dictionaries/hassan/audio/00153.mp3,,"expenses, charges, costs, disbursement",akʰrājāt
n.f.,uchicago_S_Hassan,al.mp3,https://dsal.uchicago.edu/dictionaries/hassan/audio/00154.mp3,,bitter-guard,al
v.,uchicago_S_Hassan,alāb.mp3,https://dsal.uchicago.edu/dictionaries/hassan/audio/00155.mp3,,"syncopate, synchronize, bring in to line, orchestrate, harmonize, tone",alāb
n.m.,uchicago_S_Hassan,alabdι.mp3,https://dsal.uchicago.edu/dictionaries/hassan/audio/00156.mp3,,"signature, autograph, name",alabdι
adj.,uchicago_S_Hassan,alag alag.mp3,https://dsal.uchicago.edu/dictionaries/hassan/audio/00157.mp3,,"various, a variety of, a range of, diverse",alag alag
adv.,uchicago_S_Hassan,alag kun.mp3,https://dsal.uchicago.edu/dictionaries/hassan/audio/00158.mp3,,"aside, to one side, away, apart, out-of-the-way",alag kun
adj.,uchicago_S_Hassan,alag.mp3,https://dsal.uchicago.edu/dictionaries/hassan/audio/00159.mp3,,"distinct, separate, different, individual, clear",alag
n.f.,uchicago_S_Hassan,amb.mp3,https://dsal.uchicago.edu/dictionaries/hassan/audio/00160.mp3,,mango,amb
n.m.,uchicago_S_Hassan,amb kul.mp3,https://dsal.uchicago.edu/dictionaries/hassan/audio/00161.mp3,,mango tree,amb kul
n.,uchicago_S_Hassan,alākι.mp3,https://dsal.uchicago.edu/dictionaries/hassan/audio/00162.mp3,,"location, estate, land, domain",alākι
n.f.,uchicago_S_Hassan,alam.mp3,https://dsal.uchicago.edu/dictionaries/hassan/audio/00163.mp3,,flag,alam
n.m.,uchicago_S_Hassan,alārām.mp3,https://dsal.uchicago.edu/dictionaries/hassan/audio/00164.mp3,,"alarm, automatic device to arouse from sleep",alārām
n.m.,uchicago_S_Hassan,alāv.mp3,https://dsal.uchicago.edu/dictionaries/hassan/audio/00165.mp3,,"a fire in a pit in the open, a bonfire",alāv
adj.,uchicago_S_Hassan,alāvι.mp3,https://dsal.uchicago.edu/dictionaries/hassan/audio/00166.mp3,,"extra, additional, spare, second, superfluous",alāvι
adv.,uchicago_S_Hassan,albatǝ.mp3,https://dsal.uchicago.edu/dictionaries/hassan/audio/00167.mp3,,"however, although, even though",albatǝ
n.m.,uchicago_S_Hassan,alfāz.mp3,https://dsal.uchicago.edu/dictionaries/hassan/audio/00168.mp3,,"words, vocabulary, expressions",alfāz
adj.,uchicago_S_Hassan,algə̄b.mp3,https://dsal.uchicago.edu/dictionaries/hassan/audio/00169.mp3,,"by chance, all of sudden, unknowing, unawares",algə̄b
n.m.,uchicago_S_Hassan,alim.mp3,https://dsal.uchicago.edu/dictionaries/hassan/audio/00170.mp3,,"knowledge, wisdom, education",alim
n.,uchicago_S_Hassan,ališ.mp3,https://dsal.uchicago.edu/dictionaries/hassan/audio/00171.mp3,,linseed,ališ
n.,uchicago_S_Hassan,aliιtīl.mp3,https://dsal.uchicago.edu/dictionaries/hassan/audio/00172.mp3,,linseed oil,aliιtīl
n.m.,uchicago_S_Hassan,aljabrā.mp3,https://dsal.uchicago.edu/dictionaries/hassan/audio/00173.mp3,,algebra,aljabrā
n.m.,uchicago_S_Hassan,alkāb.mp3,https://dsal.uchicago.edu/dictionaries/hassan/audio/00174.mp3,,"title, appellation",alkāb
n.m.,uchicago_S_Hassan,alkʰǝnās aʦun.mp3,https://dsal.uchicago.edu/dictionaries/hassan/audio/00175.mp3,,"scared, afraid",alkʰǝnās aʦun
adj.,uchicago_S_Hassan,alkʰǝnās ʦʰιnun.mp3,https://dsal.uchicago.edu/dictionaries/hassan/audio/00176.mp3,,"superstitious, fearful, visionary",alkʰǝnās ʦʰιnun
n.m.,uchicago_S_Hassan,alkʰǝnās.mp3,https://dsal.uchicago.edu/dictionaries/hassan/audio/00177.mp3,,"fear, superstition, apprehend, doubt, anxiety",alkʰǝnās
,uchicago_S_Hassan,allah allah karun.mp3,https://dsal.uchicago.edu/dictionaries/hassan/audio/00178.mp3,,"phrase take the name of God, fear God, with great difficulty",allah allah karun
,uchicago_S_Hassan,allah allah kʰə̄r sǝlah.mp3,https://dsal.uchicago.edu/dictionaries/hassan/audio/00179.mp3,,"phrase thank God it is all over, that was end to it",allah allah kʰə̄r sǝlah
v.,uchicago_S_Hassan,allah hu.mp3,https://dsal.uchicago.edu/dictionaries/hassan/audio/00180.mp3,,& phrase worship God,allah hu
n.m.,uchicago_S_Hassan,allah.mp3,https://dsal.uchicago.edu/dictionaries/hassan/audio/00181.mp3,,"āllah, God",allah
interj.,uchicago_S_Hassan,allahu-akbǝr.mp3,https://dsal.uchicago.edu/dictionaries/hassan/audio/00182.mp3,,my goodness,allahu-akbǝr
n.m.,uchicago_S_Hassan,almās.mp3,https://dsal.uchicago.edu/dictionaries/hassan/audio/00183.mp3,,diamond,almās
n.f.,uchicago_S_Hassan,almə̄r.mp3,https://dsal.uchicago.edu/dictionaries/hassan/audio/00184.mp3,,"cabinet, cupboard",almə̄r
adv.,uchicago_S_Hassan,lagbag.mp3,https://dsal.uchicago.edu/dictionaries/hassan/audio/00185.mp3,,"& adj. probably, very likely, quite possible, probable",lagbag
v.,uchicago_S_Hassan,alnāwun.mp3,https://dsal.uchicago.edu/dictionaries/hassan/audio/00186.mp3,,"to shake, shiver, shudder",alnāwun
n.f.,uchicago_S_Hassan,alιvōⁿt.mp3,https://dsal.uchicago.edu/dictionaries/hassan/audio/00187.mp3,,"hang, drape, droop",alιvōⁿt
n.m.,uchicago_S_Hassan,alsēṭʰʸ.mp3,https://dsal.uchicago.edu/dictionaries/hassan/audio/00188.mp3,,"big, fat, overweight, round, heavy",alsēṭʰʸ
n.m.,uchicago_S_Hassan,altʰān.mp3,https://dsal.uchicago.edu/dictionaries/hassan/audio/00189.mp3,,"pub, bar, tavern",altʰān
n.m.,uchicago_S_Hassan,alēkʸšan.mp3,https://dsal.uchicago.edu/dictionaries/hassan/audio/00190.mp3,,"election, voting",alēkʸšan
n.,uchicago_S_Hassan,alι alι.mp3,https://dsal.uchicago.edu/dictionaries/hassan/audio/00191.mp3,,"shivering, shaking",alι alι
n.m.,uchicago_S_Hassan,alι bə̄l.mp3,https://dsal.uchicago.edu/dictionaries/hassan/audio/00192.mp3,,idiot,alι bə̄l
n.f.,uchicago_S_Hassan,alι bə̄n.mp3,https://dsal.uchicago.edu/dictionaries/hassan/audio/00193.mp3,,a plough,alι bə̄n
v.,uchicago_S_Hassan,alι gǝḍ malι gǝḍ tulin.mp3,https://dsal.uchicago.edu/dictionaries/hassan/audio/00194.mp3,,"make a noise, disturb, hoot, clamour",alι gǝḍ malι gǝḍ tulin
n.m.,uchicago_S_Hassan,alι gogōs.mp3,https://dsal.uchicago.edu/dictionaries/hassan/audio/00195.mp3,,"swing, a cradle, the swing rope",alι gogōs
adv.,uchicago_S_Hassan,alι pal.mp3,https://dsal.uchicago.edu/dictionaries/hassan/audio/00196.mp3,,"near, resembling",alι pal
n.,uchicago_S_Hassan,alι pʰāl.mp3,https://dsal.uchicago.edu/dictionaries/hassan/audio/00197.mp3,,ploughshare,alι pʰāl
n.f.,uchicago_S_Hassan,alι trāⁿgιr.mp3,https://dsal.uchicago.edu/dictionaries/hassan/audio/00198.mp3,,"large family, encumbrance, heavy work",alι trāⁿgιr
v.,uchicago_S_Hassan,alι.mp3,https://dsal.uchicago.edu/dictionaries/hassan/audio/00199.mp3,,"shake, quake, tremble",alι
v.,uchicago_S_Hassan,ǝlιrāvun.mp3,https://dsal.uchicago.edu/dictionaries/hassan/audio/00200.mp3,,"shaking, shivering, shudder",ǝlιrāvun
v.,uchicago_S_Hassan,ǝlιrun.mp3,https://dsal.uchicago.edu/dictionaries/hassan/audio/00201.mp3,,shake to,ǝlιrun
n.m.,uchicago_S_Hassan,alιvān.mp3,https://dsal.uchicago.edu/dictionaries/hassan/audio/00202.mp3,,shawl of wool of endangered goat called pǝšmīna,alιvān
n.m.,uchicago_S_Hassan,alι kul.mp3,https://dsal.uchicago.edu/dictionaries/hassan/audio/00203.mp3,,gourd tree,alι kul
conj.,uchicago_S_Hassan,amā.mp3,https://dsal.uchicago.edu/dictionaries/hassan/audio/00204.mp3,,"but, other than, however, although",amā
v.,uchicago_S_Hassan,amal karin.mp3,https://dsal.uchicago.edu/dictionaries/hassan/audio/00205.mp3,,"abide by, act in accordance with, fulfill, obey",amal karin
n.m.,uchicago_S_Hassan,aman.mp3,https://dsal.uchicago.edu/dictionaries/hassan/audio/00206.mp3,,harmony,aman
n.m.,uchicago_S_Hassan,amānat.mp3,https://dsal.uchicago.edu/dictionaries/hassan/audio/00207.mp3,,"buildup, leave, behind, lay down, deposit",amānat
n.,uchicago_S_Hassan,amə̄n jǝhāz.mp3,https://dsal.uchicago.edu/dictionaries/hassan/audio/00208.mp3,,ship,amə̄n jǝhāz
n.m.,uchicago_S_Hassan,and.mp3,https://dsal.uchicago.edu/dictionaries/hassan/audio/00209.mp3,,"border, limit, margin, rim, edging, perimeter, circumference edge",and
adv.,uchicago_S_Hassan,andar kun.mp3,https://dsal.uchicago.edu/dictionaries/hassan/audio/00210.mp3,,"inwards, at home, indoors",andar kun
v.,uchicago_S_Hassan,andar yun.mp3,https://dsal.uchicago.edu/dictionaries/hassan/audio/00211.mp3,,to enter,andar yun
adv.,uchicago_S_Hassan,andar.mp3,https://dsal.uchicago.edu/dictionaries/hassan/audio/00212.mp3,,"& prep. within, inside, in, contained by, indoors, at home, inwards, arrived",andar
n.m.,uchicago_S_Hassan,andēšι.mp3,https://dsal.uchicago.edu/dictionaries/hassan/audio/00213.mp3,,"apprehension, fearfulness",andēšι
adj.,uchicago_S_Hassan,ǝndrʸum.mp3,https://dsal.uchicago.edu/dictionaries/hassan/audio/00214.mp3,,"inner, internal, central, interior, private, personal",ǝndrʸum
adj.,uchicago_S_Hassan,andιrust.mp3,https://dsal.uchicago.edu/dictionaries/hassan/audio/00215.mp3,,"endless, continual, nonstop, never-ending",andιrust
n.m.,uchicago_S_Hassan,aŋ.mp3,https://dsal.uchicago.edu/dictionaries/hassan/audio/00216.mp3,,skin type in reference to heeling of wound,aŋ
adj.,uchicago_S_Hassan,angrēz.mp3,https://dsal.uchicago.edu/dictionaries/hassan/audio/00217.mp3,,English,angrēz
n.f.,uchicago_S_Hassan,angrēzi.mp3,https://dsal.uchicago.edu/dictionaries/hassan/audio/00218.mp3,,English language,angrēzi
adj.,uchicago_S_Hassan,anhǝriš.mp3,https://dsal.uchicago.edu/dictionaries/hassan/audio/00219.mp3,,virgin,anhǝriš
n.f.,uchicago_S_Hassan,anigaṭι.mp3,https://dsal.uchicago.edu/dictionaries/hassan/audio/00220.mp3,,"night, dark, dusk",anigaṭι
n.m.,uchicago_S_Hassan,animι.mp3,https://dsal.uchicago.edu/dictionaries/hassan/audio/00221.mp3,,"rice-gruel, starch",animι
adj.,uchicago_S_Hassan,anjām warə̄y.mp3,https://dsal.uchicago.edu/dictionaries/hassan/audio/00222.mp3,,without conclusion,anjām warə̄y
n.,uchicago_S_Hassan,anjām.mp3,https://dsal.uchicago.edu/dictionaries/hassan/audio/00223.mp3,,"end, conclusion, last part, ending",anjām
n.,uchicago_S_Hassan,ant.mp3,https://dsal.uchicago.edu/dictionaries/hassan/audio/00224.mp3,,"end, finish, ending",ant
v.,uchicago_S_Hassan,anun.mp3,https://dsal.uchicago.edu/dictionaries/hassan/audio/00225.mp3,,"to bring, carry, take, fetch, transport",anun
n.,uchicago_S_Hassan,anwār.mp3,https://dsal.uchicago.edu/dictionaries/hassan/audio/00226.mp3,,"turn, rotation, change, service, shifts",anwār
adv.,uchicago_S_Hassan,apāri.mp3,https://dsal.uchicago.edu/dictionaries/hassan/audio/00227.mp3,,"on the other side, sideways, to the other side",apāri
v.,uchicago_S_Hassan,apīl.mp3,https://dsal.uchicago.edu/dictionaries/hassan/audio/00228.mp3,,an appeal in the law-courts,apīl
n.,uchicago_S_Hassan,apok.mp3,https://dsal.uchicago.edu/dictionaries/hassan/audio/00229.mp3,,"unripe, not ready to be eaten or harvested, immature",apok
adv.,uchicago_S_Hassan,apōr.mp3,https://dsal.uchicago.edu/dictionaries/hassan/audio/00230.mp3,,"across, crosswise, on the cross",apōr
v.,uchicago_S_Hassan,apōr tarun.mp3,https://dsal.uchicago.edu/dictionaries/hassan/audio/00231.mp3,,"go across, cross",apōr tarun
adv.,uchicago_S_Hassan,apōr yepōr.mp3,https://dsal.uchicago.edu/dictionaries/hassan/audio/00232.mp3,,"both the sides, one and the other also",apōr yepōr
adj.,uchicago_S_Hassan,apotur.mp3,https://dsal.uchicago.edu/dictionaries/hassan/audio/00233.mp3,,"childless, barren, sterile, infertile, unfruitful",apotur
n.,uchicago_S_Hassan,aprād.mp3,https://dsal.uchicago.edu/dictionaries/hassan/audio/00234.mp3,,"sin, an offense, a misdeed, a fault, a wicked act",aprād
n.,uchicago_S_Hassan,aprēl.mp3,https://dsal.uchicago.edu/dictionaries/hassan/audio/00235.mp3,,"april, fourth month of the year having thirty days",aprēl
n.,uchicago_S_Hassan,aprēšem.mp3,https://dsal.uchicago.edu/dictionaries/hassan/audio/00236.mp3,,"a surgical procedure, operation",aprēšem
n.,uchicago_S_Hassan,apsarā.mp3,https://dsal.uchicago.edu/dictionaries/hassan/audio/00237.mp3,,very attractive women or girl,apsarā
adj.,uchicago_S_Hassan,aputι.mp3,https://dsal.uchicago.edu/dictionaries/hassan/audio/00238.mp3,,"dirty, filthy, unclean, not new",aputι
n.,uchicago_S_Hassan,apuz.mp3,https://dsal.uchicago.edu/dictionaries/hassan/audio/00239.mp3,,lying,apuz
v.,uchicago_S_Hassan,apuz karun.mp3,https://dsal.uchicago.edu/dictionaries/hassan/audio/00240.mp3,,"lie, incorrect, an untrue statement made with intent to deceive, something that deceive or mislead",apuz karun
v.,uchicago_S_Hassan,apuz wanun.mp3,https://dsal.uchicago.edu/dictionaries/hassan/audio/00241.mp3,,to lie,apuz wanun
n.f.,uchicago_S_Hassan,apuzdǝrī.mp3,https://dsal.uchicago.edu/dictionaries/hassan/audio/00242.mp3,,"perjury, false swearing",apuzdǝrī
n.,uchicago_S_Hassan,apιzʸōr.mp3,https://dsal.uchicago.edu/dictionaries/hassan/audio/00243.mp3,,"one who lies or deceives or mislead others, liar",apιzʸōr
prep.,uchicago_S_Hassan,apə̄ryum.mp3,https://dsal.uchicago.edu/dictionaries/hassan/audio/00244.mp3,,"from one side to other, on the other side",apə̄ryum
n.,uchicago_S_Hassan,apʰιrā tʰapʰarī.mp3,https://dsal.uchicago.edu/dictionaries/hassan/audio/00245.mp3,,"haltingly, confusions, muddle, bewilderment",apʰιrā tʰapʰarī
n.,uchicago_S_Hassan,apʰarvaṭ.mp3,https://dsal.uchicago.edu/dictionaries/hassan/audio/00246.mp3,,a name of a hill in Kashmir,apʰarvaṭ
adj.,uchicago_S_Hassan,apʰur.mp3,https://dsal.uchicago.edu/dictionaries/hassan/audio/00247.mp3,,"titillating, mischievous",apʰur
n.,uchicago_S_Hassan,arab.mp3,https://dsal.uchicago.edu/dictionaries/hassan/audio/00248.mp3,,"Arab, Arabia",arab
adj.,uchicago_S_Hassan,arabī.mp3,https://dsal.uchicago.edu/dictionaries/hassan/audio/00249.mp3,,Arabian,arabī
n.,uchicago_S_Hassan,aram.mp3,https://dsal.uchicago.edu/dictionaries/hassan/audio/00250.mp3,,"wisdom tooth, molar tooth",aram
n.,uchicago_S_Hassan,arbāb.mp3,https://dsal.uchicago.edu/dictionaries/hassan/audio/00251.mp3,,"owners, proprietors, lords, member",arbāb
v.,uchicago_S_Hassan,arbutʰ.mp3,https://dsal.uchicago.edu/dictionaries/hassan/audio/00252.mp3,,pull a long face,arbutʰ
n.,uchicago_S_Hassan,arcǝkʰ.mp3,https://dsal.uchicago.edu/dictionaries/hassan/audio/00253.mp3,,"handcuff, either of a pair of connected steel rings for shackling the wrist of a prisoner",arcǝkʰ
n.,uchicago_S_Hassan,ardābι.mp3,https://dsal.uchicago.edu/dictionaries/hassan/audio/00254.mp3,,feed comprising of grind corn for animals,ardābι
n.,uchicago_S_Hassan,ardə̄l.mp3,https://dsal.uchicago.edu/dictionaries/hassan/audio/00255.mp3,,"orderly, peon",ardə̄l
v.,uchicago_S_Hassan,arer kāsun.mp3,https://dsal.uchicago.edu/dictionaries/hassan/audio/00256.mp3,,"laid waste, corrupt, depraved",arer kāsun
adj.,uchicago_S_Hassan,arer.mp3,https://dsal.uchicago.edu/dictionaries/hassan/audio/00257.mp3,,"sound healthy, good condition, good relation",arer
n.,uchicago_S_Hassan,arfι.mp3,https://dsal.uchicago.edu/dictionaries/hassan/audio/00258.mp3,,"major Haj day, day before sacrificial Eid, day preceding either Eid",arfι
n.,uchicago_S_Hassan,argaj.mp3,https://dsal.uchicago.edu/dictionaries/hassan/audio/00259.mp3,,"a perfume made from sandalwood, rose, saffron, musk",argaj
n.,uchicago_S_Hassan,arhar.mp3,https://dsal.uchicago.edu/dictionaries/hassan/audio/00260.mp3,,"a kind of pulse, arhar",arhar
n.,uchicago_S_Hassan,arhə̄ṭʰ.mp3,https://dsal.uchicago.edu/dictionaries/hassan/audio/00261.mp3,,sixty-eight,arhə̄ṭʰ
adj.,uchicago_S_Hassan,arhῑṭʰʸum.mp3,https://dsal.uchicago.edu/dictionaries/hassan/audio/00262.mp3,,sixty-eighth,arhῑṭʰʸum
adj.,uchicago_S_Hassan,arjent.mp3,https://dsal.uchicago.edu/dictionaries/hassan/audio/00263.mp3,,"urgent, calling for immediate attention",arjent
n.,uchicago_S_Hassan,armān.mp3,https://dsal.uchicago.edu/dictionaries/hassan/audio/00264.mp3,,"wish, desire, wistfulness, longing, yearning",armān
n.,uchicago_S_Hassan,arnamatʰ.mp3,https://dsal.uchicago.edu/dictionaries/hassan/audio/00265.mp3,,ninety-eight,arnamatʰ
adj.,uchicago_S_Hassan,arnamtιhum.mp3,https://dsal.uchicago.edu/dictionaries/hassan/audio/00266.mp3,,ninety-eighth,arnamtιhum
v.,uchicago_S_Hassan,arnιkāl.mp3,https://dsal.uchicago.edu/dictionaries/hassan/audio/00267.mp3,,"& n. suffers or bears pain, run down by misfortune",arnιkāl
n.,uchicago_S_Hassan,arsah.mp3,https://dsal.uchicago.edu/dictionaries/hassan/audio/00268.mp3,,"period, interval, space of time, duration",arsah
n.,uchicago_S_Hassan,arsǝtatʰ.mp3,https://dsal.uchicago.edu/dictionaries/hassan/audio/00269.mp3,,seventy-eight,arsǝtatʰ
adj.,uchicago_S_Hassan,arsǝtʸum.mp3,https://dsal.uchicago.edu/dictionaries/hassan/audio/00270.mp3,,seventy-eighth,arsǝtʸum
n.,uchicago_S_Hassan,aršīt.mp3,https://dsal.uchicago.edu/dictionaries/hassan/audio/00271.mp3,,eighty-eight,aršīt
adj.,uchicago_S_Hassan,aršīttʸum.mp3,https://dsal.uchicago.edu/dictionaries/hassan/audio/00272.mp3,,eighty-eighth,aršīttʸum
n.,uchicago_S_Hassan,artal.mp3,https://dsal.uchicago.edu/dictionaries/hassan/audio/00273.mp3,,"golden-paper, silver-paper",artal
n.,uchicago_S_Hassan,artʰ.mp3,https://dsal.uchicago.edu/dictionaries/hassan/audio/00274.mp3,,"meaning, sense, significance, purpose, significance, intention, meaning, implication",artʰ
n.,uchicago_S_Hassan,ahrι.mp3,https://dsal.uchicago.edu/dictionaries/hassan/audio/00275.mp3,,"fear, threat, danger",ahrι
adv.,uchicago_S_Hassan,artʰātʰ.mp3,https://dsal.uchicago.edu/dictionaries/hassan/audio/00276.mp3,,"in this way, so, therefore",artʰātʰ
n.,uchicago_S_Hassan,ǝrtʰī.mp3,https://dsal.uchicago.edu/dictionaries/hassan/audio/00277.mp3,,"coffin, bier",ǝrtʰī
n.,uchicago_S_Hassan,artrιh.mp3,https://dsal.uchicago.edu/dictionaries/hassan/audio/00278.mp3,,thirty-eight,artrιh
adj.,uchicago_S_Hassan,artrιhʸum.mp3,https://dsal.uchicago.edu/dictionaries/hassan/audio/00279.mp3,,thirty-eighth,artrιhʸum
n.,uchicago_S_Hassan,arʦan.mp3,https://dsal.uchicago.edu/dictionaries/hassan/audio/00280.mp3,,"Hindu worship, a Hindu religious worship, idol worship",arʦan
v.,uchicago_S_Hassan,arʦun.mp3,https://dsal.uchicago.edu/dictionaries/hassan/audio/00281.mp3,,to do worship,arʦun
n.,uchicago_S_Hassan,arun retʰ.mp3,https://dsal.uchicago.edu/dictionaries/hassan/audio/00282.mp3,,"evening star, morning star, Venus",arun retʰ
n.,uchicago_S_Hassan,arvanzah.mp3,https://dsal.uchicago.edu/dictionaries/hassan/audio/00283.mp3,,fifty-eight,arvanzah
adj.,uchicago_S_Hassan,arvanzehʸum.mp3,https://dsal.uchicago.edu/dictionaries/hassan/audio/00284.mp3,,fifty-eighty,arvanzehʸum
adj.,uchicago_S_Hassan,arιvarι.mp3,https://dsal.uchicago.edu/dictionaries/hassan/audio/00285.mp3,,"from one end to other, pierced through across",arιvarι
n.f.,uchicago_S_Hassan,orjān.mp3,https://dsal.uchicago.edu/dictionaries/hassan/audio/00286.mp3,,"health, physical condition, fitness",orjān
n.,uchicago_S_Hassan,arz karanwōl.mp3,https://dsal.uchicago.edu/dictionaries/hassan/audio/00287.mp3,,suppliant,arz karanwōl
n.m.,uchicago_S_Hassan,arz.mp3,https://dsal.uchicago.edu/dictionaries/hassan/audio/00288.mp3,,"appeal, petition, formally request, request",arz
n.,uchicago_S_Hassan,arι.mp3,https://dsal.uchicago.edu/dictionaries/hassan/audio/00289.mp3,,"act of pulling or being pulled, a tug",arι
n.,uchicago_S_Hassan,arιdah.mp3,https://dsal.uchicago.edu/dictionaries/hassan/audio/00290.mp3,,& adj. eighteen,arιdah
adj.,uchicago_S_Hassan,arιdə̄hʸum.mp3,https://dsal.uchicago.edu/dictionaries/hassan/audio/00291.mp3,,eighteenth,arιdə̄hʸum
n.,uchicago_S_Hassan,arιš.mp3,https://dsal.uchicago.edu/dictionaries/hassan/audio/00292.mp3,,"the empyrean, throne, high",arιš
n.,uchicago_S_Hassan,arιtə̄jih.mp3,https://dsal.uchicago.edu/dictionaries/hassan/audio/00293.mp3,,forty-eight,arιtə̄jih
adj.,uchicago_S_Hassan,arιtə̄jihʸum.mp3,https://dsal.uchicago.edu/dictionaries/hassan/audio/00294.mp3,,forty-eighth,arιtə̄jihʸum
n.,uchicago_S_Hassan,arι.mp3,https://dsal.uchicago.edu/dictionaries/hassan/audio/00295.mp3,,creaking of wood,arι
n.,uchicago_S_Hassan,arιz karun.mp3,https://dsal.uchicago.edu/dictionaries/hassan/audio/00296.mp3,,"request, representation, petition",arιz karun
v.,uchicago_S_Hassan,as.mp3,https://dsal.uchicago.edu/dictionaries/hassan/audio/00297.mp3,,"to emit explosive inarticulate vocal sounds expressive of amusement, joy or derision",as
n.,uchicago_S_Hassan,asalāmu-alə̄kum.mp3,https://dsal.uchicago.edu/dictionaries/hassan/audio/00298.mp3,,greeting expression in Muslims,asalāmu-alə̄kum
adv.,uchicago_S_Hassan,asān asān.mp3,https://dsal.uchicago.edu/dictionaries/hassan/audio/00299.mp3,,"gladly, happily",asān asān
n.m.,uchicago_S_Hassan,asan kʰaⁿgālι.mp3,https://dsal.uchicago.edu/dictionaries/hassan/audio/00300.mp3,,"laughter, big smile, burst with laughter, jest, ridicule",asan kʰaⁿgālι
n.,uchicago_S_Hassan,asar.mp3,https://dsal.uchicago.edu/dictionaries/hassan/audio/00301.mp3,,"mark, impression, influence, effect, trace",asar
n.,uchicago_S_Hassan,asatʰ.mp3,https://dsal.uchicago.edu/dictionaries/hassan/audio/00302.mp3,,"an untrue statement made with intent to deceive, something that deceives or misleads",asatʰ
n.m.,uchicago_S_Hassan,asbāb.mp3,https://dsal.uchicago.edu/dictionaries/hassan/audio/00303.mp3,,"baggage, luggage, belongings, cases",asbāb
n.,uchicago_S_Hassan,asbarag.mp3,https://dsal.uchicago.edu/dictionaries/hassan/audio/00304.mp3,,a kind of flower,asbarag
n.,uchicago_S_Hassan,asbǝ.mp3,https://dsal.uchicago.edu/dictionaries/hassan/audio/00305.mp3,,a kind of white colour bee,asbǝ
adj.,uchicago_S_Hassan,asɔndǝr.mp3,https://dsal.uchicago.edu/dictionaries/hassan/audio/00306.mp3,,"ugly, unattractive, unappealing, unlikable",asɔndǝr
adj.,uchicago_S_Hassan,asιl.mp3,https://dsal.uchicago.edu/dictionaries/hassan/audio/00307.mp3,,"noble, polite",asιl
n.,uchicago_S_Hassan,asǝl zāt.mp3,https://dsal.uchicago.edu/dictionaries/hassan/audio/00308.mp3,,"caste, class, origin, background, kind",asǝl zāt
v.,uchicago_S_Hassan,absāwun.mp3,https://dsal.uchicago.edu/dictionaries/hassan/audio/00309.mp3,,to twist thread,absāwun
n.,uchicago_S_Hassan,asambιlī.mp3,https://dsal.uchicago.edu/dictionaries/hassan/audio/00310.mp3,,"assembly, in democratic country members of legislative assembly are being assembled",asambιlī
n.,uchicago_S_Hassan,ashāb.mp3,https://dsal.uchicago.edu/dictionaries/hassan/audio/00311.mp3,,"companions (of the Holy Prophet), friends, comrade",ashāb
n.,uchicago_S_Hassan,aslāf.mp3,https://dsal.uchicago.edu/dictionaries/hassan/audio/00312.mp3,,"forefathers, ancestors, progenitors",aslāf
n.,uchicago_S_Hassan,aslī.mp3,https://dsal.uchicago.edu/dictionaries/hassan/audio/00313.mp3,,"reality, basic facts about origin, genuineness, authentic, purity",aslī
n.,uchicago_S_Hassan,asmān.mp3,https://dsal.uchicago.edu/dictionaries/hassan/audio/00314.mp3,,"the sky, the apparent vault over the earth",asmān
n.,uchicago_S_Hassan,asmə̄n balāy.mp3,https://dsal.uchicago.edu/dictionaries/hassan/audio/00315.mp3,,"devastation, destruction",asmə̄n balāy
n.,uchicago_S_Hassan,asmə̄n ǝnz.mp3,https://dsal.uchicago.edu/dictionaries/hassan/audio/00316.mp3,,"a bird, crane, a large wading bird with very long legs and neck",asmə̄n ǝnz
n.,uchicago_S_Hassan,asmēn.mp3,https://dsal.uchicago.edu/dictionaries/hassan/audio/00317.mp3,,sky blue colour,asmēn
n.,uchicago_S_Hassan,asōsēšǝn.mp3,https://dsal.uchicago.edu/dictionaries/hassan/audio/00318.mp3,,"association, society, union, assembly",asōsēšǝn
n.,uchicago_S_Hassan,astān.mp3,https://dsal.uchicago.edu/dictionaries/hassan/audio/00319.mp3,,"shrine, holy place, memorial",astān
n.,uchicago_S_Hassan,astar.mp3,https://dsal.uchicago.edu/dictionaries/hassan/audio/00320.mp3,,donkey,astar
n.,uchicago_S_Hassan,astǝr.mp3,https://dsal.uchicago.edu/dictionaries/hassan/audio/00321.mp3,,the lining of a garment,astǝr
n.,uchicago_S_Hassan,astʰ.mp3,https://dsal.uchicago.edu/dictionaries/hassan/audio/00322.mp3,,"setting of sun, moon, star etc,",astʰ
adv.,uchicago_S_Hassan,astι astι.mp3,https://dsal.uchicago.edu/dictionaries/hassan/audio/00323.mp3,,"slowly, unhurriedly, bit by bit",astι astι
n.,uchicago_S_Hassan,astι.mp3,https://dsal.uchicago.edu/dictionaries/hassan/audio/00324.mp3,,"cubit, an ancient measure of about 18 inch, the forearm from the elbow to the wrist",astι
n.,uchicago_S_Hassan,asun.mp3,https://dsal.uchicago.edu/dictionaries/hassan/audio/00325.mp3,,"smile, beam, grin",asun
v.,uchicago_S_Hassan,asun trāvun.mp3,https://dsal.uchicago.edu/dictionaries/hassan/audio/00326.mp3,,to laugh,asun trāvun
n.,uchicago_S_Hassan,asūr.mp3,https://dsal.uchicago.edu/dictionaries/hassan/audio/00327.mp3,,"infinite, an unlimited number, quantity, or time period; inestimable, immeasurable, vast, immense",asūr
adj.,uchicago_S_Hassan,asvad.mp3,https://dsal.uchicago.edu/dictionaries/hassan/audio/00328.mp3,,"& n. black, negro",asvad
v.,uchicago_S_Hassan,asʸuv.mp3,https://dsal.uchicago.edu/dictionaries/hassan/audio/00329.mp3,,"unboiled, uncooked",asʸuv
n.,uchicago_S_Hassan,asə̄m.mp3,https://dsal.uchicago.edu/dictionaries/hassan/audio/00330.mp3,,"client, customer, shopper, buyer, purchaser, patron",asə̄m
adj.,uchicago_S_Hassan,asιvun.mp3,https://dsal.uchicago.edu/dictionaries/hassan/audio/00331.mp3,,"cheerful, merry, jocose",asιvun
n.,uchicago_S_Hassan,ašarfī.mp3,https://dsal.uchicago.edu/dictionaries/hassan/audio/00332.mp3,,"gold coin, gold coin worth 16 rupees",ašarfī
n.,uchicago_S_Hassan,ašɔn.mp3,https://dsal.uchicago.edu/dictionaries/hassan/audio/00333.mp3,,auspicious moment in Hindu belief,ašɔn
n.,uchicago_S_Hassan,ašid.mp3,https://dsal.uchicago.edu/dictionaries/hassan/audio/00334.mp3,,September,ašid
n.,uchicago_S_Hassan,aškι.mp3,https://dsal.uchicago.edu/dictionaries/hassan/audio/00335.mp3,,bone joint,aškι
n.,uchicago_S_Hassan,ašrāf.mp3,https://dsal.uchicago.edu/dictionaries/hassan/audio/00336.mp3,,"nice people, gentleman, the high-born, aristocracy, noble",ašrāf
n.,uchicago_S_Hassan,ašrǝful makʰlōkāt.mp3,https://dsal.uchicago.edu/dictionaries/hassan/audio/00337.mp3,,"mankind, man (most eminent of the created beings)",ašrǝful makʰlōkāt
n.,uchicago_S_Hassan,ašṭǝmī.mp3,https://dsal.uchicago.edu/dictionaries/hassan/audio/00338.mp3,,eighth day of Hindu month,ašṭǝmī
n.,uchicago_S_Hassan,ašṭι.mp3,https://dsal.uchicago.edu/dictionaries/hassan/audio/00339.mp3,,eight,ašṭι
adj.,uchicago_S_Hassan,astι.mp3,https://dsal.uchicago.edu/dictionaries/hassan/audio/00340.mp3,,"secretly, on the sly, slowly",astι
n.,uchicago_S_Hassan,ašub.mp3,https://dsal.uchicago.edu/dictionaries/hassan/audio/00341.mp3,,"uproar, ill-luck, tempest, disturbance, tumult",ašub
n.,uchicago_S_Hassan,ašud.mp3,https://dsal.uchicago.edu/dictionaries/hassan/audio/00342.mp3,,a kind of medicine for eye disease,ašud
adj.,uchicago_S_Hassan,ašvǝl.mp3,https://dsal.uchicago.edu/dictionaries/hassan/audio/00343.mp3,,"prostitute, characterless woman",ašvǝl
n.,uchicago_S_Hassan,aṭam bam.mp3,https://dsal.uchicago.edu/dictionaries/hassan/audio/00344.mp3,,atom bomb,aṭam bam
adv.,uchicago_S_Hassan,ati.mp3,https://dsal.uchicago.edu/dictionaries/hassan/audio/00345.mp3,,"there, that place or point, thereabout",ati
n.,uchicago_S_Hassan,atrāf.mp3,https://dsal.uchicago.edu/dictionaries/hassan/audio/00346.mp3,,"direction, side, extremities, environs, outpost, suburbs",atrāf
adj.,uchicago_S_Hassan,atrə̄f.mp3,https://dsal.uchicago.edu/dictionaries/hassan/audio/00347.mp3,,"extravagant person, prodigal, spendthrift",atrə̄f
v.,uchicago_S_Hassan,atur.mp3,https://dsal.uchicago.edu/dictionaries/hassan/audio/00348.mp3,,"a blunder, lacking grace to do something, error, mistake",atur
n.,uchicago_S_Hassan,atvār.mp3,https://dsal.uchicago.edu/dictionaries/hassan/audio/00349.mp3,,"conduct, behaviour, ways, manners, practice, customs",atvār
prep.,uchicago_S_Hassan,atʰ.mp3,https://dsal.uchicago.edu/dictionaries/hassan/audio/00350.mp3,,"with, denotes nearness or agreement",atʰ
n.,uchicago_S_Hassan,atʰarvēd.mp3,https://dsal.uchicago.edu/dictionaries/hassan/audio/00351.mp3,,one of the Hindu scriptures (Hindu Metaphysics Vedanta),atʰarvēd
adj.,uchicago_S_Hassan,atʰuk.mp3,https://dsal.uchicago.edu/dictionaries/hassan/audio/00352.mp3,,anything which is done with hands like handicraft,atʰuk
v.,uchicago_S_Hassan,atʰι anun.mp3,https://dsal.uchicago.edu/dictionaries/hassan/audio/00353.mp3,,"to withdraw, to draw back or away, to retract",atʰι anun
n.,uchicago_S_Hassan,atʰι bāji.mp3,https://dsal.uchicago.edu/dictionaries/hassan/audio/00354.mp3,,"musical instrument, harmonium",atʰι bāji
v.,uchicago_S_Hassan,atʰι mīṭʰ.mp3,https://dsal.uchicago.edu/dictionaries/hassan/audio/00355.mp3,,to kiss hand,atʰι mīṭʰ
n.,uchicago_S_Hassan,atʰι palzun.mp3,https://dsal.uchicago.edu/dictionaries/hassan/audio/00356.mp3,,"help, assistance, reinforcement, aid",atʰι palzun
v.,uchicago_S_Hassan,atʰι pιṭʰrun.mp3,https://dsal.uchicago.edu/dictionaries/hassan/audio/00357.mp3,,to wash hands,atʰι pιṭʰrun
v.,uchicago_S_Hassan,atʰι trāwun.mp3,https://dsal.uchicago.edu/dictionaries/hassan/audio/00358.mp3,,"let go, free, let loose, leave go of, release",atʰι trāwun
n.m.,uchicago_S_Hassan,atʰι.mp3,https://dsal.uchicago.edu/dictionaries/hassan/audio/00359.mp3,,hand,atʰι
n.,uchicago_S_Hassan,atʰι ʦoṭ.mp3,https://dsal.uchicago.edu/dictionaries/hassan/audio/00360.mp3,,"chapati, handmade bread",atʰι ʦoṭ
n.m.,uchicago_S_Hassan,atʰι-panjι.mp3,https://dsal.uchicago.edu/dictionaries/hassan/audio/00361.mp3,,gloves,atʰι-panjι
n.,uchicago_S_Hassan,atʰιvās.mp3,https://dsal.uchicago.edu/dictionaries/hassan/audio/00362.mp3,,"handshake, a grasping and shaking of a person’s hand as a greeting or when concluding an agreement",atʰιvās
adj.,uchicago_S_Hassan,aṭal.mp3,https://dsal.uchicago.edu/dictionaries/hassan/audio/00363.mp3,,"stand up, to with stand criticism, to tolerate, close examination, strong opinion",aṭal
adv.,uchicago_S_Hassan,aṭʰkal.mp3,https://dsal.uchicago.edu/dictionaries/hassan/audio/00364.mp3,,"with interest, devotedly, enthusiastically",aṭʰkal
adj.,uchicago_S_Hassan,aṭʰowuh.mp3,https://dsal.uchicago.edu/dictionaries/hassan/audio/00365.mp3,,twenty-eight,aṭʰowuh
adj.,uchicago_S_Hassan,aṭʰowuhyum.mp3,https://dsal.uchicago.edu/dictionaries/hassan/audio/00366.mp3,,twenty-eighth,aṭʰowuhyum
adv.,uchicago_S_Hassan,aʦnēr.mp3,https://dsal.uchicago.edu/dictionaries/hassan/audio/00367.mp3,,visits and return visits,aʦnēr
adv.,uchicago_S_Hassan,aʦʰunʸ.mp3,https://dsal.uchicago.edu/dictionaries/hassan/audio/00368.mp3,,"breakable, fragileness, delicate, weak, flimsy, poor",aʦʰunʸ
v.,uchicago_S_Hassan,aʦōp.mp3,https://dsal.uchicago.edu/dictionaries/hassan/audio/00369.mp3,,"not masticate, not reduced to a pulp",aʦōp
v.,uchicago_S_Hassan,aʦ.mp3,https://dsal.uchicago.edu/dictionaries/hassan/audio/00370.mp3,,"get in, enter, join",aʦ
v.,uchicago_S_Hassan,aʦun.mp3,https://dsal.uchicago.edu/dictionaries/hassan/audio/00371.mp3,,"to come, to approach, to enter, to finish in a certain position",aʦun
n.,uchicago_S_Hassan,avhāl.mp3,https://dsal.uchicago.edu/dictionaries/hassan/audio/00372.mp3,,"condition, situation, state, circumstances",avhāl
n.,uchicago_S_Hassan,avsat.mp3,https://dsal.uchicago.edu/dictionaries/hassan/audio/00373.mp3,,"average, regular, mean, norm",avsat
adj.,uchicago_S_Hassan,ayāⁿ.mp3,https://dsal.uchicago.edu/dictionaries/hassan/audio/00374.mp3,,"manifest, obvious, patent, clear, visible",ayāⁿ
adv.,uchicago_S_Hassan,az az.mp3,https://dsal.uchicago.edu/dictionaries/hassan/audio/00375.mp3,,"these days, nowadays",az az
adv.,uchicago_S_Hassan,az kāl.mp3,https://dsal.uchicago.edu/dictionaries/hassan/audio/00376.mp3,,these days,az kāl
n.,uchicago_S_Hassan,az kālι.mp3,https://dsal.uchicago.edu/dictionaries/hassan/audio/00377.mp3,,"present day world, modern times, nowadays",az kālι
prvb.,uchicago_S_Hassan,az nǝtι adι kar.mp3,https://dsal.uchicago.edu/dictionaries/hassan/audio/00378.mp3,,do not leave tomorrow what you can do today,az nǝtι adι kar
v.,uchicago_S_Hassan,az pǝgah karun.mp3,https://dsal.uchicago.edu/dictionaries/hassan/audio/00379.mp3,,"& phrase shirk work, put of work, postpone",az pǝgah karun
,uchicago_S_Hassan,az pʸeṭ.mp3,https://dsal.uchicago.edu/dictionaries/hassan/audio/00380.mp3,,"phrase from today, henceforth, hence",az pʸeṭ
adv.,uchicago_S_Hassan,az rātǝs.mp3,https://dsal.uchicago.edu/dictionaries/hassan/audio/00381.mp3,,"that night, this night",az rātǝs
adv.,uchicago_S_Hassan,az šāmǝs.mp3,https://dsal.uchicago.edu/dictionaries/hassan/audio/00382.mp3,,this evening,az šāmǝs
adv.,uchicago_S_Hassan,az subhan.mp3,https://dsal.uchicago.edu/dictionaries/hassan/audio/00383.mp3,,this morning,az subhan
n.,uchicago_S_Hassan,az.mp3,https://dsal.uchicago.edu/dictionaries/hassan/audio/00384.mp3,,"& v. today, this day",az
n.,uchicago_S_Hassan,azāb.mp3,https://dsal.uchicago.edu/dictionaries/hassan/audio/00385.mp3,,"punishment, torture",azāb
n.,uchicago_S_Hassan,azal.mp3,https://dsal.uchicago.edu/dictionaries/hassan/audio/00386.mp3,,"beginning, eternity, source, origin",azal
n.,uchicago_S_Hassan,azalnāmι.mp3,https://dsal.uchicago.edu/dictionaries/hassan/audio/00387.mp3,,"result,luck, fate, fortune, destiny",azalnāmι
n.,uchicago_S_Hassan,azān.mp3,https://dsal.uchicago.edu/dictionaries/hassan/audio/00388.mp3,,a call for prayer in Muslims,azān
n.,uchicago_S_Hassan,azār.mp3,https://dsal.uchicago.edu/dictionaries/hassan/audio/00389.mp3,,"sorrow, grief, sadness, worry",azār
n.,uchicago_S_Hassan,azarwōn.mp3,https://dsal.uchicago.edu/dictionaries/hassan/audio/00390.mp3,,"apprehensive of or hostile towards someone thought of as a rival, resentful, envious",azarwōn
adj.,uchicago_S_Hassan,azǝrwə̄n.mp3,https://dsal.uchicago.edu/dictionaries/hassan/audio/00391.mp3,,"envious, covetous, resentful, jealous",azǝrwə̄n
adj.,uchicago_S_Hassan,azhad.mp3,https://dsal.uchicago.edu/dictionaries/hassan/audio/00392.mp3,,"unrestricted, boundless, illimitable",azhad
adj.,uchicago_S_Hassan,azīmu-šān.mp3,https://dsal.uchicago.edu/dictionaries/hassan/audio/00393.mp3,,"magnificent, wonderful",azīmu-šān
adj.,uchicago_S_Hassan,azīz.mp3,https://dsal.uchicago.edu/dictionaries/hassan/audio/00394.mp3,,"& n. dear, mighty; relative, friend",azīz
n.,uchicago_S_Hassan,azkār gǝʦun.mp3,https://dsal.uchicago.edu/dictionaries/hassan/audio/00395.mp3,,"& v. hinder, handicap, mental or physical impairment",azkār gǝʦun
adj.,uchicago_S_Hassan,azlῑ lōn.mp3,https://dsal.uchicago.edu/dictionaries/hassan/audio/00396.mp3,,"misfortune, unlucky",azlῑ lōn
v.,uchicago_S_Hassan,azmāvun.mp3,https://dsal.uchicago.edu/dictionaries/hassan/audio/00397.mp3,,"to examine critically, try, experiment, test, scrutinize",azmāvun
n.,uchicago_S_Hassan,azmāyiš karin.mp3,https://dsal.uchicago.edu/dictionaries/hassan/audio/00398.mp3,,"examination, trial, test, proof",azmāyiš karin
v.,uchicago_S_Hassan,azmoⁿmut.mp3,https://dsal.uchicago.edu/dictionaries/hassan/audio/00399.mp3,,"tried, examined, checked out",azmoⁿmut
n.f.,uchicago_S_Hassan,azmə̄yiš.mp3,https://dsal.uchicago.edu/dictionaries/hassan/audio/00400.mp3,,"temptation, persuasion, pull, inducement, examnination",azmə̄yiš
adj.,uchicago_S_Hassan,azov.mp3,https://dsal.uchicago.edu/dictionaries/hassan/audio/00401.mp3,,"milk which is not curdled by bacteria, non- fermented milk",azov
adv.,uchicago_S_Hassan,aztām.mp3,https://dsal.uchicago.edu/dictionaries/hassan/audio/00402.mp3,,"till now, yet, so far",aztām
n.,uchicago_S_Hassan,azə̄nʸ.mp3,https://dsal.uchicago.edu/dictionaries/hassan/audio/00403.mp3,,"stranger, foreigner, alien",azə̄nʸ
interj.,uchicago_S_Hassan,ā.mp3,https://dsal.uchicago.edu/dictionaries/hassan/audio/00404.mp3,,"yes, okay, all right",ā
n.m.,uchicago_S_Hassan,āb.mp3,https://dsal.uchicago.edu/dictionaries/hassan/audio/00405.mp3,,water,āb
v.,uchicago_S_Hassan,āb diyun.mp3,https://dsal.uchicago.edu/dictionaries/hassan/audio/00406.mp3,,"water, irrigate, wet, dampen",āb diyun
adj.,uchicago_S_Hassan,ābād.mp3,https://dsal.uchicago.edu/dictionaries/hassan/audio/00407.mp3,,"flourishing, prosperous, successful, affluent, boom",ābād
adj.,uchicago_S_Hassan,ābid.mp3,https://dsal.uchicago.edu/dictionaries/hassan/audio/00408.mp3,,"devout, pious, religious, spiritual, devoted, sincere, deep",ābid
n.f.,uchicago_S_Hassan,ābiru.mp3,https://dsal.uchicago.edu/dictionaries/hassan/audio/00409.mp3,,"dignity, self-respect, solemnity",ābiru
n.m.,uchicago_S_Hassan,ābkʰur.mp3,https://dsal.uchicago.edu/dictionaries/hassan/audio/00410.mp3,,tumbler,ābkʰur
n.m.,uchicago_S_Hassan,ābšār.mp3,https://dsal.uchicago.edu/dictionaries/hassan/audio/00411.mp3,,"waterfall, falls, cascade",ābšār
v.,uchicago_S_Hassan,ābι gaⁿḍ yin.mp3,https://dsal.uchicago.edu/dictionaries/hassan/audio/00412.mp3,,"fill with tears, fill up",ābι gaⁿḍ yin
n.,uchicago_S_Hassan,āb-ι-hawā.mp3,https://dsal.uchicago.edu/dictionaries/hassan/audio/00413.mp3,,"climate, weather, environment, mood, feeling, conditions, atmosphere",āb-ι-hawā
n.,uchicago_S_Hassan,ādam.mp3,https://dsal.uchicago.edu/dictionaries/hassan/audio/00414.mp3,,"Adam, human being",ādam
adj.,uchicago_S_Hassan,ādat karun.mp3,https://dsal.uchicago.edu/dictionaries/hassan/audio/00415.mp3,,"accustomed to, used to, familiar, habituated, adapted",ādat karun
n.m.,uchicago_S_Hassan,ādat.mp3,https://dsal.uchicago.edu/dictionaries/hassan/audio/00416.mp3,,"habit, routine, usage, practice, custom, tradition",ādat
n.,uchicago_S_Hassan,āftāb kʰasun.mp3,https://dsal.uchicago.edu/dictionaries/hassan/audio/00417.mp3,,"sunrise, sunup, break of day",āftāb kʰasun
n.m.,uchicago_S_Hassan,āftāb.mp3,https://dsal.uchicago.edu/dictionaries/hassan/audio/00418.mp3,,the sun,āftāb
adj.,uchicago_S_Hassan,āgah.mp3,https://dsal.uchicago.edu/dictionaries/hassan/audio/00419.mp3,,"aware, attentive, responsive, awake, conscious",āgah
v.,uchicago_S_Hassan,āgah karun.mp3,https://dsal.uchicago.edu/dictionaries/hassan/audio/00420.mp3,,"acquainted, aware",āgah karun
n.,uchicago_S_Hassan,āgiyā.mp3,https://dsal.uchicago.edu/dictionaries/hassan/audio/00421.mp3,,"permission, consent, go-ahead, agreement",āgiyā
n.m.,uchicago_S_Hassan,āgι.mp3,https://dsal.uchicago.edu/dictionaries/hassan/audio/00422.mp3,,master,āgι
n.m.,uchicago_S_Hassan,ākāš.mp3,https://dsal.uchicago.edu/dictionaries/hassan/audio/00423.mp3,,intelligent,ākāš
n.m.,uchicago_S_Hassan,ākāš.mp3,https://dsal.uchicago.edu/dictionaries/hassan/audio/00424.mp3,,"space, the sky",ākāš
n.m.,uchicago_S_Hassan,ālam.mp3,https://dsal.uchicago.edu/dictionaries/hassan/audio/00425.mp3,,"world, globe, planet, humankind, humanity",ālam
n.f.,uchicago_S_Hassan,ālat.mp3,https://dsal.uchicago.edu/dictionaries/hassan/audio/00426.mp3,,the male copulative and urinary organ in mammals,ālat
v.,uchicago_S_Hassan,ālav.mp3,https://dsal.uchicago.edu/dictionaries/hassan/audio/00427.mp3,,"call, call out, invite",ālav
adj.,uchicago_S_Hassan,ālʦī.mp3,https://dsal.uchicago.edu/dictionaries/hassan/audio/00428.mp3,,"lazy, idle, lethargic, sluggish",ālʦī
n.,uchicago_S_Hassan,ām.mp3,https://dsal.uchicago.edu/dictionaries/hassan/audio/00429.mp3,,"common, ordinary, frequent, general, familiar, regular",ām
n.f.,uchicago_S_Hassan,āmιdraftι.mp3,https://dsal.uchicago.edu/dictionaries/hassan/audio/00430.mp3,,"traffic, interchange, transfer, transaction, crossing point",āmιdraftι
n.m.,uchicago_S_Hassan,āⁿgun.mp3,https://dsal.uchicago.edu/dictionaries/hassan/audio/00431.mp3,,"courtyard, square, open space",āⁿgun
v.,uchicago_S_Hassan,āⁿkar karun.mp3,https://dsal.uchicago.edu/dictionaries/hassan/audio/00432.mp3,,to confess,āⁿkar karun
n.,uchicago_S_Hassan,āⁿkār.mp3,https://dsal.uchicago.edu/dictionaries/hassan/audio/00433.mp3,,"a confession, admission, agreement, acknowledgment, admission",āⁿkār
n.,uchicago_S_Hassan,āpat.mp3,https://dsal.uchicago.edu/dictionaries/hassan/audio/00434.mp3,,"a calamity, misfortune",āpat
n.,uchicago_S_Hassan,ār.mp3,https://dsal.uchicago.edu/dictionaries/hassan/audio/00435.mp3,,"mercy, pity, sympathy, compassion, mercy, forgiveness",ār
n.m.,uchicago_S_Hassan,āram.mp3,https://dsal.uchicago.edu/dictionaries/hassan/audio/00436.mp3,,greengrocer,āram
n.m.,uchicago_S_Hassan,ārām.mp3,https://dsal.uchicago.edu/dictionaries/hassan/audio/00437.mp3,,"ease, effortlessness, no difficulty, straightforwardness, rest, relaxation",ārām
n.f.,uchicago_S_Hassan,ārmenʸ.mp3,https://dsal.uchicago.edu/dictionaries/hassan/audio/00438.mp3,,greengrocer’s wife,ārmenʸ
n.m.,uchicago_S_Hassan,ārι.mp3,https://dsal.uchicago.edu/dictionaries/hassan/audio/00439.mp3,,measurement of wrist girth for bangle size,ārι
n.m.,uchicago_S_Hassan,ārι.mp3,https://dsal.uchicago.edu/dictionaries/hassan/audio/00440.mp3,,"torrent, stream, rivulet",ārι
adj.,uchicago_S_Hassan,ārιborut.mp3,https://dsal.uchicago.edu/dictionaries/hassan/audio/00441.mp3,,"merciful, pitiful, pathetic, unfortunate",ārιborut
adj.,uchicago_S_Hassan,āsān.mp3,https://dsal.uchicago.edu/dictionaries/hassan/audio/00442.mp3,,"easy, simple, trouble-free, painless",āsān
n.m.,uchicago_S_Hassan,āsmān.mp3,https://dsal.uchicago.edu/dictionaries/hassan/audio/00443.mp3,,"sky, the blue, atmosphere",āsmān
n.f.,uchicago_S_Hassan,āšenʸ.mp3,https://dsal.uchicago.edu/dictionaries/hassan/audio/00444.mp3,,"wife, spouse",āšenʸ
n.m.,uchicago_S_Hassan,āšik.mp3,https://dsal.uchicago.edu/dictionaries/hassan/audio/00445.mp3,,lover,āšik
n.,uchicago_S_Hassan,āšram.mp3,https://dsal.uchicago.edu/dictionaries/hassan/audio/00446.mp3,,"asylum, haven, shelter, refuge",āšram
adj.,uchicago_S_Hassan,āsun.mp3,https://dsal.uchicago.edu/dictionaries/hassan/audio/00447.mp3,,"to be, designation, future",āsun
n.,uchicago_S_Hassan,āsι.mp3,https://dsal.uchicago.edu/dictionaries/hassan/audio/00448.mp3,,"stick, staff, scepter, mace, club",āsι
adv.,uchicago_S_Hassan,āsə̄nī pə̄ṭʰ.mp3,https://dsal.uchicago.edu/dictionaries/hassan/audio/00449.mp3,,"easily, with ease, effortlessness, no difficulty, straightforwardness, with no trouble",āsə̄nī pə̄ṭʰ
n.f.,uchicago_S_Hassan,āsə̄nī.mp3,https://dsal.uchicago.edu/dictionaries/hassan/audio/00450.mp3,,"facility, service, provision",āsə̄nī
n.,uchicago_S_Hassan,ātǝš gōlι.mp3,https://dsal.uchicago.edu/dictionaries/hassan/audio/00451.mp3,,"rocket, sky rocket",ātǝš gōlι
n.f.,uchicago_S_Hassan,āwalūn.mp3,https://dsal.uchicago.edu/dictionaries/hassan/audio/00452.mp3,,whirlpool,āwalūn
adj.,uchicago_S_Hassan,āwārι.mp3,https://dsal.uchicago.edu/dictionaries/hassan/audio/00453.mp3,,"dissolute, rakish, morally wrong, dissipated",āwārι
n.m.,uchicago_S_Hassan,āwārι-jamāt.mp3,https://dsal.uchicago.edu/dictionaries/hassan/audio/00454.mp3,,"wanderer, gangster, hooligan,",āwārι-jamāt
n.m.,uchicago_S_Hassan,āwārι-gard.mp3,https://dsal.uchicago.edu/dictionaries/hassan/audio/00455.mp3,,"wanderer, rover, rambler",āwārι-gard
n.,uchicago_S_Hassan,āwāz.mp3,https://dsal.uchicago.edu/dictionaries/hassan/audio/00456.mp3,,"& v. voice, accent, tone. ability to speak, express, state",āwāz
n.m.,uchicago_S_Hassan,āwrenʸ.mp3,https://dsal.uchicago.edu/dictionaries/hassan/audio/00457.mp3,,"grave-yard, cemetery",āwrenʸ
v.,uchicago_S_Hassan,āwun.mp3,https://dsal.uchicago.edu/dictionaries/hassan/audio/00458.mp3,,"to tempt, persuade, win over, change somebody's mind",āwun
adj.,uchicago_S_Hassan,āzād.mp3,https://dsal.uchicago.edu/dictionaries/hassan/audio/00459.mp3,,"free, open, liberated, unbound",āzād
v.,uchicago_S_Hassan,āzurdι karun.mp3,https://dsal.uchicago.edu/dictionaries/hassan/audio/00460.mp3,,to hurt,āzurdι karun
n.f.,uchicago_S_Hassan,āzə̄di.mp3,https://dsal.uchicago.edu/dictionaries/hassan/audio/00461.mp3,,"freedom, liberty, autonomy, independence",āzə̄di
n.f.,uchicago_S_Hassan,bab.mp3,https://dsal.uchicago.edu/dictionaries/hassan/audio/00462.mp3,,breast,bab
n.m.,uchicago_S_Hassan,bab.mp3,https://dsal.uchicago.edu/dictionaries/hassan/audio/00463.mp3,,"father, grandfather, or other ancestor",bab
n.m.pl.,uchicago_S_Hassan,babι ṭeⁿḍ.mp3,https://dsal.uchicago.edu/dictionaries/hassan/audio/00464.mp3,,nipple of the breast of a human being or beast,babι ṭeⁿḍ
n.f.,uchicago_S_Hassan,babι.mp3,https://dsal.uchicago.edu/dictionaries/hassan/audio/00465.mp3,,udder,babι
v.,uchicago_S_Hassan,bacāwun.mp3,https://dsal.uchicago.edu/dictionaries/hassan/audio/00466.mp3,,"to save, put aside, keep, conserve",bacāwun
n.m.,uchicago_S_Hassan,bacet.mp3,https://dsal.uchicago.edu/dictionaries/hassan/audio/00467.mp3,,"saving, economy, cutback, economy, reduction",bacet
n.,uchicago_S_Hassan,baci.mp3,https://dsal.uchicago.edu/dictionaries/hassan/audio/00468.mp3,,"kid, a cild",baci
n.m.,uchicago_S_Hassan,bacidə̄nʸ.mp3,https://dsal.uchicago.edu/dictionaries/hassan/audio/00469.mp3,,"uterus, womb",bacidə̄nʸ
n.m.,uchicago_S_Hassan,baci-kut.mp3,https://dsal.uchicago.edu/dictionaries/hassan/audio/00470.mp3,,dance boy,baci-kut
v.,uchicago_S_Hassan,bacun.mp3,https://dsal.uchicago.edu/dictionaries/hassan/audio/00471.mp3,,"get rid of, get away, throw away, escape",bacun
adj.,uchicago_S_Hassan,bad andēš.mp3,https://dsal.uchicago.edu/dictionaries/hassan/audio/00472.mp3,,"envious, jealous, resentful",bad andēš
n.f.,uchicago_S_Hassan,bad bū.mp3,https://dsal.uchicago.edu/dictionaries/hassan/audio/00473.mp3,,stink,bad bū
n.,uchicago_S_Hassan,bad dā.mp3,https://dsal.uchicago.edu/dictionaries/hassan/audio/00474.mp3,,"cursing, nuisance, annoyance",bad dā
n.,uchicago_S_Hassan,baḍ māz.mp3,https://dsal.uchicago.edu/dictionaries/hassan/audio/00475.mp3,,beef,baḍ māz
n.,uchicago_S_Hassan,badal akʰ.mp3,https://dsal.uchicago.edu/dictionaries/hassan/audio/00476.mp3,,"substitute, alternate, replacement",badal akʰ
adv.,uchicago_S_Hassan,badal.mp3,https://dsal.uchicago.edu/dictionaries/hassan/audio/00477.mp3,,"instead, as an alternative, as a substitute, in its place",badal
v.,uchicago_S_Hassan,baḍāwun.mp3,https://dsal.uchicago.edu/dictionaries/hassan/audio/00478.mp3,,"improve, get better, advance, progress, develop, add to, boost",baḍāwun
adj.,uchicago_S_Hassan,badbakʰt.mp3,https://dsal.uchicago.edu/dictionaries/hassan/audio/00479.mp3,,"unfortunate, ill-fated, unlucky",badbakʰt
n.,uchicago_S_Hassan,badlι.mp3,https://dsal.uchicago.edu/dictionaries/hassan/audio/00480.mp3,,"revenge, reprisal, vengeance",badlι
adj.,uchicago_S_Hassan,badmāš.mp3,https://dsal.uchicago.edu/dictionaries/hassan/audio/00481.mp3,,"defame, deprecate, intoxicated, drunk, under the influence",badmāš
v.,uchicago_S_Hassan,badnām karun.mp3,https://dsal.uchicago.edu/dictionaries/hassan/audio/00482.mp3,,"defame, deprecate, disparage, insult",badnām karun
v.,uchicago_S_Hassan,bǝḍrāv.mp3,https://dsal.uchicago.edu/dictionaries/hassan/audio/00483.mp3,,"sink, go under, go under the surface, drop",bǝḍrāv
adj.,uchicago_S_Hassan,bad-šakl.mp3,https://dsal.uchicago.edu/dictionaries/hassan/audio/00484.mp3,,"deformed, ugly, unappealing, distasteful",bad-šakl
adj.,uchicago_S_Hassan,bad-sūrat.mp3,https://dsal.uchicago.edu/dictionaries/hassan/audio/00485.mp3,,"ugly, unattractive, unsightly, horrible, nasty, horrible",bad-sūrat
adv.,uchicago_S_Hassan,baḍun.mp3,https://dsal.uchicago.edu/dictionaries/hassan/audio/00486.mp3,,"falling, tumbling, tumbling, dropping, dipping, plummeting, sinking",baḍun
n.f.,uchicago_S_Hassan,bagāwat karin.mp3,https://dsal.uchicago.edu/dictionaries/hassan/audio/00487.mp3,,"revolt, insurgency, rebellion",bagāwat karin
n.,uchicago_S_Hassan,bah.mp3,https://dsal.uchicago.edu/dictionaries/hassan/audio/00488.mp3,,twelve,bah
n.m.,uchicago_S_Hassan,bah.mp3,https://dsal.uchicago.edu/dictionaries/hassan/audio/00489.mp3,,"vapor, spray, steam",bah
adj.,uchicago_S_Hassan,bahādur.mp3,https://dsal.uchicago.edu/dictionaries/hassan/audio/00490.mp3,,"brave, courageous, heroic, bold, daring, fearless",bahādur
n.f.,uchicago_S_Hassan,bahādurī.mp3,https://dsal.uchicago.edu/dictionaries/hassan/audio/00491.mp3,,"courage, bravery, guts, daring, audacity",bahādurī
v.,uchicago_S_Hassan,bahānι karun.mp3,https://dsal.uchicago.edu/dictionaries/hassan/audio/00492.mp3,,"pretend, make believe, act as if, make up, play",bahānι karun
n.,uchicago_S_Hassan,bahānι.mp3,https://dsal.uchicago.edu/dictionaries/hassan/audio/00493.mp3,,"cause, reason, motivation, grounds, pretence",bahānι
n.m.,uchicago_S_Hassan,bahār.mp3,https://dsal.uchicago.edu/dictionaries/hassan/audio/00494.mp3,,Spring,bahār
n.,uchicago_S_Hassan,bahaʦ.mp3,https://dsal.uchicago.edu/dictionaries/hassan/audio/00495.mp3,,"contention, debate, controversy, argument, opinion, claim, disputation",bahaʦ
n.,uchicago_S_Hassan,bajerʸ.mp3,https://dsal.uchicago.edu/dictionaries/hassan/audio/00496.mp3,,"largeness, large size, expansiveness, seniority, position, superiority, rank",bajerʸ
adj.,uchicago_S_Hassan,bakʰil.mp3,https://dsal.uchicago.edu/dictionaries/hassan/audio/00497.mp3,,"stingy, miserly, tightfisted, penny-pinching",bakʰil
n.f.,uchicago_S_Hassan,bakʰšiš.mp3,https://dsal.uchicago.edu/dictionaries/hassan/audio/00498.mp3,,"gratuity, reward, payment, incentive",bakʰšiš
v.,uchicago_S_Hassan,bakʰšun.mp3,https://dsal.uchicago.edu/dictionaries/hassan/audio/00499.mp3,,"endow, give, leave confer on, hand down, bequeath, to forgive, pardon, excuse, forgive and forget",bakʰšun
n.,uchicago_S_Hassan,bakʰt.mp3,https://dsal.uchicago.edu/dictionaries/hassan/audio/00500.mp3,,"luck, fortune, good luck, good fortune, godsend",bakʰt
adj.,uchicago_S_Hassan,bakʰtāwār.mp3,https://dsal.uchicago.edu/dictionaries/hassan/audio/00501.mp3,,"lucky, fortunate, blessed, auspicious",bakʰtāwār
adj.,uchicago_S_Hassan,bakʰtι boḍ.mp3,https://dsal.uchicago.edu/dictionaries/hassan/audio/00502.mp3,,"successful, star, thriving",bakʰtι boḍ
n.f.,uchicago_S_Hassan,balāy.mp3,https://dsal.uchicago.edu/dictionaries/hassan/audio/00503.mp3,,"calamity, disaster, tragedy",balāy
n.m.,uchicago_S_Hassan,balgam.mp3,https://dsal.uchicago.edu/dictionaries/hassan/audio/00504.mp3,,phlegm,balgam
adj.,uchicago_S_Hassan,balun.mp3,https://dsal.uchicago.edu/dictionaries/hassan/audio/00505.mp3,,"fine, well, in good health, all right",balun
adj.,uchicago_S_Hassan,balʸōmut.mp3,https://dsal.uchicago.edu/dictionaries/hassan/audio/00506.mp3,,"recovered, healthier, in good health, well again, improved",balʸōmut
n.m.,uchicago_S_Hassan,bamʦūⁿṭ.mp3,https://dsal.uchicago.edu/dictionaries/hassan/audio/00507.mp3,,quince,bamʦūⁿṭ
adj.,uchicago_S_Hassan,banafšā.mp3,https://dsal.uchicago.edu/dictionaries/hassan/audio/00508.mp3,,violet,banafšā
v.,uchicago_S_Hassan,banāwun.mp3,https://dsal.uchicago.edu/dictionaries/hassan/audio/00509.mp3,,"to form, construct, develop, establis",banāwun
n.f.,uchicago_S_Hassan,baⁿd gōbi.mp3,https://dsal.uchicago.edu/dictionaries/hassan/audio/00510.mp3,,cabbage,baⁿd gōbi
n.,uchicago_S_Hassan,band.mp3,https://dsal.uchicago.edu/dictionaries/hassan/audio/00511.mp3,,a type of bread,band
v.,uchicago_S_Hassan,baⁿd karun.mp3,https://dsal.uchicago.edu/dictionaries/hassan/audio/00512.mp3,,"lock up, detain, imprison, jail, restrain, hold down, control, bring under control",baⁿd karun
v.,uchicago_S_Hassan,band tʰāwun.mp3,https://dsal.uchicago.edu/dictionaries/hassan/audio/00513.mp3,,"mortgage, to shut, close, lock , put down the lid",band tʰāwun
v.,uchicago_S_Hassan,baⁿd.mp3,https://dsal.uchicago.edu/dictionaries/hassan/audio/00514.mp3,,"close, shut, lock, seal, close up, put up the shutters",baⁿd
n.m.,uchicago_S_Hassan,band.mp3,https://dsal.uchicago.edu/dictionaries/hassan/audio/00515.mp3,,"joint, linkage, bone joint",band
n.m.,uchicago_S_Hassan,baⁿdubast.mp3,https://dsal.uchicago.edu/dictionaries/hassan/audio/00516.mp3,,"settlement, resolution, agreement, payment",baⁿdubast
n.,uchicago_S_Hassan,bandūk barun.mp3,https://dsal.uchicago.edu/dictionaries/hassan/audio/00517.mp3,,load a gun,bandūk barun
n.m.,uchicago_S_Hassan,bandūk.mp3,https://dsal.uchicago.edu/dictionaries/hassan/audio/00518.mp3,,gun,bandūk
n.m.,uchicago_S_Hassan,bandūkgar.mp3,https://dsal.uchicago.edu/dictionaries/hassan/audio/00519.mp3,,gun maker,bandūkgar
n.,uchicago_S_Hassan,bandιgī.mp3,https://dsal.uchicago.edu/dictionaries/hassan/audio/00520.mp3,,"compliments, respects, greetings",bandιgī
n.m.,uchicago_S_Hassan,bang kul.mp3,https://dsal.uchicago.edu/dictionaries/hassan/audio/00521.mp3,,"Indian hemp, poppy",bang kul
n.,uchicago_S_Hassan,bangι.mp3,https://dsal.uchicago.edu/dictionaries/hassan/audio/00522.mp3,,Indian hemp,bangι
adj.,uchicago_S_Hassan,banjer.mp3,https://dsal.uchicago.edu/dictionaries/hassan/audio/00523.mp3,,"barren land, infertile, unproductive unfruitful harsh",banjer
v.,uchicago_S_Hassan,banōvmut.mp3,https://dsal.uchicago.edu/dictionaries/hassan/audio/00524.mp3,,"made, created, built, crafted",banōvmut
v.,uchicago_S_Hassan,banun.mp3,https://dsal.uchicago.edu/dictionaries/hassan/audio/00525.mp3,,"become, developed into, turn into, happen to, befall",banun
n.m.,uchicago_S_Hassan,bar.mp3,https://dsal.uchicago.edu/dictionaries/hassan/audio/00526.mp3,,door,bar
v.,uchicago_S_Hassan,bar diyun.mp3,https://dsal.uchicago.edu/dictionaries/hassan/audio/00527.mp3,,to shut the door,bar diyun
adj.,uchicago_S_Hassan,barābar.mp3,https://dsal.uchicago.edu/dictionaries/hassan/audio/00528.mp3,,"equal, equivalent, like, the same, one and the same, even, unvarying, stable, regular",barābar
n.m.,uchicago_S_Hassan,barābarī.mp3,https://dsal.uchicago.edu/dictionaries/hassan/audio/00529.mp3,,"accord, agreement, harmony, unity, concurrence",barābarī
v.,uchicago_S_Hassan,barbād karun.mp3,https://dsal.uchicago.edu/dictionaries/hassan/audio/00530.mp3,,"destroy, devastate, tear down, demolish, wipe out, damage, ruin",barbād karun
n.,uchicago_S_Hassan,bardāšt.mp3,https://dsal.uchicago.edu/dictionaries/hassan/audio/00531.mp3,,"endurance, staying power, patience, stamina",bardāšt
v.,uchicago_S_Hassan,baritʰ karun.mp3,https://dsal.uchicago.edu/dictionaries/hassan/audio/00532.mp3,,to fill,baritʰ karun
adj.,uchicago_S_Hassan,barītʰ.mp3,https://dsal.uchicago.edu/dictionaries/hassan/audio/00533.mp3,,"full, filled, complete, stuffed",barītʰ
prep.,uchicago_S_Hassan,barkʰilāf.mp3,https://dsal.uchicago.edu/dictionaries/hassan/audio/00534.mp3,,"against, adjacent to, in opposition to, not in favour, anti, critical of opposed to, versus",barkʰilāf
adj.,uchicago_S_Hassan,barōbar.mp3,https://dsal.uchicago.edu/dictionaries/hassan/audio/00535.mp3,,"like, similar, comparable",barōbar
n.m.,uchicago_S_Hassan,bartan.mp3,https://dsal.uchicago.edu/dictionaries/hassan/audio/00536.mp3,,utensil,bartan
n.m.,uchicago_S_Hassan,brιtʰā.mp3,https://dsal.uchicago.edu/dictionaries/hassan/audio/00537.mp3,,husband,brιtʰā
n.,uchicago_S_Hassan,basanwōl.mp3,https://dsal.uchicago.edu/dictionaries/hassan/audio/00538.mp3,,"inhabitant, resident, citizen, occupant",basanwōl
n.m.,uchicago_S_Hassan,baskīn.mp3,https://dsal.uchicago.edu/dictionaries/hassan/audio/00539.mp3,,"tenant, occupant, paying guest, resident, leaseholder",baskīn
n.m.,uchicago_S_Hassan,bastūr.mp3,https://dsal.uchicago.edu/dictionaries/hassan/audio/00540.mp3,,"sack, bag, backpack",bastūr
n.m.,uchicago_S_Hassan,bastι.mp3,https://dsal.uchicago.edu/dictionaries/hassan/audio/00541.mp3,,"wallet, folder, file, holder, case",bastι
v.,uchicago_S_Hassan,basun.mp3,https://dsal.uchicago.edu/dictionaries/hassan/audio/00542.mp3,,"dwell, reside, stay, inhabit, settle",basun
n.m.,uchicago_S_Hassan,batʰι.mp3,https://dsal.uchicago.edu/dictionaries/hassan/audio/00543.mp3,,kiln,batʰι
n.m.,uchicago_S_Hassan,batuk.mp3,https://dsal.uchicago.edu/dictionaries/hassan/audio/00544.mp3,,drake,batuk
v.,uchicago_S_Hassan,bayāⁿ karun.mp3,https://dsal.uchicago.edu/dictionaries/hassan/audio/00545.mp3,,"describe, explain, portray, illustrate, give a picture of",bayāⁿ karun
n.f.,uchicago_S_Hassan,baṭʸen.mp3,https://dsal.uchicago.edu/dictionaries/hassan/audio/00546.mp3,,Kashmiri Hindu female,baṭʸen
n.f.,uchicago_S_Hassan,batʸι.mp3,https://dsal.uchicago.edu/dictionaries/hassan/audio/00547.mp3,,wick,batʸι
v.,uchicago_S_Hassan,batι dʸun.mp3,https://dsal.uchicago.edu/dictionaries/hassan/audio/00548.mp3,,to feed,batι dʸun
n.m.,uchicago_S_Hassan,baṭι.mp3,https://dsal.uchicago.edu/dictionaries/hassan/audio/00549.mp3,,Kasmiri Hindu male,baṭι
n.m.,uchicago_S_Hassan,batι.mp3,https://dsal.uchicago.edu/dictionaries/hassan/audio/00550.mp3,,"rice, cooked rice",batι
n.f.,uchicago_S_Hassan,batιj.mp3,https://dsal.uchicago.edu/dictionaries/hassan/audio/00551.mp3,,duck,batιj
n.m.,uchicago_S_Hassan,baṭιwāⁿgun.mp3,https://dsal.uchicago.edu/dictionaries/hassan/audio/00552.mp3,,tomato,baṭιwāⁿgun
n.f.,uchicago_S_Hassan,baṭιwār.mp3,https://dsal.uchicago.edu/dictionaries/hassan/audio/00553.mp3,,"Saturday, the seventh and last day of week",baṭιwār
n.f.,uchicago_S_Hassan,bawāsīr.mp3,https://dsal.uchicago.edu/dictionaries/hassan/audio/00554.mp3,,hemorrhoids,bawāsīr
n.f.,uchicago_S_Hassan,bakwās.mp3,https://dsal.uchicago.edu/dictionaries/hassan/audio/00555.mp3,,"chat, talk nonsense, jabber",bakwās
adj.,uchicago_S_Hassan,bayāⁿ.mp3,https://dsal.uchicago.edu/dictionaries/hassan/audio/00556.mp3,,"eloquent, fluent, well-expressed, expressive",bayāⁿ
n.,uchicago_S_Hassan,bayāⁿbāⁿ.mp3,https://dsal.uchicago.edu/dictionaries/hassan/audio/00557.mp3,,"desert, wasteland, barren region",bayāⁿbāⁿ
adj.,uchicago_S_Hassan,bazāz.mp3,https://dsal.uchicago.edu/dictionaries/hassan/audio/00558.mp3,,cloth-merchant,bazāz
n.m.,uchicago_S_Hassan,bāb.mp3,https://dsal.uchicago.edu/dictionaries/hassan/audio/00559.mp3,,"chapter, section, subdivision, part, episode",bāb
n.,uchicago_S_Hassan,bādām kul.mp3,https://dsal.uchicago.edu/dictionaries/hassan/audio/00560.mp3,,almond tree,bādām kul
n.,uchicago_S_Hassan,bādām.mp3,https://dsal.uchicago.edu/dictionaries/hassan/audio/00561.mp3,,almond,bādām
n.m.,uchicago_S_Hassan,bāg.mp3,https://dsal.uchicago.edu/dictionaries/hassan/audio/00562.mp3,,garden,bāg
n.m.,uchicago_S_Hassan,bāgwān.mp3,https://dsal.uchicago.edu/dictionaries/hassan/audio/00563.mp3,,gardener,bāgwān
n.f.,uchicago_S_Hassan,bāgwə̄ni.mp3,https://dsal.uchicago.edu/dictionaries/hassan/audio/00564.mp3,,gardening,bāgwə̄ni
n.m.,uchicago_S_Hassan,bāj.mp3,https://dsal.uchicago.edu/dictionaries/hassan/audio/00565.mp3,,"tax, toll, tariff",bāj
n.,uchicago_S_Hassan,bākιy.mp3,https://dsal.uchicago.edu/dictionaries/hassan/audio/00566.mp3,,"rest, residue, remains, leftovers, remainder",bākιy
n.f.,uchicago_S_Hassan,bāl.mp3,https://dsal.uchicago.edu/dictionaries/hassan/audio/00567.mp3,,ball,bāl
n.m.,uchicago_S_Hassan,bāl.mp3,https://dsal.uchicago.edu/dictionaries/hassan/audio/00568.mp3,,hill,bāl
n.m.,uchicago_S_Hassan,bālēg.mp3,https://dsal.uchicago.edu/dictionaries/hassan/audio/00569.mp3,,"adult, mature",bālēg
v.,uchicago_S_Hassan,bāli tʰāwun.mp3,https://dsal.uchicago.edu/dictionaries/hassan/audio/00570.mp3,,to moor a boat,bāli tʰāwun
n.f.,uchicago_S_Hassan,bāman.mp3,https://dsal.uchicago.edu/dictionaries/hassan/audio/00571.mp3,,"bud, blossom, sprout",bāman
n.m.,uchicago_S_Hassan,bāⁿḍ.mp3,https://dsal.uchicago.edu/dictionaries/hassan/audio/00572.mp3,,"actor, performer, artist, player, artiste",bāⁿḍ
n.m.,uchicago_S_Hassan,bāⁿd.mp3,https://dsal.uchicago.edu/dictionaries/hassan/audio/00573.mp3,,"prisoner, jailbird, convict",bāⁿd
v.,uchicago_S_Hassan,bāⁿg.mp3,https://dsal.uchicago.edu/dictionaries/hassan/audio/00574.mp3,,call to pray in the Muslims,bāⁿg
n.m.,uchicago_S_Hassan,bānι.mp3,https://dsal.uchicago.edu/dictionaries/hassan/audio/00575.mp3,,"pot, utensils, urn, container, gadget",bānι
n.m.,uchicago_S_Hassan,bānιkuṭʰ.mp3,https://dsal.uchicago.edu/dictionaries/hassan/audio/00576.mp3,,larder,bānιkuṭʰ
n.,uchicago_S_Hassan,bāpatʰ.mp3,https://dsal.uchicago.edu/dictionaries/hassan/audio/00577.mp3,,"for sake of, behalf, purpose",bāpatʰ
n.m.,uchicago_S_Hassan,bāpʰtʰur.mp3,https://dsal.uchicago.edu/dictionaries/hassan/audio/00578.mp3,,"nephew, brother’s son",bāpʰtʰur
n.m.,uchicago_S_Hassan,bāpə̄r.mp3,https://dsal.uchicago.edu/dictionaries/hassan/audio/00579.mp3,,"tradesman, trader, merchant, seller, broker, wholesaler",bāpə̄r
n.m.,uchicago_S_Hassan,bār.mp3,https://dsal.uchicago.edu/dictionaries/hassan/audio/00580.mp3,,"load, burden, oppress, overload",bār
n.m.,uchicago_S_Hassan,bāšendι.mp3,https://dsal.uchicago.edu/dictionaries/hassan/audio/00581.mp3,,"inhabitant, resident, civilian, city dweller, citizen, occupant, denizen",bāšendι
n.,uchicago_S_Hassan,bāšindar.mp3,https://dsal.uchicago.edu/dictionaries/hassan/audio/00582.mp3,,"inhabitant, resident, citizen, occupant",bāšindar
n.m.,uchicago_S_Hassan,bāṭur.mp3,https://dsal.uchicago.edu/dictionaries/hassan/audio/00583.mp3,,"quail, a bird",bāṭur
n.f.,uchicago_S_Hassan,bāvzι.mp3,https://dsal.uchicago.edu/dictionaries/hassan/audio/00584.mp3,,"niece, brother’s daughter",bāvzι
v.,uchicago_S_Hassan,bāwun.mp3,https://dsal.uchicago.edu/dictionaries/hassan/audio/00585.mp3,,"to relate, to share, narrate, tell, speak about, convey",bāwun
v.,uchicago_S_Hassan,bāv.mp3,https://dsal.uchicago.edu/dictionaries/hassan/audio/00586.mp3,,"to show, demonstrate, explain",bāv
v.,uchicago_S_Hassan,bāz.mp3,https://dsal.uchicago.edu/dictionaries/hassan/audio/00587.mp3,,"prey, victim, target",bāz
n.m.,uchicago_S_Hassan,bāzār.mp3,https://dsal.uchicago.edu/dictionaries/hassan/audio/00588.mp3,,"street, market",bāzār
adj.,uchicago_S_Hassan,bɔcʰιhot.mp3,https://dsal.uchicago.edu/dictionaries/hassan/audio/00589.mp3,,"starving, hungry, famished",bɔcʰιhot
n.f.,uchicago_S_Hassan,bɔcʰι.mp3,https://dsal.uchicago.edu/dictionaries/hassan/audio/00590.mp3,,"appetite, hunger, craving, need to eat, desire for food, eagerness",bɔcʰι
n.f.,uchicago_S_Hassan,bɔkwǝṭ.mp3,https://dsal.uchicago.edu/dictionaries/hassan/audio/00591.mp3,,kidney,bɔkwǝṭ
v.,uchicago_S_Hassan,bɔn wasun.mp3,https://dsal.uchicago.edu/dictionaries/hassan/audio/00592.mp3,,"to descend, go down, move down, come down, slide down, fall down, tumble down",bɔn wasun
prep.,uchicago_S_Hassan,bɔn.mp3,https://dsal.uchicago.edu/dictionaries/hassan/audio/00593.mp3,,"below, under, underneath, beneath, lower than",bɔn
adv.,uchicago_S_Hassan,bɔnkun.mp3,https://dsal.uchicago.edu/dictionaries/hassan/audio/00594.mp3,,downwards,bɔnkun
adv.,uchicago_S_Hassan,bɔnι.mp3,https://dsal.uchicago.edu/dictionaries/hassan/audio/00595.mp3,,"down, downward, downstairs",bɔnι
n.m.,uchicago_S_Hassan,bɔtal.mp3,https://dsal.uchicago.edu/dictionaries/hassan/audio/00596.mp3,,"bottle, container",bɔtal
adv.,uchicago_S_Hassan,be-adabi.mp3,https://dsal.uchicago.edu/dictionaries/hassan/audio/00597.mp3,,"disrespectfully, impolitely, impertinently",be-adabi
adj.,uchicago_S_Hassan,be-ār.mp3,https://dsal.uchicago.edu/dictionaries/hassan/audio/00598.mp3,,merciless,be-ār
adj.,uchicago_S_Hassan,bedil.mp3,https://dsal.uchicago.edu/dictionaries/hassan/audio/00599.mp3,,"unmanly, incapable, toothless, defenseless",bedil
n.,uchicago_S_Hassan,bedīn.mp3,https://dsal.uchicago.edu/dictionaries/hassan/audio/00600.mp3,,infidel,bedīn
n.,uchicago_S_Hassan,begānι.mp3,https://dsal.uchicago.edu/dictionaries/hassan/audio/00601.mp3,,"foreigner, stranger, alien",begānι
v.,uchicago_S_Hassan,behnāwun.mp3,https://dsal.uchicago.edu/dictionaries/hassan/audio/00602.mp3,,"set down, set aside, put away, lay down",behnāwun
adj.,uchicago_S_Hassan,behōš.mp3,https://dsal.uchicago.edu/dictionaries/hassan/audio/00603.mp3,,"numb, lacking feeling, insensitive, anesthetized, hardhearted",behōš
adj.,uchicago_S_Hassan,bǝhʸum.mp3,https://dsal.uchicago.edu/dictionaries/hassan/audio/00604.mp3,,twelfth,bǝhʸum
adj.,uchicago_S_Hassan,be-insāf.mp3,https://dsal.uchicago.edu/dictionaries/hassan/audio/00605.mp3,,"unjust, unfair, undue",be-insāf
adj.,uchicago_S_Hassan,bēkʰabar.mp3,https://dsal.uchicago.edu/dictionaries/hassan/audio/00606.mp3,,"unaware, ignorant, unconscious, innocent",bēkʰabar
n.f.,uchicago_S_Hassan,bekʰāwaⁿd.mp3,https://dsal.uchicago.edu/dictionaries/hassan/audio/00607.mp3,,widow,bekʰāwaⁿd
n.m.,uchicago_S_Hassan,bēlci.mp3,https://dsal.uchicago.edu/dictionaries/hassan/audio/00608.mp3,,"spade, scoop",bēlci
adj.,uchicago_S_Hassan,bemār.mp3,https://dsal.uchicago.edu/dictionaries/hassan/audio/00609.mp3,,"ill, unwell, sick",bemār
n.,uchicago_S_Hassan,bemə̄r.mp3,https://dsal.uchicago.edu/dictionaries/hassan/audio/00610.mp3,,"disease, illness, sickness, ailment, virus, infection, disorder, complaint",bemə̄r
n.f.,uchicago_S_Hassan,beni.mp3,https://dsal.uchicago.edu/dictionaries/hassan/audio/00611.mp3,,"sister, daughter of the same parent",beni
v.,uchicago_S_Hassan,bād pakun.mp3,https://dsal.uchicago.edu/dictionaries/hassan/audio/00612.mp3,,"the breaking of wind with noise, syphilis to occur",bād pakun
adj.,uchicago_S_Hassan,bereham.mp3,https://dsal.uchicago.edu/dictionaries/hassan/audio/00613.mp3,,"brutal, unkind, mean, heartless, ruthless, harsh",bereham
adj.,uchicago_S_Hassan,betāb.mp3,https://dsal.uchicago.edu/dictionaries/hassan/audio/00614.mp3,,"restless, annoyed, restive, impatient",betāb
adv.,uchicago_S_Hassan,be-yezti sān.mp3,https://dsal.uchicago.edu/dictionaries/hassan/audio/00615.mp3,,"disrespectfully, impolitely, impertinently",be-yezti sān
adj.,uchicago_S_Hassan,beyi akh.mp3,https://dsal.uchicago.edu/dictionaries/hassan/audio/00616.mp3,,"one more, another, an additional, an extra, an added",beyi akh
adv.,uchicago_S_Hassan,beyi ti beyi.mp3,https://dsal.uchicago.edu/dictionaries/hassan/audio/00617.mp3,,"many times, repeatedly again and again over and over persistently",beyi ti beyi
n.,uchicago_S_Hassan,beyi kaⁿh.mp3,https://dsal.uchicago.edu/dictionaries/hassan/audio/00618.mp3,,"anybody, any person, anyone",beyi kaⁿh
adv.,uchicago_S_Hassan,beyi pʰiri.mp3,https://dsal.uchicago.edu/dictionaries/hassan/audio/00619.mp3,,"again, once more, another time, yet again, for a second time",beyi pʰiri
adv.,uchicago_S_Hassan,beyi vizi.mp3,https://dsal.uchicago.edu/dictionaries/hassan/audio/00620.mp3,,"next time, another time",beyi vizi
conj.,uchicago_S_Hassan,beyι.mp3,https://dsal.uchicago.edu/dictionaries/hassan/audio/00621.mp3,,"and, in addition to, as well as, plus",beyι
adv.,uchicago_S_Hassan,beyι.mp3,https://dsal.uchicago.edu/dictionaries/hassan/audio/00622.mp3,,"more, additional, further, other",beyι
adj.,uchicago_S_Hassan,becʰun.mp3,https://dsal.uchicago.edu/dictionaries/hassan/audio/00623.mp3,,begging,becʰun
n.m.,uchicago_S_Hassan,bʸecʰvun.mp3,https://dsal.uchicago.edu/dictionaries/hassan/audio/00624.mp3,,"beggar, homeless person, vagrant",bʸecʰvun
v.,uchicago_S_Hassan,bʸeh.mp3,https://dsal.uchicago.edu/dictionaries/hassan/audio/00625.mp3,,"be seated, take a seat, park yourself",bʸeh
v.,uchicago_S_Hassan,bʸehnāwun.mp3,https://dsal.uchicago.edu/dictionaries/hassan/audio/00626.mp3,,cause to sit,bʸehnāwun
v.,uchicago_S_Hassan,bekār karun.mp3,https://dsal.uchicago.edu/dictionaries/hassan/audio/00627.mp3,,"dismiss, fire, reject, lay off, give somebody the pink slip",bekār karun
adj.,uchicago_S_Hassan,bʸekarār.mp3,https://dsal.uchicago.edu/dictionaries/hassan/audio/00628.mp3,,"uncomfortable, painful",bʸekarār
adj.,uchicago_S_Hassan,be-andāz.mp3,https://dsal.uchicago.edu/dictionaries/hassan/audio/00629.mp3,,"unskillful, lacking ability, unpromising",be-andāz
adj.,uchicago_S_Hassan,belazat.mp3,https://dsal.uchicago.edu/dictionaries/hassan/audio/00630.mp3,,"tasteless, flavorless, in poor taste, cheap",belazat
adj.,uchicago_S_Hassan,bemārdə̄rī.mp3,https://dsal.uchicago.edu/dictionaries/hassan/audio/00631.mp3,,"sick condition, ill, unwell, ailing not a hundred percent",bemārdə̄rī
adj.,uchicago_S_Hassan,bemazι.mp3,https://dsal.uchicago.edu/dictionaries/hassan/audio/00632.mp3,,"tasteless, flavorless, in poor taste, cheap",bemazι
adj.,uchicago_S_Hassan,beparwah.mp3,https://dsal.uchicago.edu/dictionaries/hassan/audio/00633.mp3,,"thoughtless, inconsiderate, careless, negligent",beparwah
adj.,uchicago_S_Hassan,bešūb.mp3,https://dsal.uchicago.edu/dictionaries/hassan/audio/00634.mp3,,"worthless, of no value, useless, meaningless",bešūb
adj.,uchicago_S_Hassan,betāb.mp3,https://dsal.uchicago.edu/dictionaries/hassan/audio/00635.mp3,,"impatient, fervent, intolerant, eager, hasty",betāb
n.m.,uchicago_S_Hassan,be-tartīb.mp3,https://dsal.uchicago.edu/dictionaries/hassan/audio/00636.mp3,,"disorder, chaos, confusion, mess, unrest",be-tartīb
n.,uchicago_S_Hassan,beṭʰak.mp3,https://dsal.uchicago.edu/dictionaries/hassan/audio/00637.mp3,,assembly,beṭʰak
adj.,uchicago_S_Hassan,be-arām.mp3,https://dsal.uchicago.edu/dictionaries/hassan/audio/00638.mp3,,"uneasy, uncomfortable, anxious",be-arām
adj.,uchicago_S_Hassan,bēdār.mp3,https://dsal.uchicago.edu/dictionaries/hassan/audio/00639.mp3,,"vigilant, watchful, alert, attentive, aware, observant, wary",bēdār
v.,uchicago_S_Hassan,becʰ.mp3,https://dsal.uchicago.edu/dictionaries/hassan/audio/00640.mp3,,"begging, pleading, ask for",becʰ
v.,uchicago_S_Hassan,bēklun.mp3,https://dsal.uchicago.edu/dictionaries/hassan/audio/00641.mp3,,to become fool,bēklun
n.f.,uchicago_S_Hassan,bēklə̄zi.mp3,https://dsal.uchicago.edu/dictionaries/hassan/audio/00642.mp3,,"foolishness, stupidity, idiocy",bēklə̄zi
adj.,uchicago_S_Hassan,bēkιl.mp3,https://dsal.uchicago.edu/dictionaries/hassan/audio/00643.mp3,,"senseless, stupid, silly, foolish, mindless, idiotic",bēkιl
adj.,uchicago_S_Hassan,bedemāg.mp3,https://dsal.uchicago.edu/dictionaries/hassan/audio/00644.mp3,,"stupid, unintelligent, brainless, foolish, silly",bedemāg
adj.,uchicago_S_Hassan,bēwafā.mp3,https://dsal.uchicago.edu/dictionaries/hassan/audio/00645.mp3,,"faithless, untrustworthy, disloyal",bēwafā
adj.,uchicago_S_Hassan,bēwukūf.mp3,https://dsal.uchicago.edu/dictionaries/hassan/audio/00646.mp3,,"silly, stupid, childish, ridiculous, mad",bēwukūf
n.m.,uchicago_S_Hassan,bēlʸ.mp3,https://dsal.uchicago.edu/dictionaries/hassan/audio/00647.mp3,,spade,bēlʸ
n.m.pl.,uchicago_S_Hassan,bʸēr.mp3,https://dsal.uchicago.edu/dictionaries/hassan/audio/00648.mp3,,cats,bʸēr
v.,uchicago_S_Hassan,bʸēztī karin.mp3,https://dsal.uchicago.edu/dictionaries/hassan/audio/00649.mp3,,"discredit, bring shame on, disgrace, humiliate",bʸēztī karin
n.f.,uchicago_S_Hassan,bʸēztī.mp3,https://dsal.uchicago.edu/dictionaries/hassan/audio/00650.mp3,,"disgrace, shame, dishonor, discredit, humiliation",bʸēztī
n.m.,uchicago_S_Hassan,bic.mp3,https://dsal.uchicago.edu/dictionaries/hassan/audio/00651.mp3,,"scorpion, crab",bic
adj.,uchicago_S_Hassan,bigur.mp3,https://dsal.uchicago.edu/dictionaries/hassan/audio/00652.mp3,,"confounded, blasted, horrible, wretched",bigur
adj.,uchicago_S_Hassan,bigrʸōmut.mp3,https://dsal.uchicago.edu/dictionaries/hassan/audio/00653.mp3,,"damaged, corrupt",bigrʸōmut
v.,uchicago_S_Hassan,bihʸun.mp3,https://dsal.uchicago.edu/dictionaries/hassan/audio/00654.mp3,,"to sit, be placed, be seated, sit down",bihʸun
n.f.,uchicago_S_Hassan,bijlībatʸ.mp3,https://dsal.uchicago.edu/dictionaries/hassan/audio/00655.mp3,,"lamp, bulb",bijlībatʸ
n.m.,uchicago_S_Hassan,bilibucur.mp3,https://dsal.uchicago.edu/dictionaries/hassan/audio/00656.mp3,,nightingale,bilibucur
n.m.,uchicago_S_Hassan,birι-gɔgul.mp3,https://dsal.uchicago.edu/dictionaries/hassan/audio/00657.mp3,,ball,birι-gɔgul
n.f.,uchicago_S_Hassan,biskūṭ.mp3,https://dsal.uchicago.edu/dictionaries/hassan/audio/00658.mp3,,biscuit,biskūṭ
n.m.,uchicago_S_Hassan,bīm.mp3,https://dsal.uchicago.edu/dictionaries/hassan/audio/00659.mp3,,"fear, dread, horror, shock",bīm
n.f.,uchicago_S_Hassan,bīnə̄yi.mp3,https://dsal.uchicago.edu/dictionaries/hassan/audio/00660.mp3,,"sight, vision, eyesight",bīnə̄yi
n.f.,uchicago_S_Hassan,bǝḍ saḍak.mp3,https://dsal.uchicago.edu/dictionaries/hassan/audio/00661.mp3,,highway,bǝḍ saḍak
v.,uchicago_S_Hassan,bǝḍrāwun.mp3,https://dsal.uchicago.edu/dictionaries/hassan/audio/00662.mp3,,to make larger,bǝḍrāwun
v.,uchicago_S_Hassan,bǝhlāvɔn.mp3,https://dsal.uchicago.edu/dictionaries/hassan/audio/00663.mp3,,"keep amused, keep busy, occupy",bǝhlāvɔn
n.,uchicago_S_Hassan,bǝli.mp3,https://dsal.uchicago.edu/dictionaries/hassan/audio/00664.mp3,,"sacrifice, the act of offering ceremonially to deity, the slaughter of an animal to please the deity",bǝli
v.,uchicago_S_Hassan,bǝlrāwun.mp3,https://dsal.uchicago.edu/dictionaries/hassan/audio/00665.mp3,,"cure, heal, treat, make well, restore to health",bǝlrāwun
n.,uchicago_S_Hassan,bǝlʸ.mp3,https://dsal.uchicago.edu/dictionaries/hassan/audio/00666.mp3,,"pretence, merriment",bǝlʸ
v.,uchicago_S_Hassan,bǝlʸ lāgun.mp3,https://dsal.uchicago.edu/dictionaries/hassan/audio/00667.mp3,,"to pretend, make believe, act as if, make up, play",bǝlʸ lāgun
adj.,uchicago_S_Hassan,bǝrut.mp3,https://dsal.uchicago.edu/dictionaries/hassan/audio/00668.mp3,,"brimful, overfilled, overflowing, bursting at the seams",bǝrut
adj.,uchicago_S_Hassan,bǝrιʦ.mp3,https://dsal.uchicago.edu/dictionaries/hassan/audio/00669.mp3,,"pregnant, with child, expectant, expecting, heavy with child",bǝrιʦ
n.m.,uchicago_S_Hassan,bǝsrakʰ.mp3,https://dsal.uchicago.edu/dictionaries/hassan/audio/00670.mp3,,traditional Kashmiri sweet snack,bǝsrakʰ
v.,uchicago_S_Hassan,bǝstι kʰaʦʰinʸ.mp3,https://dsal.uchicago.edu/dictionaries/hassan/audio/00671.mp3,,"swell up, erupt, bubble, break out in blisters",bǝstι kʰaʦʰinʸ
n.f.,uchicago_S_Hassan,bǝstι.mp3,https://dsal.uchicago.edu/dictionaries/hassan/audio/00672.mp3,,"blister, eruption burn eruption",bǝstι
adj.,uchicago_S_Hassan,bə̄gi.mp3,https://dsal.uchicago.edu/dictionaries/hassan/audio/00673.mp3,,"rebellious, disobedient, unruly, disloyal",bə̄gi
n.,uchicago_S_Hassan,bə̄glι.mp3,https://dsal.uchicago.edu/dictionaries/hassan/audio/00674.mp3,,beans,bə̄glι
v.,uchicago_S_Hassan,bə̄grāwun.mp3,https://dsal.uchicago.edu/dictionaries/hassan/audio/00675.mp3,,"distribute, share out, deliver, issue",bə̄grāwun
v.,uchicago_S_Hassan,bə̄grun.mp3,https://dsal.uchicago.edu/dictionaries/hassan/audio/00676.mp3,,"distribute, share out, hand out, deal out, give out, allot, deliver",bə̄grun
n.m.,uchicago_S_Hassan,bə̄ⁿs.mp3,https://dsal.uchicago.edu/dictionaries/hassan/audio/00677.mp3,,"cane, bamboo",bə̄ⁿs
n.,uchicago_S_Hassan,bə̄riš.mp3,https://dsal.uchicago.edu/dictionaries/hassan/audio/00678.mp3,,"rain, rainfall, shower",bə̄riš
v.,uchicago_S_Hassan,bə̄t gewān.mp3,https://dsal.uchicago.edu/dictionaries/hassan/audio/00679.mp3,,"singing, playing, in performance, on stage",bə̄t gewān
n.m.,uchicago_S_Hassan,bə̄t.mp3,https://dsal.uchicago.edu/dictionaries/hassan/audio/00680.mp3,,verse,bə̄t
n.m.,uchicago_S_Hassan,bə̄ʦ.mp3,https://dsal.uchicago.edu/dictionaries/hassan/audio/00681.mp3,,married couple,bə̄ʦ
n.f.,uchicago_S_Hassan,bə̄ykākanʸ.mp3,https://dsal.uchicago.edu/dictionaries/hassan/audio/00682.mp3,,"sister-in-law, brother’s wife",bə̄ykākanʸ
n.f.,uchicago_S_Hassan,bʸōr.mp3,https://dsal.uchicago.edu/dictionaries/hassan/audio/00683.mp3,,cat,bʸōr
n.m.pl.,uchicago_S_Hassan,bʸērι.mp3,https://dsal.uchicago.edu/dictionaries/hassan/audio/00684.mp3,,cats,bʸērι
n.,uchicago_S_Hassan,bι.mp3,https://dsal.uchicago.edu/dictionaries/hassan/audio/00685.mp3,,I (pron.),bι
n.m.,uchicago_S_Hassan,bιḍʸbab.mp3,https://dsal.uchicago.edu/dictionaries/hassan/audio/00686.mp3,,grandmother,bιḍʸbab
n.f.,uchicago_S_Hassan,bιⁿgιr.mp3,https://dsal.uchicago.edu/dictionaries/hassan/audio/00687.mp3,,bangle,bιⁿgιr
n.,uchicago_S_Hassan,bιr.mp3,https://dsal.uchicago.edu/dictionaries/hassan/audio/00688.mp3,,edge,bιr
v.,uchicago_S_Hassan,bιzun.mp3,https://dsal.uchicago.edu/dictionaries/hassan/audio/00689.mp3,,"to bake, cook in the oven, heat, roast",bιzun
v.,uchicago_S_Hassan,bocʰi lagin.mp3,https://dsal.uchicago.edu/dictionaries/hassan/audio/00690.mp3,,to be hungry,bocʰi lagin
n.f.,uchicago_S_Hassan,sotun.mp3,https://dsal.uchicago.edu/dictionaries/hassan/audio/00691.mp3,,hungry,sotun
adj.,uchicago_S_Hassan,bocʰōmut.mp3,https://dsal.uchicago.edu/dictionaries/hassan/audio/00692.mp3,,hungry,bocʰōmut
n.m.,uchicago_S_Hassan,boḍ camci.mp3,https://dsal.uchicago.edu/dictionaries/hassan/audio/00693.mp3,,tablespoon,boḍ camci
n.m.,uchicago_S_Hassan,boḍ doh.mp3,https://dsal.uchicago.edu/dictionaries/hassan/audio/00694.mp3,,festival,boḍ doh
adj.,uchicago_S_Hassan,boḍ.mp3,https://dsal.uchicago.edu/dictionaries/hassan/audio/00695.mp3,,"large, big, huge",boḍ
adj.,uchicago_S_Hassan,bǝḍʸ.mp3,https://dsal.uchicago.edu/dictionaries/hassan/audio/00696.mp3,,"adult, mature, fully developed, grown, big, large, full-size elder, old, aged, former, erstwhile",bǝḍʸ
adj.,uchicago_S_Hassan,baḍι.mp3,https://dsal.uchicago.edu/dictionaries/hassan/audio/00697.mp3,,grand parents,baḍι
n.m.,uchicago_S_Hassan,bōgun.mp3,https://dsal.uchicago.edu/dictionaries/hassan/audio/00698.mp3,,vessel,bōgun
n.f.,uchicago_S_Hassan,bāmbar.mp3,https://dsal.uchicago.edu/dictionaries/hassan/audio/00699.mp3,,"hurry, urgency, rush",bāmbar
adj.,uchicago_S_Hassan,bʸon.mp3,https://dsal.uchicago.edu/dictionaries/hassan/audio/00700.mp3,,"different, dissimilar, diverse, unlike, poles apart, unusual, nuclear family",bʸon
n.m.,uchicago_S_Hassan,boṭʰ.mp3,https://dsal.uchicago.edu/dictionaries/hassan/audio/00701.mp3,,"brink, edge, rim, lip",boṭʰ
n.m.,uchicago_S_Hassan,boṭʰ.mp3,https://dsal.uchicago.edu/dictionaries/hassan/audio/00702.mp3,,"river bank, shore, bank",boṭʰ
n.m.,uchicago_S_Hassan,boṭι wə̄nʸ.mp3,https://dsal.uchicago.edu/dictionaries/hassan/audio/00703.mp3,,trader of Ladak,boṭι wə̄nʸ
n.f.,uchicago_S_Hassan,bōdιwār.mp3,https://dsal.uchicago.edu/dictionaries/hassan/audio/00704.mp3,,Wednesday,bōdιwār
n.,uchicago_S_Hassan,bōg.mp3,https://dsal.uchicago.edu/dictionaries/hassan/audio/00705.mp3,,"share, part, portion, piece",bōg
v.,uchicago_S_Hassan,bōlun.mp3,https://dsal.uchicago.edu/dictionaries/hassan/audio/00706.mp3,,"talk, speak, converse, have a discussion",bōlun
n.,uchicago_S_Hassan,bōⁿwār.mp3,https://dsal.uchicago.edu/dictionaries/hassan/audio/00707.mp3,,"Tuesday, the third day of week",bōⁿwār
n.m.,uchicago_S_Hassan,bōnʸ.mp3,https://dsal.uchicago.edu/dictionaries/hassan/audio/00708.mp3,,"Chinar tree, maple",bōnʸ
n.m.,uchicago_S_Hassan,bōr.mp3,https://dsal.uchicago.edu/dictionaries/hassan/audio/00709.mp3,,"burden, load, weight",bōr
n.m.,uchicago_S_Hassan,bōs.mp3,https://dsal.uchicago.edu/dictionaries/hassan/audio/00710.mp3,,stomach,bōs
n.f.,uchicago_S_Hassan,bōsι.mp3,https://dsal.uchicago.edu/dictionaries/hassan/audio/00711.mp3,,kiss,bōsι
n.m.,uchicago_S_Hassan,bōv.mp3,https://dsal.uchicago.edu/dictionaries/hassan/audio/00712.mp3,,posterior part of thigh,bōv
n.m.,uchicago_S_Hassan,bōy.mp3,https://dsal.uchicago.edu/dictionaries/hassan/audio/00713.mp3,,brother,bōy
v.,uchicago_S_Hassan,bōz.mp3,https://dsal.uchicago.edu/dictionaries/hassan/audio/00714.mp3,,"pay attention, listen",bōz
v.,uchicago_S_Hassan,bōznāwun.mp3,https://dsal.uchicago.edu/dictionaries/hassan/audio/00715.mp3,,"to relate, to share, narrate, tell, speak about, convey",bōznāwun
v.,uchicago_S_Hassan,bōzun.mp3,https://dsal.uchicago.edu/dictionaries/hassan/audio/00716.mp3,,"to hear, reckon, think, consider, feel, understand, appreciate, grasp",bōzun
n.m.,uchicago_S_Hassan,bʸōl.mp3,https://dsal.uchicago.edu/dictionaries/hassan/audio/00717.mp3,,seed,bʸōl
n.m.,uchicago_S_Hassan,bādum.mp3,https://dsal.uchicago.edu/dictionaries/hassan/audio/00718.mp3,,almond,bādum
n.m.,uchicago_S_Hassan,brag.mp3,https://dsal.uchicago.edu/dictionaries/hassan/audio/00719.mp3,,crane,brag
n.m.,uchicago_S_Hassan,brag.mp3,https://dsal.uchicago.edu/dictionaries/hassan/audio/00720.mp3,,heron,brag
v.,uchicago_S_Hassan,bram dʸun.mp3,https://dsal.uchicago.edu/dictionaries/hassan/audio/00721.mp3,,"cheat, deceive, take advantage of, swindle",bram dʸun
n.m.,uchicago_S_Hassan,bram.mp3,https://dsal.uchicago.edu/dictionaries/hassan/audio/00722.mp3,,"trick, deception, hoax, swindle, trap",bram
n.m.,uchicago_S_Hassan,branιkul.mp3,https://dsal.uchicago.edu/dictionaries/hassan/audio/00723.mp3,,elm,branιkul
n.f.,uchicago_S_Hassan,braswār.mp3,https://dsal.uchicago.edu/dictionaries/hassan/audio/00724.mp3,,"Thursday, the fifth day of week",braswār
n.m.,uchicago_S_Hassan,brāⁿd.mp3,https://dsal.uchicago.edu/dictionaries/hassan/audio/00725.mp3,,"doorsill, threshold, entrance, doorstep",brāⁿd
n.f.,uchicago_S_Hassan,brāⁿt.mp3,https://dsal.uchicago.edu/dictionaries/hassan/audio/00726.mp3,,"hope, expectation, faith",brāⁿt
n.m.,uchicago_S_Hassan,buruz.mp3,https://dsal.uchicago.edu/dictionaries/hassan/audio/00727.mp3,,bark of a tree,buruz
prep.,uchicago_S_Hassan,brōⁿtʰ.mp3,https://dsal.uchicago.edu/dictionaries/hassan/audio/00728.mp3,,"before, previous to, earlier than, prior to, ahead of, by",brōⁿtʰ
adv.,uchicago_S_Hassan,broⁿṭʰas.mp3,https://dsal.uchicago.edu/dictionaries/hassan/audio/00729.mp3,,"next year, nearest time",broⁿṭʰas
adv.,uchicago_S_Hassan,brōⁿṭʰkun.mp3,https://dsal.uchicago.edu/dictionaries/hassan/audio/00730.mp3,,"forwards, ahead, frontwards",brōⁿṭʰkun
adv.,uchicago_S_Hassan,brōⁿṭʰkanʸi.mp3,https://dsal.uchicago.edu/dictionaries/hassan/audio/00731.mp3,,"in the presence of, in front of, before, in the company of",brōⁿṭʰkanʸi
v.,uchicago_S_Hassan,bucʰun.mp3,https://dsal.uchicago.edu/dictionaries/hassan/audio/00732.mp3,,"sting, hurt, throb",bucʰun
v.,uchicago_S_Hassan,buḍun.mp3,https://dsal.uchicago.edu/dictionaries/hassan/audio/00733.mp3,,"to become, vegetate, be passive, be sluggish, stagnate, pass the time, waste time",buḍun
n.m.,uchicago_S_Hassan,buhirʸ.mp3,https://dsal.uchicago.edu/dictionaries/hassan/audio/00734.mp3,,druggist,buhirʸ
n.m.,uchicago_S_Hassan,bujʸer.mp3,https://dsal.uchicago.edu/dictionaries/hassan/audio/00735.mp3,,"old age, later life, parenthood",bujʸer
n.f.,uchicago_S_Hassan,bukʰə̄r.mp3,https://dsal.uchicago.edu/dictionaries/hassan/audio/00736.mp3,,fireplace,bukʰə̄r
n.m.,uchicago_S_Hassan,bulbul.mp3,https://dsal.uchicago.edu/dictionaries/hassan/audio/00737.mp3,,nightingale,bulbul
n.m.,uchicago_S_Hassan,bumbur.mp3,https://dsal.uchicago.edu/dictionaries/hassan/audio/00738.mp3,,"corn, hard skin, corn, bump",bumbur
n.f.,uchicago_S_Hassan,bumsinʸ.mp3,https://dsal.uchicago.edu/dictionaries/hassan/audio/00739.mp3,,"earthworm, worm",bumsinʸ
n.m.,uchicago_S_Hassan,bunk.mp3,https://dsal.uchicago.edu/dictionaries/hassan/audio/00740.mp3,,"financial bank, have an account",bunk
n.m.,uchicago_S_Hassan,bunkwōl.mp3,https://dsal.uchicago.edu/dictionaries/hassan/audio/00741.mp3,,"banker, backer, financier, supporter",bunkwōl
n.f.,uchicago_S_Hassan,buⁿm.mp3,https://dsal.uchicago.edu/dictionaries/hassan/audio/00742.mp3,,brow,buⁿm
n.f.,uchicago_S_Hassan,bunyād.mp3,https://dsal.uchicago.edu/dictionaries/hassan/audio/00743.mp3,,"foundation, base, establishment",bunyād
n.m.,uchicago_S_Hassan,bunʸul.mp3,https://dsal.uchicago.edu/dictionaries/hassan/audio/00744.mp3,,"earthquake, tremor, volcanic activity, seismic activity",bunʸul
n.m.,uchicago_S_Hassan,bunιpōš.mp3,https://dsal.uchicago.edu/dictionaries/hassan/audio/00745.mp3,,water-lily,bunιpōš
n.m.,uchicago_S_Hassan,burkι.mp3,https://dsal.uchicago.edu/dictionaries/hassan/audio/00746.mp3,,veil,burkι
n.m.,uchicago_S_Hassan,buruš.mp3,https://dsal.uchicago.edu/dictionaries/hassan/audio/00747.mp3,,brush,buruš
n.m.,uchicago_S_Hassan,burušιgor.mp3,https://dsal.uchicago.edu/dictionaries/hassan/audio/00748.mp3,,brush maker,burušιgor
n.m.,uchicago_S_Hassan,burzι kul.mp3,https://dsal.uchicago.edu/dictionaries/hassan/audio/00749.mp3,,birch tree,burzι kul
n.,uchicago_S_Hassan,but.mp3,https://dsal.uchicago.edu/dictionaries/hassan/audio/00750.mp3,,"idol, statue",but
v.,uchicago_S_Hassan,butʰ hunrāwun.mp3,https://dsal.uchicago.edu/dictionaries/hassan/audio/00751.mp3,,pull a long face,butʰ hunrāwun
v.,uchicago_S_Hassan,butʰ pʰʸurun.mp3,https://dsal.uchicago.edu/dictionaries/hassan/audio/00752.mp3,,"rebuke, reprove, reproach, scold",butʰ pʰʸurun
n.m.,uchicago_S_Hassan,butʰ.mp3,https://dsal.uchicago.edu/dictionaries/hassan/audio/00753.mp3,,"countenance, face, expression",butʰ
n.f.,uchicago_S_Hassan,butʰ lāgay.mp3,https://dsal.uchicago.edu/dictionaries/hassan/audio/00754.mp3,,"argue, quarrel disagreement",butʰ lāgay
adj.,uchicago_S_Hassan,butʰpʰʸur.mp3,https://dsal.uchicago.edu/dictionaries/hassan/audio/00755.mp3,,"rebellious, disobedient, unruly, disloyal",butʰpʰʸur
n.f.,uchicago_S_Hassan,butrāt.mp3,https://dsal.uchicago.edu/dictionaries/hassan/audio/00756.mp3,,"land, home, nation",butrāt
v.,uchicago_S_Hassan,buṭʰ tʰāwun.mp3,https://dsal.uchicago.edu/dictionaries/hassan/audio/00757.mp3,,to moor a boat,buṭʰ tʰāwun
v.,uchicago_S_Hassan,buz.mp3,https://dsal.uchicago.edu/dictionaries/hassan/audio/00758.mp3,,to roast,buz
adj.,uchicago_S_Hassan,buzarg.mp3,https://dsal.uchicago.edu/dictionaries/hassan/audio/00759.mp3,,"noble, venerable, respected, esteemed, honored, revered",buzarg
n.f.,uchicago_S_Hassan,buzargī.mp3,https://dsal.uchicago.edu/dictionaries/hassan/audio/00760.mp3,,"nobility, dignity, decency, nobleness",buzargī
adj.,uchicago_S_Hassan,buzdil.mp3,https://dsal.uchicago.edu/dictionaries/hassan/audio/00761.mp3,,"cowardly, gutless, weak",buzdil
adj.,uchicago_S_Hassan,buzmut.mp3,https://dsal.uchicago.edu/dictionaries/hassan/audio/00762.mp3,,roasted,buzmut
v.,uchicago_S_Hassan,buzun.mp3,https://dsal.uchicago.edu/dictionaries/hassan/audio/00763.mp3,,roast,buzun
n.,uchicago_S_Hassan,būl.mp3,https://dsal.uchicago.edu/dictionaries/hassan/audio/00764.mp3,,"mistake, fault, blunder, forgetfulness, absentmindedness",būl
n.m.,uchicago_S_Hassan,būṭ.mp3,https://dsal.uchicago.edu/dictionaries/hassan/audio/00765.mp3,,boot,būṭ
adv.,uchicago_S_Hassan,bōm.mp3,https://dsal.uchicago.edu/dictionaries/hassan/audio/00766.mp3,,"apart, away from each other, spaced out, distant",bōm
v.,uchicago_S_Hassan,cʰakrāwun.mp3,https://dsal.uchicago.edu/dictionaries/hassan/audio/00767.mp3,,"scatter, disperse, spread out",cʰakrāwun
v.,uchicago_S_Hassan,cʰakun.mp3,https://dsal.uchicago.edu/dictionaries/hassan/audio/00768.mp3,,"scatter, disperse, spread out",cʰakun
n.m.,uchicago_S_Hassan,candι.mp3,https://dsal.uchicago.edu/dictionaries/hassan/audio/00769.mp3,,pocket,candι
n.m.,uchicago_S_Hassan,candι ʦūr.mp3,https://dsal.uchicago.edu/dictionaries/hassan/audio/00770.mp3,,pickpocket,candι ʦūr
n.f.,uchicago_S_Hassan,capinʸ.mp3,https://dsal.uchicago.edu/dictionaries/hassan/audio/00771.mp3,,sandals,capinʸ
n.m.,uchicago_S_Hassan,carāgah.mp3,https://dsal.uchicago.edu/dictionaries/hassan/audio/00772.mp3,,meadow,carāgah
n.m.,uchicago_S_Hassan,cerkʰι.mp3,https://dsal.uchicago.edu/dictionaries/hassan/audio/00773.mp3,,wheel,cerkʰι
v.,uchicago_S_Hassan,cʰāⁿgιr.mp3,https://dsal.uchicago.edu/dictionaries/hassan/audio/00774.mp3,,"hurry, flurry in doing anything",cʰāⁿgιr
n.,uchicago_S_Hassan,cāk.mp3,https://dsal.uchicago.edu/dictionaries/hassan/audio/00775.mp3,,"crack, break, fracture, crevice",cāk
n.f.,uchicago_S_Hassan,cāl.mp3,https://dsal.uchicago.edu/dictionaries/hassan/audio/00776.mp3,,"character, nature, temperament, personality, makeup",cāl
v.,uchicago_S_Hassan,cāl calun.mp3,https://dsal.uchicago.edu/dictionaries/hassan/audio/00777.mp3,,"conduct, behavior, ways, carry out, perform, behave, act, comport yourself, direct",cāl calun
n.f.,uchicago_S_Hassan,cāl karin.mp3,https://dsal.uchicago.edu/dictionaries/hassan/audio/00778.mp3,,"trick, stratagem, dodge, scheme",cāl karin
adj.,uchicago_S_Hassan,cālāk.mp3,https://dsal.uchicago.edu/dictionaries/hassan/audio/00779.mp3,,"active, lively, full of life, dynamic, vigorous, clever, intelligent, bright, witty",cālāk
v.,uchicago_S_Hassan,cānāwun.mp3,https://dsal.uchicago.edu/dictionaries/hassan/audio/00780.mp3,,cause to drnk,cānāwun
n.m.,uchicago_S_Hassan,cārvōy.mp3,https://dsal.uchicago.edu/dictionaries/hassan/audio/00781.mp3,,"animal, beast, quadruped, four-footed animal",cārvōy
n.m.,uchicago_S_Hassan,cārwə̄y.mp3,https://dsal.uchicago.edu/dictionaries/hassan/audio/00782.mp3,,"cattle, livestock, farm animals, domestic animals",cārwə̄y
n.,uchicago_S_Hassan,cāš.mp3,https://dsal.uchicago.edu/dictionaries/hassan/audio/00783.mp3,,forenoon,cāš
n.f.,uchicago_S_Hassan,cāy.mp3,https://dsal.uchicago.edu/dictionaries/hassan/audio/00784.mp3,,tea,cāy
n.m.,uchicago_S_Hassan,ceⁿgι.mp3,https://dsal.uchicago.edu/dictionaries/hassan/audio/00785.mp3,,"tax, toll, tariff",ceⁿgι
v.,uchicago_S_Hassan,cepāt.mp3,https://dsal.uchicago.edu/dictionaries/hassan/audio/00786.mp3,,"slap, hit",cepāt
n.m.,uchicago_S_Hassan,cerιb.mp3,https://dsal.uchicago.edu/dictionaries/hassan/audio/00787.mp3,,"fat, tallow",cerιb
n.f.,uchicago_S_Hassan,cerbī.mp3,https://dsal.uchicago.edu/dictionaries/hassan/audio/00788.mp3,,"grease, fat, oil",cerbī
n.m.,uchicago_S_Hassan,cešmāšāhī.mp3,https://dsal.uchicago.edu/dictionaries/hassan/audio/00789.mp3,,"name of place in Srinagar city in Kashmir, tourist resort",cešmāšāhī
n.m.,uchicago_S_Hassan,cešmι.mp3,https://dsal.uchicago.edu/dictionaries/hassan/audio/00790.mp3,,spring of water,cešmι
adj.,uchicago_S_Hassan,cʸetʰ.mp3,https://dsal.uchicago.edu/dictionaries/hassan/audio/00791.mp3,,"intoxicated, drunk, under the influence",cʸetʰ
v.,uchicago_S_Hassan,cʸeṭ hʸin.mp3,https://dsal.uchicago.edu/dictionaries/hassan/audio/00792.mp3,,"to forfeit, pay, lose",cʸeṭ hʸin
n.m.,uchicago_S_Hassan,cikandūz.mp3,https://dsal.uchicago.edu/dictionaries/hassan/audio/00793.mp3,,embroiderer,cikandūz
n.f.,uchicago_S_Hassan,cilʸ.mp3,https://dsal.uchicago.edu/dictionaries/hassan/audio/00794.mp3,,"tent peg, hook",cilʸ
n.f.,uchicago_S_Hassan,ciṭʰ.mp3,https://dsal.uchicago.edu/dictionaries/hassan/audio/00795.mp3,,"letter, epistle, letter",ciṭʰ
n.m.,uchicago_S_Hassan,cīn.mp3,https://dsal.uchicago.edu/dictionaries/hassan/audio/00796.mp3,,"china, name of a country",cīn
adj.,uchicago_S_Hassan,cīritʰ.mp3,https://dsal.uchicago.edu/dictionaries/hassan/audio/00797.mp3,,"drawn, haggard",cīritʰ
v.,uchicago_S_Hassan,cār.mp3,https://dsal.uchicago.edu/dictionaries/hassan/audio/00798.mp3,,"tight, firm, stretched, forceful, press down, tap down",cār
v.,uchicago_S_Hassan,cārun.mp3,https://dsal.uchicago.edu/dictionaries/hassan/audio/00799.mp3,,"drains, sap, draw off, remove, bleed",cārun
v.,uchicago_S_Hassan,cīr.mp3,https://dsal.uchicago.edu/dictionaries/hassan/audio/00800.mp3,,"tight, firm, stretched, forceful, press down, tap down",cīr
v.,uchicago_S_Hassan,cīrun.mp3,https://dsal.uchicago.edu/dictionaries/hassan/audio/00801.mp3,,"to wring, squeeze, twist, press, compress",cīrun
n.f.,uchicago_S_Hassan,cīz.mp3,https://dsal.uchicago.edu/dictionaries/hassan/audio/00802.mp3,,"thing, article, item, gadget",cīz
adj.,uchicago_S_Hassan,cobur.mp3,https://dsal.uchicago.edu/dictionaries/hassan/audio/00803.mp3,,"young man, ironical",cobur
v.,uchicago_S_Hassan,con.mp3,https://dsal.uchicago.edu/dictionaries/hassan/audio/00804.mp3,,to drink,con
n.m.,uchicago_S_Hassan,cōb.mp3,https://dsal.uchicago.edu/dictionaries/hassan/audio/00805.mp3,,"beating, thrashing, pounding",cōb
n.m.,uchicago_S_Hassan,cōbuk.mp3,https://dsal.uchicago.edu/dictionaries/hassan/audio/00806.mp3,,"whip, piece of leather used for pushing people or driving animals",cōbuk
adj.,uchicago_S_Hassan,cōdι.mp3,https://dsal.uchicago.edu/dictionaries/hassan/audio/00807.mp3,,"wide, broad, spacious, widespread",cōdι
n.m.,uchicago_S_Hassan,cōkι.mp3,https://dsal.uchicago.edu/dictionaries/hassan/audio/00808.mp3,,"cooking range, kitchen, cook-house",cōkι
n.,uchicago_S_Hassan,cōn.mp3,https://dsal.uchicago.edu/dictionaries/hassan/audio/00809.mp3,,your,cōn
n.m.,uchicago_S_Hassan,cōⁿcι.mp3,https://dsal.uchicago.edu/dictionaries/hassan/audio/00810.mp3,,"spoon, a utensil with a shallow and handle for stirring, a ladle or spoon, made of wood",cōⁿcι
n.m.,uchicago_S_Hassan,cōⁿṭʰ.mp3,https://dsal.uchicago.edu/dictionaries/hassan/audio/00811.mp3,,mouth,cōⁿṭʰ
n.m.,uchicago_S_Hassan,cōpāy.mp3,https://dsal.uchicago.edu/dictionaries/hassan/audio/00812.mp3,,stool,cōpāy
n.,uchicago_S_Hassan,cōr.mp3,https://dsal.uchicago.edu/dictionaries/hassan/audio/00813.mp3,,"idiot, stupit",cōr
n.,uchicago_S_Hassan,cōṭ.mp3,https://dsal.uchicago.edu/dictionaries/hassan/audio/00814.mp3,,"wound, hurt, injury",cōṭ
n.m.,uchicago_S_Hassan,cumṭι.mp3,https://dsal.uchicago.edu/dictionaries/hassan/audio/00815.mp3,,"pincers, tongs",cumṭι
n.f.,uchicago_S_Hassan,cunʸ.mp3,https://dsal.uchicago.edu/dictionaries/hassan/audio/00816.mp3,,ladies shawl,cunʸ
n.m.,uchicago_S_Hassan,cūkʸdar.mp3,https://dsal.uchicago.edu/dictionaries/hassan/audio/00817.mp3,,watchman,cūkʸdar
n.m.,uchicago_S_Hassan,cūnι.mp3,https://dsal.uchicago.edu/dictionaries/hassan/audio/00818.mp3,,"chalk, a soft white limestone",cūnι
n.f.,uchicago_S_Hassan,cūnʸ.mp3,https://dsal.uchicago.edu/dictionaries/hassan/audio/00819.mp3,,"trinkets, studds",cūnʸ
n.f.,uchicago_S_Hassan,cə̄ⁿd.mp3,https://dsal.uchicago.edu/dictionaries/hassan/audio/00820.mp3,,silver,cə̄ⁿd
n.f.,uchicago_S_Hassan,cʰag.mp3,https://dsal.uchicago.edu/dictionaries/hassan/audio/00821.mp3,,"thinning out, dispersal, spreading, control, rush",cʰag
n.f.,uchicago_S_Hassan,cʰal.mp3,https://dsal.uchicago.edu/dictionaries/hassan/audio/00822.mp3,,"part, piece, section, branch, fraction",cʰal
v.,uchicago_S_Hassan,cʰal.mp3,https://dsal.uchicago.edu/dictionaries/hassan/audio/00823.mp3,,to wash,cʰal
n.m.,uchicago_S_Hassan,cʰaliwə̄nʸ.mp3,https://dsal.uchicago.edu/dictionaries/hassan/audio/00824.mp3,,rice-water,cʰaliwə̄nʸ
v.,uchicago_S_Hassan,cʰalun.mp3,https://dsal.uchicago.edu/dictionaries/hassan/audio/00825.mp3,,"wash, clean, bathe, cleanse",cʰalun
n.,uchicago_S_Hassan,cʰapan jāy.mp3,https://dsal.uchicago.edu/dictionaries/hassan/audio/00826.mp3,,"refuge, shelter, protection, place of safety",cʰapan jāy
v.,uchicago_S_Hassan,cʰarun.mp3,https://dsal.uchicago.edu/dictionaries/hassan/audio/00827.mp3,,evacuation,cʰarun
n.m.,uchicago_S_Hassan,cʰat.mp3,https://dsal.uchicago.edu/dictionaries/hassan/audio/00828.mp3,,"roof, top",cʰat
v.,uchicago_S_Hassan,cʰatun.mp3,https://dsal.uchicago.edu/dictionaries/hassan/audio/00829.mp3,,"fade, lighten, become lighter, lose color",cʰatun
n.f.,uchicago_S_Hassan,cʰaʦ.mp3,https://dsal.uchicago.edu/dictionaries/hassan/audio/00830.mp3,,"small piece, left over, bit, crumb",cʰaʦ
n.f.,uchicago_S_Hassan,cʰaʦιr.mp3,https://dsal.uchicago.edu/dictionaries/hassan/audio/00831.mp3,,egg white,cʰaʦιr
n.m.,uchicago_S_Hassan,cʰān.mp3,https://dsal.uchicago.edu/dictionaries/hassan/audio/00832.mp3,,carpenter,cʰān
n.m.,uchicago_S_Hassan,cʰāⁿcʰ.mp3,https://dsal.uchicago.edu/dictionaries/hassan/audio/00833.mp3,,raspberry,cʰāⁿcʰ
v.,uchicago_S_Hassan,cʰānun.mp3,https://dsal.uchicago.edu/dictionaries/hassan/audio/00834.mp3,,to sift,cʰānun
n.f.,uchicago_S_Hassan,cʰānιbə̄y.mp3,https://dsal.uchicago.edu/dictionaries/hassan/audio/00835.mp3,,carpenter’s wife,cʰānιbə̄y
v.,uchicago_S_Hassan,cʰāpun.mp3,https://dsal.uchicago.edu/dictionaries/hassan/audio/00836.mp3,,"publish, print, bring out",cʰāpun
adj.,uchicago_S_Hassan,cʰāv.mp3,https://dsal.uchicago.edu/dictionaries/hassan/audio/00837.mp3,,"blazing, roaring, intense, roaring, warm, the final cooking of rice or other cooked food",cʰāv
adj.,uchicago_S_Hassan,cʰɔdιlad.mp3,https://dsal.uchicago.edu/dictionaries/hassan/audio/00838.mp3,,"starving, hungry",cʰɔdιlad
v.,uchicago_S_Hassan,cʰɔk dʸun.mp3,https://dsal.uchicago.edu/dictionaries/hassan/audio/00839.mp3,,"injure, hurt, damage",cʰɔk dʸun
v.,uchicago_S_Hassan,cʰukʰ.mp3,https://dsal.uchicago.edu/dictionaries/hassan/audio/00840.mp3,,"squash, squeeze",cʰukʰ
n.m.,uchicago_S_Hassan,cʰɔd.mp3,https://dsal.uchicago.edu/dictionaries/hassan/audio/00841.mp3,,hunger,cʰɔd
n.m.,uchicago_S_Hassan,cʰɔkʰ.mp3,https://dsal.uchicago.edu/dictionaries/hassan/audio/00842.mp3,,sore,cʰɔkʰ
adj.,uchicago_S_Hassan,cʰɔkʰιlad.mp3,https://dsal.uchicago.edu/dictionaries/hassan/audio/00843.mp3,,"wounded, injured, hurt, upset",cʰɔkʰιlad
v.,uchicago_S_Hassan,cʰon tōlun.mp3,https://dsal.uchicago.edu/dictionaries/hassan/audio/00844.mp3,,weigh up less than actual weight,cʰon tōlun
n.f.,uchicago_S_Hassan,cʰǝtιr.mp3,https://dsal.uchicago.edu/dictionaries/hassan/audio/00845.mp3,,umbrella,cʰǝtιr
n.,uchicago_S_Hassan,cʰirι.mp3,https://dsal.uchicago.edu/dictionaries/hassan/audio/00846.mp3,,lamb,cʰirι
n.,uchicago_S_Hassan,cʰirιkaṭʰ.mp3,https://dsal.uchicago.edu/dictionaries/hassan/audio/00847.mp3,,lamb,cʰirιkaṭʰ
adj.,uchicago_S_Hassan,cʰon.mp3,https://dsal.uchicago.edu/dictionaries/hassan/audio/00848.mp3,,"thin, light, lightweight, unfilled, empty, less, less than a certain amount, deficient in quantity",cʰon
n.,uchicago_S_Hassan,cʰōⁿp.mp3,https://dsal.uchicago.edu/dictionaries/hassan/audio/00849.mp3,,"instep, the upper part of ankle",cʰōⁿp
n.,uchicago_S_Hassan,cʰonun.mp3,https://dsal.uchicago.edu/dictionaries/hassan/audio/00850.mp3,,"detriment, disadvantage, damage, loss, deficit, debit, lack, shortage",cʰonun
adj.,uchicago_S_Hassan,cʰot.mp3,https://dsal.uchicago.edu/dictionaries/hassan/audio/00851.mp3,,light-coloured,cʰot
v.,uchicago_S_Hassan,cʰolmut.mp3,https://dsal.uchicago.edu/dictionaries/hassan/audio/00852.mp3,,washed,cʰolmut
n.f.,uchicago_S_Hassan,cʰə̄nʸ.mp3,https://dsal.uchicago.edu/dictionaries/hassan/audio/00853.mp3,,"sieve, strainer",cʰə̄nʸ
v.,uchicago_S_Hassan,cʰə̄n karin.mp3,https://dsal.uchicago.edu/dictionaries/hassan/audio/00854.mp3,,"sieve, strain, separate, put through a sieve",cʰə̄n karin
v.,uchicago_S_Hassan,dabāwun.mp3,https://dsal.uchicago.edu/dictionaries/hassan/audio/00855.mp3,,"threaten, endanger, pressure, terrorize, make threats",dabāwun
n.f.,uchicago_S_Hassan,dacʰ.mp3,https://dsal.uchicago.edu/dictionaries/hassan/audio/00856.mp3,,grape,dacʰ
n.m.,uchicago_S_Hassan,dacʰgurun.mp3,https://dsal.uchicago.edu/dictionaries/hassan/audio/00857.mp3,,bunch of grapes,dacʰgurun
n.m.,uchicago_S_Hassan,dacʰi-bāg.mp3,https://dsal.uchicago.edu/dictionaries/hassan/audio/00858.mp3,,vineyard,dacʰi-bāg
n.f.,uchicago_S_Hassan,dacʰirə̄ⁿṭʰ.mp3,https://dsal.uchicago.edu/dictionaries/hassan/audio/00859.mp3,,grape vine,dacʰirə̄ⁿṭʰ
v.,uchicago_S_Hassan,dafā.mp3,https://dsal.uchicago.edu/dictionaries/hassan/audio/00860.mp3,,"repulse, reject, rebuff, ward off",dafā
n.f.,uchicago_S_Hassan,dag.mp3,https://dsal.uchicago.edu/dictionaries/hassan/audio/00861.mp3,,"pain, ache, intimate affection",dag
v.,uchicago_S_Hassan,dagā diyun.mp3,https://dsal.uchicago.edu/dictionaries/hassan/audio/00862.mp3,,"deceive, mislead, betray, misinform, cheat, defraud, delude",dagā diyun
n.m.,uchicago_S_Hassan,dagābāz.mp3,https://dsal.uchicago.edu/dictionaries/hassan/audio/00863.mp3,,"traitor, conspirator, double agent",dagābāz
v.,uchicago_S_Hassan,dagun.mp3,https://dsal.uchicago.edu/dictionaries/hassan/audio/00864.mp3,,"crush, squash, mash, press",dagun
n.,uchicago_S_Hassan,dah.mp3,https://dsal.uchicago.edu/dictionaries/hassan/audio/00865.mp3,,ten,dah
adj.,uchicago_S_Hassan,dǝhyum.mp3,https://dsal.uchicago.edu/dictionaries/hassan/audio/00866.mp3,,tenth,dǝhyum
n.,uchicago_S_Hassan,dakʰιl.mp3,https://dsal.uchicago.edu/dictionaries/hassan/audio/00867.mp3,,"interference, nosiness, intrusion, hindrance",dakʰιl
n.m.,uchicago_S_Hassan,dakur.mp3,https://dsal.uchicago.edu/dictionaries/hassan/audio/00868.mp3,,hammer,dakur
v.,uchicago_S_Hassan,dakι dʸun.mp3,https://dsal.uchicago.edu/dictionaries/hassan/audio/00869.mp3,,to push,dakι dʸun
v.,uchicago_S_Hassan,dakι.mp3,https://dsal.uchicago.edu/dictionaries/hassan/audio/00870.mp3,,"jolt, jerk, shake, push",dakι
adj.,uchicago_S_Hassan,dāg dār.mp3,https://dsal.uchicago.edu/dictionaries/hassan/audio/00871.mp3,,"shameful, appalling, disgusting",dāg dār
n.f.,uchicago_S_Hassan,ḍʸog.mp3,https://dsal.uchicago.edu/dictionaries/hassan/audio/00872.mp3,,abscess on finger tips or toes,ḍʸog
n.,uchicago_S_Hassan,dalīl.mp3,https://dsal.uchicago.edu/dictionaries/hassan/audio/00873.mp3,,"proof, facts, evidence",dalīl
adj.,uchicago_S_Hassan,dalōm.mp3,https://dsal.uchicago.edu/dictionaries/hassan/audio/00874.mp3,,round,dalōm
v.,uchicago_S_Hassan,dam.mp3,https://dsal.uchicago.edu/dictionaries/hassan/audio/00875.mp3,,"breathe heavily, wheeze, pant, puff, gust",dam
adj.,uchicago_S_Hassan,damzǝdι.mp3,https://dsal.uchicago.edu/dictionaries/hassan/audio/00876.mp3,,"gasping, out of breath",damzǝdι
n.m.,uchicago_S_Hassan,dan.mp3,https://dsal.uchicago.edu/dictionaries/hassan/audio/00877.mp3,,handle,dan
v.,uchicago_S_Hassan,dapun.mp3,https://dsal.uchicago.edu/dictionaries/hassan/audio/00878.mp3,,"to tell, inform, let know, say to, put in the picture",dapun
n.,uchicago_S_Hassan,darιdar.mp3,https://dsal.uchicago.edu/dictionaries/hassan/audio/00879.mp3,,"& v. bargain, good deal, good buy, haggle, barter, negotiate",darιdar
n.m.,uchicago_S_Hassan,daram.mp3,https://dsal.uchicago.edu/dictionaries/hassan/audio/00880.mp3,,"contributions, aid, offerings, help, donations, charity",daram
n.,uchicago_S_Hassan,darji.mp3,https://dsal.uchicago.edu/dictionaries/hassan/audio/00881.mp3,,"degree, rank, position, class, condition, quality",darji
n.m.,uchicago_S_Hassan,darkʰāst.mp3,https://dsal.uchicago.edu/dictionaries/hassan/audio/00882.mp3,,"appeal, request, petition",darkʰāst
n.m.,uchicago_S_Hassan,darm.mp3,https://dsal.uchicago.edu/dictionaries/hassan/audio/00883.mp3,,"religion, faith, belief, religious conviction",darm
n.m.,uchicago_S_Hassan,darmārtʰ.mp3,https://dsal.uchicago.edu/dictionaries/hassan/audio/00884.mp3,,"pension, retirement fund",darmārtʰ
n.,uchicago_S_Hassan,darmiyāndār.mp3,https://dsal.uchicago.edu/dictionaries/hassan/audio/00885.mp3,,"agent, mediator, negotiator, representative",darmiyāndār
prep.,uchicago_S_Hassan,darmiyenī.mp3,https://dsal.uchicago.edu/dictionaries/hassan/audio/00886.mp3,,"in between, in the middle of, among, amid",darmiyenī
n.m.,uchicago_S_Hassan,darōgā jēl.mp3,https://dsal.uchicago.edu/dictionaries/hassan/audio/00887.mp3,,jailor,darōgā jēl
adj.,uchicago_S_Hassan,darpōk.mp3,https://dsal.uchicago.edu/dictionaries/hassan/audio/00888.mp3,,"timid, nervous, fearful",darpōk
v.,uchicago_S_Hassan,darwāzι kʰōlun.mp3,https://dsal.uchicago.edu/dictionaries/hassan/audio/00889.mp3,,to shut the door,darwāzι kʰōlun
v.,uchicago_S_Hassan,darwāzι dʸun.mp3,https://dsal.uchicago.edu/dictionaries/hassan/audio/00890.mp3,,cose the door shut the door,darwāzι dʸun
n.m.,uchicago_S_Hassan,darwāzι.mp3,https://dsal.uchicago.edu/dictionaries/hassan/audio/00891.mp3,,door,darwāzι
n.f.pl.,uchicago_S_Hassan,dāri.mp3,https://dsal.uchicago.edu/dictionaries/hassan/audio/00892.mp3,,windows,dāri
n.m.,uchicago_S_Hassan,darzi.mp3,https://dsal.uchicago.edu/dictionaries/hassan/audio/00893.mp3,,tailor,darzi
n.m.,uchicago_S_Hassan,dastār.mp3,https://dsal.uchicago.edu/dictionaries/hassan/audio/00894.mp3,,turban,dastār
n.,uchicago_S_Hassan,dastι-kǝsyān.mp3,https://dsal.uchicago.edu/dictionaries/hassan/audio/00895.mp3,,"used as derogatory term which mean cholera, belittling",dastι-kǝsyān
n.m.,uchicago_S_Hassan,dastιkʰat.mp3,https://dsal.uchicago.edu/dictionaries/hassan/audio/00896.mp3,,"signature, autograph, name",dastιkʰat
n.m.,uchicago_S_Hassan,dawa.mp3,https://dsal.uchicago.edu/dictionaries/hassan/audio/00897.mp3,,medicine,dawa
adj.,uchicago_S_Hassan,dazān dazān nerun.mp3,https://dsal.uchicago.edu/dictionaries/hassan/audio/00898.mp3,,"inflammatory, rabble-rousing, provocative, aggressive, rousing, incendiary",dazān dazān nerun
v.,uchicago_S_Hassan,daⁿd ṭakar aʦun.mp3,https://dsal.uchicago.edu/dictionaries/hassan/audio/00899.mp3,,"to shiver, tremble",daⁿd ṭakar aʦun
n.m.,uchicago_S_Hassan,daⁿd.mp3,https://dsal.uchicago.edu/dictionaries/hassan/audio/00900.mp3,,teeth,daⁿd
n.f.,uchicago_S_Hassan,daⁿdkʰilāl.mp3,https://dsal.uchicago.edu/dictionaries/hassan/audio/00901.mp3,,tooth-pick,daⁿdkʰilāl
n.m.,uchicago_S_Hassan,dāⁿdur.mp3,https://dsal.uchicago.edu/dictionaries/hassan/audio/00902.mp3,,vegetable grocer,dāⁿdur
n.f.,uchicago_S_Hassan,daⁿdιr.mp3,https://dsal.uchicago.edu/dictionaries/hassan/audio/00903.mp3,,"brim, edge, rim, lip, top",daⁿdιr
n.m.,uchicago_S_Hassan,dāg.mp3,https://dsal.uchicago.edu/dictionaries/hassan/audio/00904.mp3,,"scar, blemish, scratch mark, disfigurement",dāg
adj.,uchicago_S_Hassan,dāgdār.mp3,https://dsal.uchicago.edu/dictionaries/hassan/audio/00905.mp3,,"dishonored, desecrated, corrupted, tarnished",dāgdār
v.,uchicago_S_Hassan,dāg lagun.mp3,https://dsal.uchicago.edu/dictionaries/hassan/audio/00906.mp3,,"to stain, spot, mark, disgrace, defile",dāg lagun
v.,uchicago_S_Hassan,dām.mp3,https://dsal.uchicago.edu/dictionaries/hassan/audio/00907.mp3,,"sip, drink, swallow",dām
v.,uchicago_S_Hassan,ḍākur kʰālun.mp3,https://dsal.uchicago.edu/dictionaries/hassan/audio/00908.mp3,,"belch, to expel gas from stomach to the mouth, regurgitation",ḍākur kʰālun
n.m.,uchicago_S_Hassan,ḍākṭar.mp3,https://dsal.uchicago.edu/dictionaries/hassan/audio/00909.mp3,,doctor,ḍākṭar
n.m.,uchicago_S_Hassan,ḍākιwōl.mp3,https://dsal.uchicago.edu/dictionaries/hassan/audio/00910.mp3,,postman,ḍākιwōl
n.f.,uchicago_S_Hassan,dālcīn.mp3,https://dsal.uchicago.edu/dictionaries/hassan/audio/00911.mp3,,cinnamon,dālcīn
n.f.,uchicago_S_Hassan,dālι.mp3,https://dsal.uchicago.edu/dictionaries/hassan/audio/00912.mp3,,pulses,dālι
n.m.,uchicago_S_Hassan,dāmān.mp3,https://dsal.uchicago.edu/dictionaries/hassan/audio/00913.mp3,,skirt,dāmān
n.f.,uchicago_S_Hassan,dān.mp3,https://dsal.uchicago.edu/dictionaries/hassan/audio/00914.mp3,,"hearth, fireplace, grate",dān
n.m.,uchicago_S_Hassan,dānι mǝʦʸ.mp3,https://dsal.uchicago.edu/dictionaries/hassan/audio/00915.mp3,,mud used for maintenance of oven,dānι mǝʦʸ
n.m.,uchicago_S_Hassan,dāni.mp3,https://dsal.uchicago.edu/dictionaries/hassan/audio/00916.mp3,,paddy,dāni
n.f.,uchicago_S_Hassan,dānι.mp3,https://dsal.uchicago.edu/dictionaries/hassan/audio/00917.mp3,,"pimple, acne",dānι
n.m.,uchicago_S_Hassan,dānι-kuṭʰ.mp3,https://dsal.uchicago.edu/dictionaries/hassan/audio/00918.mp3,,"kitchen, cooking range",dānι-kuṭʰ
n.m.,uchicago_S_Hassan,dār.mp3,https://dsal.uchicago.edu/dictionaries/hassan/audio/00919.mp3,,gallows,dār
n.m.,uchicago_S_Hassan,dās.mp3,https://dsal.uchicago.edu/dictionaries/hassan/audio/00920.mp3,,"the lower timber of a doorway, beam, board, edge rock shelf, protrusion",dās
n.m.,uchicago_S_Hassan,dāv.mp3,https://dsal.uchicago.edu/dictionaries/hassan/audio/00921.mp3,,"wager, bet, gamble",dāv
v.,uchicago_S_Hassan,dāwa karun.mp3,https://dsal.uchicago.edu/dictionaries/hassan/audio/00922.mp3,,"claim, say, declare, profess, maintain",dāwa karun
n.,uchicago_S_Hassan,dāwā.mp3,https://dsal.uchicago.edu/dictionaries/hassan/audio/00923.mp3,,"to file case, argument, defense",dāwā
n.f.,uchicago_S_Hassan,dāwat.mp3,https://dsal.uchicago.edu/dictionaries/hassan/audio/00924.mp3,,invitation,dāwat
n.f.,uchicago_S_Hassan,dāy.mp3,https://dsal.uchicago.edu/dictionaries/hassan/audio/00925.mp3,,midwife,dāy
v.,uchicago_S_Hassan,dāⁿd wāyun.mp3,https://dsal.uchicago.edu/dictionaries/hassan/audio/00926.mp3,,to plough field,dāⁿd wāyun
n.m.,uchicago_S_Hassan,dāⁿd.mp3,https://dsal.uchicago.edu/dictionaries/hassan/audio/00927.mp3,,bull,dāⁿd
n.f.,uchicago_S_Hassan,ḍab.mp3,https://dsal.uchicago.edu/dictionaries/hassan/audio/00928.mp3,,"veranda, gallery, terrace, porch",ḍab
n.m.,uchicago_S_Hassan,dāⁿdιloṭ.mp3,https://dsal.uchicago.edu/dictionaries/hassan/audio/00929.mp3,,tail of yak,dāⁿdιloṭ
n.,uchicago_S_Hassan,dāniwal.mp3,https://dsal.uchicago.edu/dictionaries/hassan/audio/00930.mp3,,"coriander leaves, coriander seeds",dāniwal
n.m.,uchicago_S_Hassan,dānι.mp3,https://dsal.uchicago.edu/dictionaries/hassan/audio/00931.mp3,,grains,dānι
n.m.,uchicago_S_Hassan,demāg.mp3,https://dsal.uchicago.edu/dictionaries/hassan/audio/00932.mp3,,"mind, intelligence, common sense, intellect, head",demāg
adj.,uchicago_S_Hassan,demāⁿgrusti.mp3,https://dsal.uchicago.edu/dictionaries/hassan/audio/00933.mp3,,"insensible, insensitive, indifferent, uncaring",demāⁿgrusti
adv.,uchicago_S_Hassan,demə̄gī gaʦun.mp3,https://dsal.uchicago.edu/dictionaries/hassan/audio/00934.mp3,,"delirium, hallucination, restlessness, confusion, frenzy",demə̄gī gaʦun
n.m.,uchicago_S_Hassan,dēⁿṭʰun.mp3,https://dsal.uchicago.edu/dictionaries/hassan/audio/00935.mp3,,girdle,dēⁿṭʰun
n.m.,uchicago_S_Hassan,daras.mp3,https://dsal.uchicago.edu/dictionaries/hassan/audio/00936.mp3,,"stack, heap, pile",daras
n.m.,uchicago_S_Hassan,dev.mp3,https://dsal.uchicago.edu/dictionaries/hassan/audio/00937.mp3,,"demon, evil spirit, fiend, sprite, mischievous sprite",dev
adj.,uchicago_S_Hassan,devōlι.mp3,https://dsal.uchicago.edu/dictionaries/hassan/audio/00938.mp3,,"bankrupt, out of order, defunct",devōlι
n.m.,uchicago_S_Hassan,dewān kʰān.mp3,https://dsal.uchicago.edu/dictionaries/hassan/audio/00939.mp3,,"palace, fortress",dewān kʰān
adj.,uchicago_S_Hassan,dewānι.mp3,https://dsal.uchicago.edu/dictionaries/hassan/audio/00940.mp3,,"mad, foolish, barmy, nutty",dewānι
n.f.,uchicago_S_Hassan,dewār.mp3,https://dsal.uchicago.edu/dictionaries/hassan/audio/00941.mp3,,"wall, partition, barrier, fence",dewār
adv.,uchicago_S_Hassan,dewι.mp3,https://dsal.uchicago.edu/dictionaries/hassan/audio/00942.mp3,,"possibly, probably, perhaps, maybe",dewι
n.f.,uchicago_S_Hassan,dēg.mp3,https://dsal.uchicago.edu/dictionaries/hassan/audio/00943.mp3,,"big cooking pot, degchi",dēg
n.,uchicago_S_Hassan,dildār.mp3,https://dsal.uchicago.edu/dictionaries/hassan/audio/00944.mp3,,"sweetheart, darling",dildār
n.,uchicago_S_Hassan,digar.mp3,https://dsal.uchicago.edu/dictionaries/hassan/audio/00945.mp3,,"late afternoon, sunset, nightfall, sundown, twilight, dusk",digar
adj.,uchicago_S_Hassan,dil malūl.mp3,https://dsal.uchicago.edu/dictionaries/hassan/audio/00946.mp3,,"sad of heart, unhappy, heartrending",dil malūl
n.m.,uchicago_S_Hassan,dil.mp3,https://dsal.uchicago.edu/dictionaries/hassan/audio/00947.mp3,,heart,dil
v.,uchicago_S_Hassan,dilāsι dʸun.mp3,https://dsal.uchicago.edu/dictionaries/hassan/audio/00948.mp3,,"console, comfort, soothe, relieve",dilāsι dʸun
adj.,uchicago_S_Hassan,dilbadan.mp3,https://dsal.uchicago.edu/dictionaries/hassan/audio/00949.mp3,,"adored, favorite, darling, beloved",dilbadan
n.f.,uchicago_S_Hassan,dilcespī.mp3,https://dsal.uchicago.edu/dictionaries/hassan/audio/00950.mp3,,"interest, attraction, attention, importance",dilcespī
n.f.,uchicago_S_Hassan,dilehri.mp3,https://dsal.uchicago.edu/dictionaries/hassan/audio/00951.mp3,,"courage, bravery, guts, daring, audacity",dilehri
adj.,uchicago_S_Hassan,dilkʰoš.mp3,https://dsal.uchicago.edu/dictionaries/hassan/audio/00952.mp3,,"comfortable, happy, easy, calm, contented, at ease",dilkʰoš
v.,uchicago_S_Hassan,dilkʰoš sapdun.mp3,https://dsal.uchicago.edu/dictionaries/hassan/audio/00953.mp3,,"rejoice, celebrate, be pleased about, cheer, be glad",dilkʰoš sapdun
adv.,uchicago_S_Hassan,dil-ō-jānι sιt.mp3,https://dsal.uchicago.edu/dictionaries/hassan/audio/00954.mp3,,"cordially, warmly, affectionately, affably",dil-ō-jānι sιt
adj.,uchicago_S_Hassan,dil-pasⁿd.mp3,https://dsal.uchicago.edu/dictionaries/hassan/audio/00955.mp3,,"delightful, pleasant, charming, lovely, wonderful",dil-pasⁿd
adj.,uchicago_S_Hassan,diltang.mp3,https://dsal.uchicago.edu/dictionaries/hassan/audio/00956.mp3,,"distressed, upset, troubled, concerned, worried, unhappy, bothered",diltang
n.m.,uchicago_S_Hassan,dil-uk jōš.mp3,https://dsal.uchicago.edu/dictionaries/hassan/audio/00957.mp3,,"emotion, feeling, sentiment, passion",dil-uk jōš
n.m.,uchicago_S_Hassan,dinιwōl.mp3,https://dsal.uchicago.edu/dictionaries/hassan/audio/00958.mp3,,one who give or make happen,dinιwōl
n.m.,uchicago_S_Hassan,divdōr.mp3,https://dsal.uchicago.edu/dictionaries/hassan/audio/00959.mp3,,cedar,divdōr
v.,uchicago_S_Hassan,diyun.mp3,https://dsal.uchicago.edu/dictionaries/hassan/audio/00960.mp3,,"to give, offer, present, bestow, give",diyun
n.m.,uchicago_S_Hassan,dīn.mp3,https://dsal.uchicago.edu/dictionaries/hassan/audio/00961.mp3,,"religion, faith, belief, religious conviction",dīn
n.m.,uchicago_S_Hassan,dīp.mp3,https://dsal.uchicago.edu/dictionaries/hassan/audio/00962.mp3,,lamp,dīp
v.,uchicago_S_Hassan,dǝbrāwun.mp3,https://dsal.uchicago.edu/dictionaries/hassan/audio/00963.mp3,,"to bury, put in the ground, lay to rest",dǝbrāwun
n.f.,uchicago_S_Hassan,dǝbʸbāy.mp3,https://dsal.uchicago.edu/dictionaries/hassan/audio/00964.mp3,,washerwoman,dǝbʸbāy
adj.,uchicago_S_Hassan,dǝcʰun.mp3,https://dsal.uchicago.edu/dictionaries/hassan/audio/00965.mp3,,"& n. right, south",dǝcʰun
n.m.,uchicago_S_Hassan,dǝhribōj.mp3,https://dsal.uchicago.edu/dictionaries/hassan/audio/00966.mp3,,"fellow, partner",dǝhribōj
n.f.,uchicago_S_Hassan,dǝj.mp3,https://dsal.uchicago.edu/dictionaries/hassan/audio/00967.mp3,,handkerchief,dǝj
n.f.,uchicago_S_Hassan,kalιdǝj.mp3,https://dsal.uchicago.edu/dictionaries/hassan/audio/00968.mp3,,towel,kalιdǝj
n.f.,uchicago_S_Hassan,dǝj.mp3,https://dsal.uchicago.edu/dictionaries/hassan/audio/00969.mp3,,corn-field,dǝj
n.,uchicago_S_Hassan,dǝkʰin.mp3,https://dsal.uchicago.edu/dictionaries/hassan/audio/00970.mp3,,south,dǝkʰin
n.m.,uchicago_S_Hassan,də̄n.mp3,https://dsal.uchicago.edu/dictionaries/hassan/audio/00971.mp3,,pomegranate,də̄n
n.f.,uchicago_S_Hassan,dǝrkι.mp3,https://dsal.uchicago.edu/dictionaries/hassan/audio/00972.mp3,,leech,dǝrkι
n.m.,uchicago_S_Hassan,dǝrkιgor.mp3,https://dsal.uchicago.edu/dictionaries/hassan/audio/00973.mp3,,leech-man,dǝrkιgor
v.,uchicago_S_Hassan,dǝryāft gaʦun.mp3,https://dsal.uchicago.edu/dictionaries/hassan/audio/00974.mp3,,"discover, find out, learn, determine, notice, ascertain",dǝryāft gaʦun
v.,uchicago_S_Hassan,dǝryāft karun.mp3,https://dsal.uchicago.edu/dictionaries/hassan/audio/00975.mp3,,"to inquire, query, make inquiries, find out, see if",dǝryāft karun
v.,uchicago_S_Hassan,dǝryāftι.mp3,https://dsal.uchicago.edu/dictionaries/hassan/audio/00976.mp3,,"detect, notice, discover, find out, find, reveal, expose, uncover",dǝryāftι
n.m.,uchicago_S_Hassan,dǝryāv.mp3,https://dsal.uchicago.edu/dictionaries/hassan/audio/00977.mp3,,river,dǝryāv
n.f.,uchicago_S_Hassan,dǝsil bāy.mp3,https://dsal.uchicago.edu/dictionaries/hassan/audio/00978.mp3,,mason’s wife,dǝsil bāy
n.m.,uchicago_S_Hassan,dāsι.mp3,https://dsal.uchicago.edu/dictionaries/hassan/audio/00979.mp3,,"brim of door or like, border, frame",dāsι
n.m.,uchicago_S_Hassan,dǝsil.mp3,https://dsal.uchicago.edu/dictionaries/hassan/audio/00980.mp3,,mason,dǝsil
n.,uchicago_S_Hassan,dāstān.mp3,https://dsal.uchicago.edu/dictionaries/hassan/audio/00981.mp3,,"tale, story, narative",dāstān
n.m.,uchicago_S_Hassan,dǝcʰi pʰol.mp3,https://dsal.uchicago.edu/dictionaries/hassan/audio/00982.mp3,,grape,dǝcʰi pʰol
n.m.,uchicago_S_Hassan,dǝcʰi pōⁿpur.mp3,https://dsal.uchicago.edu/dictionaries/hassan/audio/00983.mp3,,an insect making noise during autumn,dǝcʰi pōⁿpur
adj.,uchicago_S_Hassan,dǝyum.mp3,https://dsal.uchicago.edu/dictionaries/hassan/audio/00984.mp3,,"second, next, succeeding",dǝyum
v.,uchicago_S_Hassan,dazun.mp3,https://dsal.uchicago.edu/dictionaries/hassan/audio/00985.mp3,,"destroy by fire, burn up, burn down, be on fire, be ablaze",dazun
adj.,uchicago_S_Hassan,dazwun.mp3,https://dsal.uchicago.edu/dictionaries/hassan/audio/00986.mp3,,"burning, flaming, aflame, ablaze, on fire, blazing, fiery",dazwun
n.m.,uchicago_S_Hassan,dob.mp3,https://dsal.uchicago.edu/dictionaries/hassan/audio/00987.mp3,,washerman,dob
n.,uchicago_S_Hassan,dog.mp3,https://dsal.uchicago.edu/dictionaries/hassan/audio/00988.mp3,,"punch, blow, hit, thump",dog
n.m.,uchicago_S_Hassan,draⁿg.mp3,https://dsal.uchicago.edu/dictionaries/hassan/audio/00989.mp3,,a tourist resort in Kashmir,draⁿg
v.,uchicago_S_Hassan,dog lāyun.mp3,https://dsal.uchicago.edu/dictionaries/hassan/audio/00990.mp3,,"punch, batter, beat, strike, hit, batter, pummel",dog lāyun
n.,uchicago_S_Hassan,doh.mp3,https://dsal.uchicago.edu/dictionaries/hassan/audio/00991.mp3,,"day, date, calendar day, day of the week",doh
n.,uchicago_S_Hassan,doh lōsun.mp3,https://dsal.uchicago.edu/dictionaries/hassan/audio/00992.mp3,,"sunset, sundown, dusk, the end of the day",doh lōsun
n.,uchicago_S_Hassan,dohas.mp3,https://dsal.uchicago.edu/dictionaries/hassan/audio/00993.mp3,,"daytime, hours of daylight",dohas
adv.,uchicago_S_Hassan,dohay.mp3,https://dsal.uchicago.edu/dictionaries/hassan/audio/00994.mp3,,"always, at all times, constantly, permanently, continually, continuously, always, constantly, endlessly",dohay
adv.,uchicago_S_Hassan,doh-pat-doh.mp3,https://dsal.uchicago.edu/dictionaries/hassan/audio/00995.mp3,,"day after day, regularly, relentlessly, day in day out, continually, constantly",doh-pat-doh
adv.,uchicago_S_Hassan,dōlι.mp3,https://dsal.uchicago.edu/dictionaries/hassan/audio/00996.mp3,,"sideways, lateral",dōlι
n.,uchicago_S_Hassan,dopahar.mp3,https://dsal.uchicago.edu/dictionaries/hassan/audio/00997.mp3,,"noon, midday, twelve noon, noontime",dopahar
adj.,uchicago_S_Hassan,dor.mp3,https://dsal.uchicago.edu/dictionaries/hassan/audio/00998.mp3,,"durable, tough, sturdy, strong, robust, long-lasting",dor
n.,uchicago_S_Hassan,dōst.mp3,https://dsal.uchicago.edu/dictionaries/hassan/audio/00999.mp3,,"friend, pal, buddy, companion",dōst
v.,uchicago_S_Hassan,dōstι banun.mp3,https://dsal.uchicago.edu/dictionaries/hassan/audio/01000.mp3,,"make friends with, take care of, look after, help",dōstι banun
adv.,uchicago_S_Hassan,došwǝy.mp3,https://dsal.uchicago.edu/dictionaries/hassan/audio/01001.mp3,,"both, together, in cooperation, equally, mutually",došwǝy
adj.,uchicago_S_Hassan,došān.mp3,https://dsal.uchicago.edu/dictionaries/hassan/audio/01002.mp3,,"flowing, sinuous, fluid, smooth",došān
v.,uchicago_S_Hassan,doykʰə̄r karun.mp3,https://dsal.uchicago.edu/dictionaries/hassan/audio/01003.mp3,,"to bless, purify",doykʰə̄r karun
adv.,uchicago_S_Hassan,doylaṭi.mp3,https://dsal.uchicago.edu/dictionaries/hassan/audio/01004.mp3,,two times,doylaṭi
adv.,uchicago_S_Hassan,doypʰirι.mp3,https://dsal.uchicago.edu/dictionaries/hassan/audio/01005.mp3,,"twice, two times",doypʰirι
n.,uchicago_S_Hassan,doyšīt.mp3,https://dsal.uchicago.edu/dictionaries/hassan/audio/01006.mp3,,eighty-two,doyšīt
adj.,uchicago_S_Hassan,doyšītihum.mp3,https://dsal.uchicago.edu/dictionaries/hassan/audio/01007.mp3,,eighty-second,doyšītihum
n.,uchicago_S_Hassan,doytrιh.mp3,https://dsal.uchicago.edu/dictionaries/hassan/audio/01008.mp3,,thirty-two,doytrιh
adj.,uchicago_S_Hassan,doytrιhιyum.mp3,https://dsal.uchicago.edu/dictionaries/hassan/audio/01009.mp3,,thirty-second,doytrιhιyum
n.,uchicago_S_Hassan,doytə̄jih.mp3,https://dsal.uchicago.edu/dictionaries/hassan/audio/01010.mp3,,forty-two,doytə̄jih
adj.,uchicago_S_Hassan,doytə̄jihιyum.mp3,https://dsal.uchicago.edu/dictionaries/hassan/audio/01011.mp3,,forty-second,doytə̄jihιyum
v.,uchicago_S_Hassan,dⁿkʰι lagun.mp3,https://dsal.uchicago.edu/dictionaries/hassan/audio/01012.mp3,,"deceived, mislead, betrayed, misinformed, cheated, defrauded, deluded",dⁿkʰι lagun
v.,uchicago_S_Hassan,dōⁿkʰι diyun.mp3,https://dsal.uchicago.edu/dictionaries/hassan/audio/01013.mp3,,"defraud, take advantage of, deceive, mislead, cheat",dōⁿkʰι diyun
n.,uchicago_S_Hassan,doⁿkʰι.mp3,https://dsal.uchicago.edu/dictionaries/hassan/audio/01014.mp3,,"deceit, deceitfulness, deception, cheating, falseness, fraud",doⁿkʰι
v.,uchicago_S_Hassan,dōd āsun.mp3,https://dsal.uchicago.edu/dictionaries/hassan/audio/01015.mp3,,to suffer,dōd āsun
v.,uchicago_S_Hassan,dōd karun.mp3,https://dsal.uchicago.edu/dictionaries/hassan/audio/01016.mp3,,sensation of pain,dōd karun
n.,uchicago_S_Hassan,dōd.mp3,https://dsal.uchicago.edu/dictionaries/hassan/audio/01017.mp3,,"disease, illness, sickness, ailment, virus, infection, disorder, complaint",dōd
n.m.,uchicago_S_Hassan,ḍōl.mp3,https://dsal.uchicago.edu/dictionaries/hassan/audio/01018.mp3,,drum,ḍōl
adj.,uchicago_S_Hassan,dōdlad.mp3,https://dsal.uchicago.edu/dictionaries/hassan/audio/01019.mp3,,"ill, unwell, sick",dōdlad
v.,uchicago_S_Hassan,dod.mp3,https://dsal.uchicago.edu/dictionaries/hassan/audio/01020.mp3,,"burnt, be on fire, blaze, be ablaze,",dod
n.f.,uchicago_S_Hassan,dōsdə̄rī.mp3,https://dsal.uchicago.edu/dictionaries/hassan/audio/01021.mp3,,"friendship, companionship, closeness, familiarity",dōsdə̄rī
v.,uchicago_S_Hassan,dōnunι.mp3,https://dsal.uchicago.edu/dictionaries/hassan/audio/01022.mp3,,"to card cotton, combing cotton with toothed instrument",dōnunι
n.f.,uchicago_S_Hassan,dōr.mp3,https://dsal.uchicago.edu/dictionaries/hassan/audio/01023.mp3,,running,dōr
n.m.,uchicago_S_Hassan,dōranwōl.mp3,https://dsal.uchicago.edu/dictionaries/hassan/audio/01024.mp3,,"runner, jogger",dōranwōl
v.,uchicago_S_Hassan,dōrnāwun.mp3,https://dsal.uchicago.edu/dictionaries/hassan/audio/01025.mp3,,cause to run,dōrnāwun
v.,uchicago_S_Hassan,dōrun.mp3,https://dsal.uchicago.edu/dictionaries/hassan/audio/01026.mp3,,"to run, jog, walk with good pace",dōrun
v.,uchicago_S_Hassan,dāgun.mp3,https://dsal.uchicago.edu/dictionaries/hassan/audio/01027.mp3,,"to mark, to brand, to put a distinguishing mark on anything",dāgun
n.m.,uchicago_S_Hassan,dōzakʰ.mp3,https://dsal.uchicago.edu/dictionaries/hassan/audio/01028.mp3,,hell,dōzakʰ
adj.,uchicago_S_Hassan,dōⁿkʰιbāz.mp3,https://dsal.uchicago.edu/dictionaries/hassan/audio/01029.mp3,,"cunning, underhanded, tricky, furtive",dōⁿkʰιbāz
n.,uchicago_S_Hassan,dɔd.mp3,https://dsal.uchicago.edu/dictionaries/hassan/audio/01030.mp3,,milk,dɔd
v.,uchicago_S_Hassan,dɔdιrun.mp3,https://dsal.uchicago.edu/dictionaries/hassan/audio/01031.mp3,,"decay, decompose, rot, molder, perish, corrode, waste away",dɔdιrun
v.,uchicago_S_Hassan,dɔdιrāwun.mp3,https://dsal.uchicago.edu/dictionaries/hassan/audio/01032.mp3,,"rot, decompose, decay, perish",dɔdιrāwun
n.,uchicago_S_Hassan,dɔdšur.mp3,https://dsal.uchicago.edu/dictionaries/hassan/audio/01033.mp3,,"baby, infant, babe, newborn",dɔdšur
adj.,uchicago_S_Hassan,dɔdur.mp3,https://dsal.uchicago.edu/dictionaries/hassan/audio/01034.mp3,,"rotten, decayed, decomposed",dɔdur
n.,uchicago_S_Hassan,dɔdι baci.mp3,https://dsal.uchicago.edu/dictionaries/hassan/audio/01035.mp3,,"infant, newborn, child",dɔdι baci
n.m.,uchicago_S_Hassan,dɔykʰə̄r.mp3,https://dsal.uchicago.edu/dictionaries/hassan/audio/01036.mp3,,"lucky charm, amulet, mascot, good blessings",dɔykʰə̄r
n.,uchicago_S_Hassan,dɔkʰ.mp3,https://dsal.uchicago.edu/dictionaries/hassan/audio/01037.mp3,,"affliction, suffering, misery, pain, hardship",dɔkʰ
n.m.,uchicago_S_Hassan,ḍām.mp3,https://dsal.uchicago.edu/dictionaries/hassan/audio/01038.mp3,,"annoyance, displeasure, infuriation",ḍām
adj.m.,uchicago_S_Hassan,dɔkʰιlad.mp3,https://dsal.uchicago.edu/dictionaries/hassan/audio/01039.mp3,,"sorrowful, heartrending, upsetting, distressing",dɔkʰιlad
adj.f.,uchicago_S_Hassan,dɔkʰlǝdin.mp3,https://dsal.uchicago.edu/dictionaries/hassan/audio/01040.mp3,,"sorrowful, heartrending, upsetting, distressing",dɔkʰlǝdin
n.m.,uchicago_S_Hassan,dɔr.mp3,https://dsal.uchicago.edu/dictionaries/hassan/audio/01041.mp3,,pearl,dɔr
n.f.,uchicago_S_Hassan,dɔs.mp3,https://dsal.uchicago.edu/dictionaries/hassan/audio/01042.mp3,,"wall, partition, barrier, fence",dɔs
n.f.,uchicago_S_Hassan,draⁿgal.mp3,https://dsal.uchicago.edu/dictionaries/hassan/audio/01043.mp3,,"stage, playhouse, theater",draⁿgal
n.m.,uchicago_S_Hassan,drāg.mp3,https://dsal.uchicago.edu/dictionaries/hassan/audio/01044.mp3,,"famine, scarcity, food shortage, food crisis, deprivation",drāg
adj.,uchicago_S_Hassan,drog.mp3,https://dsal.uchicago.edu/dictionaries/hassan/audio/01045.mp3,,"high-priced, expensive, costly, pricey",drog
adj.,uchicago_S_Hassan,drojer.mp3,https://dsal.uchicago.edu/dictionaries/hassan/audio/01046.mp3,,"pricey, costly, expensive, valuable",drojer
v.,uchicago_S_Hassan,drāv.mp3,https://dsal.uchicago.edu/dictionaries/hassan/audio/01047.mp3,,"to exit, go out, go, leave",drāv
v.,uchicago_S_Hassan,drōt wāyun.mp3,https://dsal.uchicago.edu/dictionaries/hassan/audio/01048.mp3,,"to sickle, cut",drōt wāyun
n.m.,uchicago_S_Hassan,drōt.mp3,https://dsal.uchicago.edu/dictionaries/hassan/audio/01049.mp3,,grass-cutter,drōt
adj.,uchicago_S_Hassan,drōⁿṭʰ.mp3,https://dsal.uchicago.edu/dictionaries/hassan/audio/01050.mp3,,not easily to be broken,drōⁿṭʰ
n.f.,uchicago_S_Hassan,drɔkʰ.mp3,https://dsal.uchicago.edu/dictionaries/hassan/audio/01051.mp3,,"vomiting, nausea, queasiness",drɔkʰ
n.f.,uchicago_S_Hassan,drιy.mp3,https://dsal.uchicago.edu/dictionaries/hassan/audio/01052.mp3,,"oath, swearword",drιy
adv.,uchicago_S_Hassan,dubārι.mp3,https://dsal.uchicago.edu/dictionaries/hassan/audio/01053.mp3,,"again, all over again, for a second, yet again, another time, once more",dubārι
n.f.,uchicago_S_Hassan,dubrāyi.mp3,https://dsal.uchicago.edu/dictionaries/hassan/audio/01054.mp3,,heart beating,dubrāyi
n.,uchicago_S_Hassan,duci.mp3,https://dsal.uchicago.edu/dictionaries/hassan/audio/01055.mp3,,twin,duci
n.,uchicago_S_Hassan,duh.mp3,https://dsal.uchicago.edu/dictionaries/hassan/audio/01056.mp3,,"smoke, smolder",duh
n.m.,uchicago_S_Hassan,duhul.mp3,https://dsal.uchicago.edu/dictionaries/hassan/audio/01057.mp3,,"daytime, daylight, daylight hours",duhul
v.,uchicago_S_Hassan,duh watʰun.mp3,https://dsal.uchicago.edu/dictionaries/hassan/audio/01058.mp3,,"burn, be on fire, smolder, smoke",duh watʰun
n.,uchicago_S_Hassan,duhə̄ṭʰ.mp3,https://dsal.uchicago.edu/dictionaries/hassan/audio/01059.mp3,,sixty-two,duhə̄ṭʰ
adj.,uchicago_S_Hassan,duhə̄ṭʰʸum.mp3,https://dsal.uchicago.edu/dictionaries/hassan/audio/01060.mp3,,sixty-second,duhə̄ṭʰʸum
adj.,uchicago_S_Hassan,dujān.mp3,https://dsal.uchicago.edu/dictionaries/hassan/audio/01061.mp3,,"pregnant, with child, expectant, expecting, heavy with child",dujān
n.m.,uchicago_S_Hassan,dukāndār.mp3,https://dsal.uchicago.edu/dictionaries/hassan/audio/01062.mp3,,shopkeeper,dukāndār
n.m.,uchicago_S_Hassan,duk.mp3,https://dsal.uchicago.edu/dictionaries/hassan/audio/01063.mp3,,"notch, nick, cut mark",duk
n.f.,uchicago_S_Hassan,dukə̄rʸ.mp3,https://dsal.uchicago.edu/dictionaries/hassan/audio/01064.mp3,,scissors,dukə̄rʸ
n.m.,uchicago_S_Hassan,dam.mp3,https://dsal.uchicago.edu/dictionaries/hassan/audio/01065.mp3,,"second, moment, jiffy, flash, minute",dam
n.f.,uchicago_S_Hassan,dum.mp3,https://dsal.uchicago.edu/dictionaries/hassan/audio/01066.mp3,,"tail, back",dum
n.,uchicago_S_Hassan,dumdām.mp3,https://dsal.uchicago.edu/dictionaries/hassan/audio/01067.mp3,,"ostentation, showiness, pretension",dumdām
n.,uchicago_S_Hassan,dunammatʰ.mp3,https://dsal.uchicago.edu/dictionaries/hassan/audio/01068.mp3,,ninety-two,dunammatʰ
adj.,uchicago_S_Hassan,dunamtιhʸum.mp3,https://dsal.uchicago.edu/dictionaries/hassan/audio/01069.mp3,,ninety-second,dunamtιhʸum
adj.,uchicago_S_Hassan,duniyādār.mp3,https://dsal.uchicago.edu/dictionaries/hassan/audio/01070.mp3,,"wealthy, rich, well-off, affluent, prosperous, moneyed",duniyādār
v.,uchicago_S_Hassan,dunun.mp3,https://dsal.uchicago.edu/dictionaries/hassan/audio/01071.mp3,,"brush off, flounce, remove, clear, brush away",dunun
n.m.,uchicago_S_Hassan,dunyā.mp3,https://dsal.uchicago.edu/dictionaries/hassan/audio/01072.mp3,,"world, globe, planet, humankind, humanity",dunyā
v.,uchicago_S_Hassan,duri pʸeṭʰ wasun.mp3,https://dsal.uchicago.edu/dictionaries/hassan/audio/01073.mp3,,"dismount, get down, get off",duri pʸeṭʰ wasun
n.,uchicago_S_Hassan,dusattat.mp3,https://dsal.uchicago.edu/dictionaries/hassan/audio/01074.mp3,,seventy-two,dusattat
adj.,uchicago_S_Hassan,dusattιhum.mp3,https://dsal.uchicago.edu/dictionaries/hassan/audio/01075.mp3,,seventy-second,dusattιhum
n.m.,uchicago_S_Hassan,dusι.mp3,https://dsal.uchicago.edu/dictionaries/hassan/audio/01076.mp3,,gents shawl,dusι
n.m.,uchicago_S_Hassan,dušman.mp3,https://dsal.uchicago.edu/dictionaries/hassan/audio/01077.mp3,,"enemy, rival, foe, rival, competitor, opponent, challenger, enemy, foe",dušman
n.f.,uchicago_S_Hassan,dušmanī.mp3,https://dsal.uchicago.edu/dictionaries/hassan/audio/01078.mp3,,"enmity, hostility, antagonism, unfriendliness, conflict, argument, disagreement, disharmony, dispute",dušmanī
v.,uchicago_S_Hassan,duwā.mp3,https://dsal.uchicago.edu/dictionaries/hassan/audio/01079.mp3,,"pray, wish, call upon",duwā
n.,uchicago_S_Hassan,duwanzah.mp3,https://dsal.uchicago.edu/dictionaries/hassan/audio/01080.mp3,,fifty-two,duwanzah
adj.,uchicago_S_Hassan,duwanzǝhʸum.mp3,https://dsal.uchicago.edu/dictionaries/hassan/audio/01081.mp3,,fifty-second,duwanzǝhʸum
n.m.,uchicago_S_Hassan,duⁿgι.mp3,https://dsal.uchicago.edu/dictionaries/hassan/audio/01082.mp3,,"ferry, small house-boat",duⁿgι
n.m.,uchicago_S_Hassan,dūdal.mp3,https://dsal.uchicago.edu/dictionaries/hassan/audio/01083.mp3,,dandelion,dūdal
adj.,uchicago_S_Hassan,dūn.mp3,https://dsal.uchicago.edu/dictionaries/hassan/audio/01084.mp3,,three-fourth,dūn
n.m.,uchicago_S_Hassan,ḍūn.mp3,https://dsal.uchicago.edu/dictionaries/hassan/audio/01085.mp3,,walnut,ḍūn
n.,uchicago_S_Hassan,dūnhatʰ.mp3,https://dsal.uchicago.edu/dictionaries/hassan/audio/01086.mp3,,seventy-five,dūnhatʰ
n.m.,uchicago_S_Hassan,ḍūnkul.mp3,https://dsal.uchicago.edu/dictionaries/hassan/audio/01087.mp3,,walnut tree,ḍūnkul
n.,uchicago_S_Hassan,dūnι tre.mp3,https://dsal.uchicago.edu/dictionaries/hassan/audio/01088.mp3,,two and three quarters,dūnι tre
adj.,uchicago_S_Hassan,dūr andēš.mp3,https://dsal.uchicago.edu/dictionaries/hassan/audio/01089.mp3,,"prudent, far-sighted, wise, practical, sensible, cautious",dūr andēš
n.f.,uchicago_S_Hassan,dūr andēši.mp3,https://dsal.uchicago.edu/dictionaries/hassan/audio/01090.mp3,,"prudence, forethought, cautiousness",dūr andēši
adj.,uchicago_S_Hassan,dūr.mp3,https://dsal.uchicago.edu/dictionaries/hassan/audio/01091.mp3,,"distant, far-away, far-off, far, isolated",dūr
adj.,uchicago_S_Hassan,dūri.mp3,https://dsal.uchicago.edu/dictionaries/hassan/audio/01092.mp3,,"remote, distant, far-flung, far-off, apart",dūri
n.m.,uchicago_S_Hassan,dūrer.mp3,https://dsal.uchicago.edu/dictionaries/hassan/audio/01093.mp3,,"separation, partition, disconnection",dūrer
adv.,uchicago_S_Hassan,dūri pʸeṭʰ.mp3,https://dsal.uchicago.edu/dictionaries/hassan/audio/01094.mp3,,"at a distance, not together, away from each other, spaced out, distant",dūri pʸeṭʰ
n.f.,uchicago_S_Hassan,dusι pǝṭ.mp3,https://dsal.uchicago.edu/dictionaries/hassan/audio/01095.mp3,,gents shawl,dusι pǝṭ
adj.,uchicago_S_Hassan,dʸānatdār.mp3,https://dsal.uchicago.edu/dictionaries/hassan/audio/01096.mp3,,honest,dʸānatdār
n.m.,uchicago_S_Hassan,dʸār.mp3,https://dsal.uchicago.edu/dictionaries/hassan/audio/01097.mp3,,"riches, treasures, reserves, money, capital",dʸār
adj.,uchicago_S_Hassan,dʸārιwōl.mp3,https://dsal.uchicago.edu/dictionaries/hassan/audio/01098.mp3,,"rich, wealthy, well-off",dʸārιwōl
adj.,uchicago_S_Hassan,ḍuptι.mp3,https://dsal.uchicago.edu/dictionaries/hassan/audio/01099.mp3,,a kind of scarf to cover head used with suit,ḍuptι
v.,uchicago_S_Hassan,dʸāwun.mp3,https://dsal.uchicago.edu/dictionaries/hassan/audio/01100.mp3,,cause to give,dʸāwun
n.f.,uchicago_S_Hassan,dʸel.mp3,https://dsal.uchicago.edu/dictionaries/hassan/audio/01101.mp3,,"bark of tree, rind of fruit, peel, skin, outer layer",dʸel
adj.,uchicago_S_Hassan,ḍʸul.mp3,https://dsal.uchicago.edu/dictionaries/hassan/audio/01102.mp3,,"free, loose, loose-fitting, flowing",ḍʸul
v.,uchicago_S_Hassan,dιrιy hāwun.mp3,https://dsal.uchicago.edu/dictionaries/hassan/audio/01103.mp3,,"to swear, vow, promise, give your word",dιrιy hāwun
n.,uchicago_S_Hassan,də̄d kot.mp3,https://dsal.uchicago.edu/dictionaries/hassan/audio/01104.mp3,,good friends and relatives by the side in grievance,də̄d kot
n.m.,uchicago_S_Hassan,də̄n pōš.mp3,https://dsal.uchicago.edu/dictionaries/hassan/audio/01105.mp3,,flowers of pomegranate,də̄n pōš
adj.f.,uchicago_S_Hassan,də̄dladin.mp3,https://dsal.uchicago.edu/dictionaries/hassan/audio/01106.mp3,,"sick, ill, not a hundred percent",də̄dladin
n.m.,uchicago_S_Hassan,də̄n-ras.mp3,https://dsal.uchicago.edu/dictionaries/hassan/audio/01107.mp3,,pomegranate juice,də̄n-ras
n.f.,uchicago_S_Hassan,də̄r.mp3,https://dsal.uchicago.edu/dictionaries/hassan/audio/01108.mp3,,beard,də̄r
n.f.,uchicago_S_Hassan,də̄r.mp3,https://dsal.uchicago.edu/dictionaries/hassan/audio/01109.mp3,,"window, windowpane",də̄r
n.f.,uchicago_S_Hassan,də̄vrι.mp3,https://dsal.uchicago.edu/dictionaries/hassan/audio/01110.mp3,,ring worn on the finger,də̄vrι
n.m.,uchicago_S_Hassan,də̄yrι.mp3,https://dsal.uchicago.edu/dictionaries/hassan/audio/01111.mp3,,"circle, ring, round, sphere",də̄yrι
n.m.,uchicago_S_Hassan,ḍabι.mp3,https://dsal.uchicago.edu/dictionaries/hassan/audio/01112.mp3,,"box, small package container, jar",ḍabι
n.m.,uchicago_S_Hassan,ḍakʰ.mp3,https://dsal.uchicago.edu/dictionaries/hassan/audio/01113.mp3,,"prop, support, leg",ḍakʰ
n.m.,uchicago_S_Hassan,ḍākur.mp3,https://dsal.uchicago.edu/dictionaries/hassan/audio/01114.mp3,,eructation,ḍākur
n.m.,uchicago_S_Hassan,ḍal.mp3,https://dsal.uchicago.edu/dictionaries/hassan/audio/01115.mp3,,lake,ḍal
n.f.,uchicago_S_Hassan,ḍar.mp3,https://dsal.uchicago.edu/dictionaries/hassan/audio/01116.mp3,,"fear, worry",ḍar
v.,uchicago_S_Hassan,ḍalun.mp3,https://dsal.uchicago.edu/dictionaries/hassan/audio/01117.mp3,,"disturbed, off track, off target, astray",ḍalun
n.,uchicago_S_Hassan,ḍalιwə̄nʸ.mp3,https://dsal.uchicago.edu/dictionaries/hassan/audio/01118.mp3,,lake water,ḍalιwə̄nʸ
n.m.,uchicago_S_Hassan,ḍaⁿḍūrι.mp3,https://dsal.uchicago.edu/dictionaries/hassan/audio/01119.mp3,,"proclamation, declaration, public statement",ḍaⁿḍūrι
n.m.,uchicago_S_Hassan,ḍaⁿḍι.mp3,https://dsal.uchicago.edu/dictionaries/hassan/audio/01120.mp3,,"large stick, rod",ḍaⁿḍι
n.m.,uchicago_S_Hassan,ḍaⁿgur.mp3,https://dsal.uchicago.edu/dictionaries/hassan/audio/01121.mp3,,"quadruped, four-footed animal",ḍaⁿgur
n.,uchicago_S_Hassan,ḍāy.mp3,https://dsal.uchicago.edu/dictionaries/hassan/audio/01122.mp3,,two and a half,ḍāy
n.,uchicago_S_Hassan,ḍɔḍ.mp3,https://dsal.uchicago.edu/dictionaries/hassan/audio/01123.mp3,,one and a half,ḍɔḍ
n.m.,uchicago_S_Hassan,ḍekι.mp3,https://dsal.uchicago.edu/dictionaries/hassan/audio/01124.mp3,,forehead,ḍekι
n.,uchicago_S_Hassan,ḍekιlōn.mp3,https://dsal.uchicago.edu/dictionaries/hassan/audio/01125.mp3,,"fortune, fate, destiny, blessing, stoke of luck, good luck",ḍekιlōn
adj.,uchicago_S_Hassan,ḍekιboḍ.mp3,https://dsal.uchicago.edu/dictionaries/hassan/audio/01126.mp3,,"lucky, fortunate, blessed, auspicious",ḍekιboḍ
n.,uchicago_S_Hassan,ḍemb.mp3,https://dsal.uchicago.edu/dictionaries/hassan/audio/01127.mp3,,"wetland, marshland",ḍemb
n.m.,uchicago_S_Hassan,ḍēr.mp3,https://dsal.uchicago.edu/dictionaries/hassan/audio/01128.mp3,,"heap, mass, stack, pile",ḍēr
v.,uchicago_S_Hassan,ḍēšun.mp3,https://dsal.uchicago.edu/dictionaries/hassan/audio/01129.mp3,,"to see, make out, understand, get the message",ḍēšun
n.f.,uchicago_S_Hassan,ḍibιr.mp3,https://dsal.uchicago.edu/dictionaries/hassan/audio/01130.mp3,,"nut, screw",ḍibιr
n.m.,uchicago_S_Hassan,ḍīdwə̄n.mp3,https://dsal.uchicago.edu/dictionaries/hassan/audio/01131.mp3,,"porter, gatekeeper, doorkeeper",ḍīdwə̄n
n.m.,uchicago_S_Hassan,ḍīḍwān.mp3,https://dsal.uchicago.edu/dictionaries/hassan/audio/01132.mp3,,"doorkeeper, watchman",ḍīḍwān
v.,uchicago_S_Hassan,ḍǝlrāwun.mp3,https://dsal.uchicago.edu/dictionaries/hassan/audio/01133.mp3,,"delude, deceive, mislead, fool, dupe",ḍǝlrāwun
n.m.,uchicago_S_Hassan,ḍōl.mp3,https://dsal.uchicago.edu/dictionaries/hassan/audio/01134.mp3,,skirt,ḍōl
n.m.,uchicago_S_Hassan,ḍōṭʰ.mp3,https://dsal.uchicago.edu/dictionaries/hassan/audio/01135.mp3,,hail,ḍōṭʰ
v.,uchicago_S_Hassan,ḍulι gaʦun.mp3,https://dsal.uchicago.edu/dictionaries/hassan/audio/01136.mp3,,"to roll, turn over",ḍulι gaʦun
n.m.,uchicago_S_Hassan,ḍumaṭʰ.mp3,https://dsal.uchicago.edu/dictionaries/hassan/audio/01137.mp3,,"vault, tomb",ḍumaṭʰ
v.,uchicago_S_Hassan,ḍuwun.mp3,https://dsal.uchicago.edu/dictionaries/hassan/audio/01138.mp3,,"sweep, brush, clean, remove",ḍuwun
n.f.,uchicago_S_Hassan,ḍūlʸ.mp3,https://dsal.uchicago.edu/dictionaries/hassan/audio/01139.mp3,,sedan-chair,ḍūlʸ
n.m.,uchicago_S_Hassan,ḍūnʸ.mp3,https://dsal.uchicago.edu/dictionaries/hassan/audio/01140.mp3,,walnuts,ḍūnʸ
n.m.,uchicago_S_Hassan,ḍūnʸ gūj.mp3,https://dsal.uchicago.edu/dictionaries/hassan/audio/01141.mp3,,seed of wallnut,ḍūnʸ gūj
v.,uchicago_S_Hassan,ǝcʰ ṭīṭʰ.mp3,https://dsal.uchicago.edu/dictionaries/hassan/audio/01142.mp3,,"to wink, flash, twinkle",ǝcʰ ṭīṭʰ
v.,uchicago_S_Hassan,ǝcʰar kaḍin.mp3,https://dsal.uchicago.edu/dictionaries/hassan/audio/01143.mp3,,"to spell, connote, denote, read",ǝcʰar kaḍin
n.,uchicago_S_Hassan,ǝcʰar.mp3,https://dsal.uchicago.edu/dictionaries/hassan/audio/01144.mp3,,"letters, lettering",ǝcʰar
v.,uchicago_S_Hassan,ǝcʰ-nāṭ.mp3,https://dsal.uchicago.edu/dictionaries/hassan/audio/01145.mp3,,"blink, open and close the eye, wink, bat an eyelid",ǝcʰ-nāṭ
n.f.,uchicago_S_Hassan,ǝḍij.mp3,https://dsal.uchicago.edu/dictionaries/hassan/audio/01146.mp3,,bone,ǝḍij
n.m.,uchicago_S_Hassan,ǝdrakʰ.mp3,https://dsal.uchicago.edu/dictionaries/hassan/audio/01147.mp3,,ginger,ǝdrakʰ
n.m.,uchicago_S_Hassan,ehlikār.mp3,https://dsal.uchicago.edu/dictionaries/hassan/audio/01148.mp3,,"retinue, attendants, followers",ehlikār
n.f.,uchicago_S_Hassan,ǝji rǝʦ.mp3,https://dsal.uchicago.edu/dictionaries/hassan/audio/01149.mp3,,midnight,ǝji rǝʦ
n.,uchicago_S_Hassan,ǝktumber.mp3,https://dsal.uchicago.edu/dictionaries/hassan/audio/01150.mp3,,October,ǝktumber
v.,uchicago_S_Hassan,ǝlrāwun.mp3,https://dsal.uchicago.edu/dictionaries/hassan/audio/01151.mp3,,"to shake, shiver, shudder",ǝlrāwun
prep.,uchicago_S_Hassan,ǝndrι.mp3,https://dsal.uchicago.edu/dictionaries/hassan/audio/01152.mp3,,"& adv. inside, within, in the interior",ǝndrι
n.f.,uchicago_S_Hassan,ǝndram.mp3,https://dsal.uchicago.edu/dictionaries/hassan/audio/01153.mp3,,"intestines, guts, insides, viscera, innards",ǝndram
adj.,uchicago_S_Hassan,ǝndrim.mp3,https://dsal.uchicago.edu/dictionaries/hassan/audio/01154.mp3,,"internal, interior, inside, inner",ǝndrim
n.m.,uchicago_S_Hassan,ǝnz.mp3,https://dsal.uchicago.edu/dictionaries/hassan/audio/01155.mp3,,goose,ǝnz
n.f.,uchicago_S_Hassan,ǝnzin.mp3,https://dsal.uchicago.edu/dictionaries/hassan/audio/01156.mp3,,female goose,ǝnzin
n.,uchicago_S_Hassan,ǝsʸ.mp3,https://dsal.uchicago.edu/dictionaries/hassan/audio/01157.mp3,,we,ǝsʸ
n.m.,uchicago_S_Hassan,ǝtʰιr.mp3,https://dsal.uchicago.edu/dictionaries/hassan/audio/01158.mp3,,moth balls,ǝtʰιr
adv.,uchicago_S_Hassan,ētibar tʰawun.mp3,https://dsal.uchicago.edu/dictionaries/hassan/audio/01159.mp3,,"to be dependent on, reliant on, maintained by, in need of, at the mercy of",ētibar tʰawun
n.f.,uchicago_S_Hassan,ǝcʰ.mp3,https://dsal.uchicago.edu/dictionaries/hassan/audio/01160.mp3,,eye,ǝcʰ
adj.,uchicago_S_Hassan,ə̄wulʸ.mp3,https://dsal.uchicago.edu/dictionaries/hassan/audio/01161.mp3,,"delicate, fragile, weak, flimsy, fine",ə̄wulʸ
n.m.,uchicago_S_Hassan,fāydι.mp3,https://dsal.uchicago.edu/dictionaries/hassan/audio/01162.mp3,,"benefit, advantage, profit, help",fāydι
n.,uchicago_S_Hassan,fajr.mp3,https://dsal.uchicago.edu/dictionaries/hassan/audio/01163.mp3,,"time of morning prayer in Muslims, daybreak",fajr
v.,uchicago_S_Hassan,fān gaʦun.mp3,https://dsal.uchicago.edu/dictionaries/hassan/audio/01164.mp3,,"obliterate, wipe out, destroy, eliminate",fān gaʦun
n.m.,uchicago_S_Hassan,faⁿwārι.mp3,https://dsal.uchicago.edu/dictionaries/hassan/audio/01165.mp3,,fountain,faⁿwārι
n.,uchicago_S_Hassan,farēb.mp3,https://dsal.uchicago.edu/dictionaries/hassan/audio/01166.mp3,,"deceit, deceitfulness, deception, cheating, falseness, fraud",farēb
n.f.,uchicago_S_Hassan,farhat.mp3,https://dsal.uchicago.edu/dictionaries/hassan/audio/01167.mp3,,"gladness, pleasure, happiness",farhat
adj.,uchicago_S_Hassan,farmābardār.mp3,https://dsal.uchicago.edu/dictionaries/hassan/audio/01168.mp3,,"obedient, submissive, dutiful, subservient",farmābardār
n.f.,uchicago_S_Hassan,fāris.mp3,https://dsal.uchicago.edu/dictionaries/hassan/audio/01169.mp3,,Persia,fāris
n.f.,uchicago_S_Hassan,fārsī.mp3,https://dsal.uchicago.edu/dictionaries/hassan/audio/01170.mp3,,Persian language,fārsī
adv.,uchicago_S_Hassan,fǝryād din.mp3,https://dsal.uchicago.edu/dictionaries/hassan/audio/01171.mp3,,weep aloud,fǝryād din
n.f.,uchicago_S_Hassan,farιd.mp3,https://dsal.uchicago.edu/dictionaries/hassan/audio/01172.mp3,,gents shawl,farιd
n.,uchicago_S_Hassan,fasl.mp3,https://dsal.uchicago.edu/dictionaries/hassan/audio/01173.mp3,,"crop, harvest, yield, produce",fasl
v.,uchicago_S_Hassan,fatah karun.mp3,https://dsal.uchicago.edu/dictionaries/hassan/audio/01174.mp3,,gain a victory,fatah karun
n.m.,uchicago_S_Hassan,fatah.mp3,https://dsal.uchicago.edu/dictionaries/hassan/audio/01175.mp3,,"victory, conquest, triumph, win, success",fatah
adj.,uchicago_S_Hassan,fatāmand āsun.mp3,https://dsal.uchicago.edu/dictionaries/hassan/audio/01176.mp3,,"victorious, winning, successful, champion, glorious",fatāmand āsun
v.,uchicago_S_Hassan,fatwā dʸun.mp3,https://dsal.uchicago.edu/dictionaries/hassan/audio/01177.mp3,,"to sentence, pass judgment, punish, to verdict",fatwā dʸun
v.,uchicago_S_Hassan,fātiyeh parun.mp3,https://dsal.uchicago.edu/dictionaries/hassan/audio/01178.mp3,,worship for the peace of dead,fātiyeh parun
adj.,uchicago_S_Hassan,fayāz.mp3,https://dsal.uchicago.edu/dictionaries/hassan/audio/01179.mp3,,"generous, kind, liberal",fayāz
n.m.,uchicago_S_Hassan,fǝkīr.mp3,https://dsal.uchicago.edu/dictionaries/hassan/audio/01180.mp3,,"beggar, homeless person, vagrant",fǝkīr
adj.,uchicago_S_Hassan,fǝriftι karun.mp3,https://dsal.uchicago.edu/dictionaries/hassan/audio/01181.mp3,,"attracted, fascinated, engrossed, mesmerized",fǝriftι karun
n.m.,uchicago_S_Hassan,fǝrištι.mp3,https://dsal.uchicago.edu/dictionaries/hassan/audio/01182.mp3,,"angel, cherub, cupid",fǝrištι
v.,uchicago_S_Hassan,dab.mp3,https://dsal.uchicago.edu/dictionaries/hassan/audio/01183.mp3,,"slip, fall, lose your balance",dab
n.,uchicago_S_Hassan,pʰemb.mp3,https://dsal.uchicago.edu/dictionaries/hassan/audio/01184.mp3,,"fear, uneasiness, disquiet, anxiety, worry",pʰemb
n.m.,uchicago_S_Hassan,firkι.mp3,https://dsal.uchicago.edu/dictionaries/hassan/audio/01185.mp3,,"clan, tribe, kinfolk, family, race, people, band, community",firkι
adv.,uchicago_S_Hassan,fōran.mp3,https://dsal.uchicago.edu/dictionaries/hassan/audio/01186.mp3,,"instantly, at once, immediately, instantaneously",fōran
n.,uchicago_S_Hassan,fursat.mp3,https://dsal.uchicago.edu/dictionaries/hassan/audio/01187.mp3,,"break, chance, vacation, time off",fursat
adj.,uchicago_S_Hassan,fuzūl.mp3,https://dsal.uchicago.edu/dictionaries/hassan/audio/01188.mp3,,"useless, ineffective, hopeless, of no use",fuzūl
n.m.,uchicago_S_Hassan,fιlēnʸ.mp3,https://dsal.uchicago.edu/dictionaries/hassan/audio/01189.mp3,,referring to particular person,fιlēnʸ
adj.,uchicago_S_Hassan,fə̄nī.mp3,https://dsal.uchicago.edu/dictionaries/hassan/audio/01190.mp3,,"mortal, earthly, worldly, human, life-threatening",fə̄nī
v.,uchicago_S_Hassan,fə̄slι karun.mp3,https://dsal.uchicago.edu/dictionaries/hassan/audio/01191.mp3,,"decide, make a decision, come to a decision, choose, settle on, fix on",fə̄slι karun
n.,uchicago_S_Hassan,fə̄slι.mp3,https://dsal.uchicago.edu/dictionaries/hassan/audio/01192.mp3,,"decision, choice, judgment, resolution, assessment, evaluation",fə̄slι
n.m.,uchicago_S_Hassan,fə̄slι.mp3,https://dsal.uchicago.edu/dictionaries/hassan/audio/01193.mp3,,"distance, detachment, remoteness, reserve, space",fə̄slι
adj.,uchicago_S_Hassan,fə̄ydιmand.mp3,https://dsal.uchicago.edu/dictionaries/hassan/audio/01194.mp3,,"usefulness, helpfulness, effectiveness, efficacy, worth",fə̄ydιmand
n.m.,uchicago_S_Hassan,gabι.mp3,https://dsal.uchicago.edu/dictionaries/hassan/audio/01195.mp3,,"quilt, woolen mat",gabι
n.,uchicago_S_Hassan,gāḍ.mp3,https://dsal.uchicago.edu/dictionaries/hassan/audio/01196.mp3,,fish,gāḍ
n.f.,uchicago_S_Hassan,gāḍhāⁿzʸen.mp3,https://dsal.uchicago.edu/dictionaries/hassan/audio/01197.mp3,,fisherwoman,gāḍhāⁿzʸen
n.m.,uchicago_S_Hassan,gaḍur.mp3,https://dsal.uchicago.edu/dictionaries/hassan/audio/01198.mp3,,goiter,gaḍur
n.m.,uchicago_S_Hassan,gāḍιhə̄ⁿz.mp3,https://dsal.uchicago.edu/dictionaries/hassan/audio/01199.mp3,,fisherman,gāḍιhə̄ⁿz
n.m.,uchicago_S_Hassan,gagar ʦʰal.mp3,https://dsal.uchicago.edu/dictionaries/hassan/audio/01200.mp3,,trap to catch rats,gagar ʦʰal
n.f.,uchicago_S_Hassan,gagrāy.mp3,https://dsal.uchicago.edu/dictionaries/hassan/audio/01201.mp3,,"thunder, rumble, noise after a flash of light",gagrāy
n.m.,uchicago_S_Hassan,gagur.mp3,https://dsal.uchicago.edu/dictionaries/hassan/audio/01202.mp3,,"mouse, rat",gagur
n.m.,uchicago_S_Hassan,gagιr.mp3,https://dsal.uchicago.edu/dictionaries/hassan/audio/01203.mp3,,mice,gagιr
n.m.,uchicago_S_Hassan,gǝj.mp3,https://dsal.uchicago.edu/dictionaries/hassan/audio/01204.mp3,,oven,gǝj
n.f.,uchicago_S_Hassan,gal.mp3,https://dsal.uchicago.edu/dictionaries/hassan/audio/01205.mp3,,cheeks,gal
n.m.,uchicago_S_Hassan,galah.mp3,https://dsal.uchicago.edu/dictionaries/hassan/audio/01206.mp3,,grain,galah
adj.,uchicago_S_Hassan,galat.mp3,https://dsal.uchicago.edu/dictionaries/hassan/audio/01207.mp3,,"false, fake, untrue",galat
n.m.,uchicago_S_Hassan,galīz.mp3,https://dsal.uchicago.edu/dictionaries/hassan/audio/01208.mp3,,filth,galīz
n.,uchicago_S_Hassan,galāzat.mp3,https://dsal.uchicago.edu/dictionaries/hassan/audio/01209.mp3,,"filth, dirt, indignity",galāzat
v.,uchicago_S_Hassan,gālib yun.mp3,https://dsal.uchicago.edu/dictionaries/hassan/audio/01210.mp3,,"prevail, succeed, win through",gālib yun
n.f.,uchicago_S_Hassan,galtī.mp3,https://dsal.uchicago.edu/dictionaries/hassan/audio/01211.mp3,,"mistake, fault, blunder",galtī
v.,uchicago_S_Hassan,galun.mp3,https://dsal.uchicago.edu/dictionaries/hassan/audio/01212.mp3,,"decrease, reduce, diminish, lessen, decline, shrink, drop off",galun
v.,uchicago_S_Hassan,galitʰ gaʦʰun.mp3,https://dsal.uchicago.edu/dictionaries/hassan/audio/01213.mp3,,"disappear, melt away, vanish, dissipate",galitʰ gaʦʰun
v.,uchicago_S_Hassan,gālun.mp3,https://dsal.uchicago.edu/dictionaries/hassan/audio/01214.mp3,,"melt, dissolve, soften, liquefy",gālun
n.m.,uchicago_S_Hassan,galwān.mp3,https://dsal.uchicago.edu/dictionaries/hassan/audio/01215.mp3,,"thug, bandit, criminal, heavy, hooligan, offender, lawbreaker",galwān
v.,uchicago_S_Hassan,gam barun.mp3,https://dsal.uchicago.edu/dictionaries/hassan/audio/01216.mp3,,"to grieve, mourn, feel sad, be sad",gam barun
v.,uchicago_S_Hassan,gam kāsun.mp3,https://dsal.uchicago.edu/dictionaries/hassan/audio/01217.mp3,,to remove grief,gam kāsun
v.,uchicago_S_Hassan,gam kʰʸun.mp3,https://dsal.uchicago.edu/dictionaries/hassan/audio/01218.mp3,,"to grieve, mourn, feel sad, be sad",gam kʰʸun
n.m.,uchicago_S_Hassan,gām.mp3,https://dsal.uchicago.edu/dictionaries/hassan/audio/01219.mp3,,"village, rural community, township",gām
adj.,uchicago_S_Hassan,gamgīn āsun.mp3,https://dsal.uchicago.edu/dictionaries/hassan/audio/01220.mp3,,"upset, worried, unhappy",gamgīn āsun
adj.,uchicago_S_Hassan,gamgīn.mp3,https://dsal.uchicago.edu/dictionaries/hassan/audio/01221.mp3,,"distressed, upset, troubled, concerned, worried, unhappy, bothered",gamgīn
n.m.,uchicago_S_Hassan,gam.mp3,https://dsal.uchicago.edu/dictionaries/hassan/audio/01222.mp3,,"sad, cheerless, depressing, distressing, miserable, gloomy",gam
n.m.,uchicago_S_Hassan,gamlι.mp3,https://dsal.uchicago.edu/dictionaries/hassan/audio/01223.mp3,,"vase, bud vase, urn",gamlι
n.m.,uchicago_S_Hassan,gān.mp3,https://dsal.uchicago.edu/dictionaries/hassan/audio/01224.mp3,,"underground, ground floor",gān
n.m.,uchicago_S_Hassan,gaⁿḍ.mp3,https://dsal.uchicago.edu/dictionaries/hassan/audio/01225.mp3,,"joint, linkage, bone joint",gaⁿḍ
n.,uchicago_S_Hassan,gaⁿḍ.mp3,https://dsal.uchicago.edu/dictionaries/hassan/audio/01226.mp3,,knot,gaⁿḍ
n.f.,uchicago_S_Hassan,gaⁿḍun.mp3,https://dsal.uchicago.edu/dictionaries/hassan/audio/01227.mp3,,"betrothal, engagement, commitment",gaⁿḍun
n.,uchicago_S_Hassan,ganhar.mp3,https://dsal.uchicago.edu/dictionaries/hassan/audio/01228.mp3,,a kind of candied sugar with poppy seeds,ganhar
n.m.,uchicago_S_Hassan,kaⁿg.mp3,https://dsal.uchicago.edu/dictionaries/hassan/audio/01229.mp3,,earthen pot to blaze coal,kaⁿg
n.m.,uchicago_S_Hassan,gaⁿḍι.mp3,https://dsal.uchicago.edu/dictionaries/hassan/audio/01230.mp3,,onion,gaⁿḍι
v.,uchicago_S_Hassan,gāⁿgal karin.mp3,https://dsal.uchicago.edu/dictionaries/hassan/audio/01231.mp3,,to interrupt,gāⁿgal karin
n.,uchicago_S_Hassan,gāⁿgal.mp3,https://dsal.uchicago.edu/dictionaries/hassan/audio/01232.mp3,,interruption,gāⁿgal
n.,uchicago_S_Hassan,gannι.mp3,https://dsal.uchicago.edu/dictionaries/hassan/audio/01233.mp3,,sugarcane,gannι
n.f.,uchicago_S_Hassan,gāⁿṭ.mp3,https://dsal.uchicago.edu/dictionaries/hassan/audio/01234.mp3,,eagle,gāⁿṭ
n.f.,uchicago_S_Hassan,gāⁿṭ.mp3,https://dsal.uchicago.edu/dictionaries/hassan/audio/01235.mp3,,kite,gāⁿṭ
n.,uchicago_S_Hassan,ganṭι.mp3,https://dsal.uchicago.edu/dictionaries/hassan/audio/01236.mp3,,hour,ganṭι
v.,uchicago_S_Hassan,ganun.mp3,https://dsal.uchicago.edu/dictionaries/hassan/audio/01237.mp3,,"to be thick, condense, congeal",ganun
v.,uchicago_S_Hassan,gaⁿzrāwun.mp3,https://dsal.uchicago.edu/dictionaries/hassan/audio/01238.mp3,,"to count, add up, count up, calculate",gaⁿzrāwun
n.m.,uchicago_S_Hassan,gār.mp3,https://dsal.uchicago.edu/dictionaries/hassan/audio/01239.mp3,,"cave, cavern, den, grotto",gār
n.m.,uchicago_S_Hassan,garbι.mp3,https://dsal.uchicago.edu/dictionaries/hassan/audio/01240.mp3,,womb,garbι
n.m.,uchicago_S_Hassan,gardan.mp3,https://dsal.uchicago.edu/dictionaries/hassan/audio/01241.mp3,,neck,gardan
n.f.,uchicago_S_Hassan,garībī.mp3,https://dsal.uchicago.edu/dictionaries/hassan/audio/01242.mp3,,"poverty, neediness, hardship, deprivation",garībī
n.m.,uchicago_S_Hassan,garm.mp3,https://dsal.uchicago.edu/dictionaries/hassan/audio/01243.mp3,,"heat, high temperature, warmth",garm
adj.,uchicago_S_Hassan,garmī.mp3,https://dsal.uchicago.edu/dictionaries/hassan/audio/01244.mp3,,"warm, temperate, hot, affectionate, loving",garmī
v.,uchicago_S_Hassan,garmāwun.mp3,https://dsal.uchicago.edu/dictionaries/hassan/audio/01245.mp3,,"to heat, blaze, boil over",garmāwun
n.m.,uchicago_S_Hassan,garmī danι.mp3,https://dsal.uchicago.edu/dictionaries/hassan/audio/01246.mp3,,herpes,garmī danι
n.f.,uchicago_S_Hassan,garmi.mp3,https://dsal.uchicago.edu/dictionaries/hassan/audio/01247.mp3,,"scabies, itching skin disease",garmi
n.m.,uchicago_S_Hassan,garoh.mp3,https://dsal.uchicago.edu/dictionaries/hassan/audio/01248.mp3,,"group, group of pupils, course group",garoh
v.,uchicago_S_Hassan,garun.mp3,https://dsal.uchicago.edu/dictionaries/hassan/audio/01249.mp3,,"sharpen, cut, file",garun
n.m.,uchicago_S_Hassan,garι pǝṭʰʸ.mp3,https://dsal.uchicago.edu/dictionaries/hassan/audio/01250.mp3,,groom who has to live with his inlaws,garι pǝṭʰʸ
n.m.,uchicago_S_Hassan,garι.mp3,https://dsal.uchicago.edu/dictionaries/hassan/audio/01251.mp3,,"house, dwelling, residence, place of abode",garι
n.f.,uchicago_S_Hassan,garιd.mp3,https://dsal.uchicago.edu/dictionaries/hassan/audio/01252.mp3,,"dust, dirt",garιd
n.f.,uchicago_S_Hassan,garιwājenʸ.mp3,https://dsal.uchicago.edu/dictionaries/hassan/audio/01253.mp3,,wife,garιwājenʸ
n.m.,uchicago_S_Hassan,garιwōl.mp3,https://dsal.uchicago.edu/dictionaries/hassan/audio/01254.mp3,,house holder,garιwōl
n.,uchicago_S_Hassan,gāš.mp3,https://dsal.uchicago.edu/dictionaries/hassan/audio/01255.mp3,,"light, day time",gāš
n.m.,uchicago_S_Hassan,ǝcʰ-gāš.mp3,https://dsal.uchicago.edu/dictionaries/hassan/audio/01256.mp3,,"sight, eyesight, vision",ǝcʰ-gāš
v.,uchicago_S_Hassan,gassι kʰʸun.mp3,https://dsal.uchicago.edu/dictionaries/hassan/audio/01257.mp3,,graze,gassι kʰʸun
n.m.,uchicago_S_Hassan,gašt.mp3,https://dsal.uchicago.edu/dictionaries/hassan/audio/01258.mp3,,"walking, on foot, under your own steam",gašt
v.,uchicago_S_Hassan,gaštι karun.mp3,https://dsal.uchicago.edu/dictionaries/hassan/audio/01259.mp3,,"walk about, roaming",gaštι karun
n.m.,uchicago_S_Hassan,gāsι lōw.mp3,https://dsal.uchicago.edu/dictionaries/hassan/audio/01260.mp3,,hay,gāsι lōw
n.m.,uchicago_S_Hassan,gāsι.mp3,https://dsal.uchicago.edu/dictionaries/hassan/audio/01261.mp3,,grass,gāsι
v.,uchicago_S_Hassan,gat karin.mp3,https://dsal.uchicago.edu/dictionaries/hassan/audio/01262.mp3,,"revolve, rotate, circle, turn around, gyrate",gat karin
n.,uchicago_S_Hassan,gat.mp3,https://dsal.uchicago.edu/dictionaries/hassan/audio/01263.mp3,,"turning round, revolving, going round",gat
v.,uchicago_S_Hassan,gāṭa dʸun.mp3,https://dsal.uchicago.edu/dictionaries/hassan/audio/01264.mp3,,"teach, to impart knowledge, educate",gāṭa dʸun
n.m.,uchicago_S_Hassan,gātṭʰ.mp3,https://dsal.uchicago.edu/dictionaries/hassan/audio/01265.mp3,,landing-place,gātṭʰ
adj.,uchicago_S_Hassan,gāṭul.mp3,https://dsal.uchicago.edu/dictionaries/hassan/audio/01266.mp3,,"wise, clever, bright, intelligent, smart, knowledgeable, intellectual, quick, witty",gāṭul
n.m.,uchicago_S_Hassan,gaṭι.mp3,https://dsal.uchicago.edu/dictionaries/hassan/audio/01267.mp3,,"darkness, night, gloom, dimness, shadows",gaṭι
n.f.,uchicago_S_Hassan,gatι.mp3,https://dsal.uchicago.edu/dictionaries/hassan/audio/01268.mp3,,"revolution, rotation, spin, cycle, gyration",gatι
n.,uchicago_S_Hassan,gāṭιjār.mp3,https://dsal.uchicago.edu/dictionaries/hassan/audio/01269.mp3,,"vigilance, watchfulness, care, caution, attention, observation, alertness, awareness",gāṭιjār
adj.f.,uchicago_S_Hassan,gāṭιj.mp3,https://dsal.uchicago.edu/dictionaries/hassan/audio/01270.mp3,,"intelligent, insightful, quick",gāṭιj
v.,uchicago_S_Hassan,gaʦʰun.mp3,https://dsal.uchicago.edu/dictionaries/hassan/audio/01271.mp3,,"pass, go by, bypass, leave behind",gaʦʰun
v.,uchicago_S_Hassan,gaʦʰ.mp3,https://dsal.uchicago.edu/dictionaries/hassan/audio/01272.mp3,,"depart, leave, make tracks, disappear, set out, move off, proceed, advance, go forward",gaʦʰ
v.,uchicago_S_Hassan,gaš.mp3,https://dsal.uchicago.edu/dictionaries/hassan/audio/01273.mp3,,"faint, giddy, fall unconscious",gaš
n.f.,uchicago_S_Hassan,gāv.mp3,https://dsal.uchicago.edu/dictionaries/hassan/audio/01274.mp3,,cow,gāv
n.m.,uchicago_S_Hassan,gawā dinιwōl.mp3,https://dsal.uchicago.edu/dictionaries/hassan/audio/01275.mp3,,"witness, onlooker, spectator, eyewitness",gawā dinιwōl
n.m.,uchicago_S_Hassan,gawāh.mp3,https://dsal.uchicago.edu/dictionaries/hassan/audio/01276.mp3,,"witness, onlooker, spectator, eyewitness",gawāh
n.m.,uchicago_S_Hassan,gawāy.mp3,https://dsal.uchicago.edu/dictionaries/hassan/audio/01277.mp3,,minstrel,gawāy
n.f.,uchicago_S_Hassan,gawə̄hī.mp3,https://dsal.uchicago.edu/dictionaries/hassan/audio/01278.mp3,,"testimony, proof, evidence, indication",gawə̄hī
v.,uchicago_S_Hassan,gawə̄hī.mp3,https://dsal.uchicago.edu/dictionaries/hassan/audio/01279.mp3,,"to witness, behold, view",gawə̄hī
n.m.,uchicago_S_Hassan,gaz.mp3,https://dsal.uchicago.edu/dictionaries/hassan/audio/01280.mp3,,yard,gaz
n.,uchicago_S_Hassan,gazab.mp3,https://dsal.uchicago.edu/dictionaries/hassan/audio/01281.mp3,,"wrath, temper, anger, rage",gazab
adj.,uchicago_S_Hassan,gazabnāk.mp3,https://dsal.uchicago.edu/dictionaries/hassan/audio/01282.mp3,,"furious, fuming",gazabnāk
n.f.,uchicago_S_Hassan,gāzιr.mp3,https://dsal.uchicago.edu/dictionaries/hassan/audio/01283.mp3,,carrot,gāzιr
n.m.,uchicago_S_Hassan,gɔḍ.mp3,https://dsal.uchicago.edu/dictionaries/hassan/audio/01284.mp3,,ankle,gɔḍ
n.m.,uchicago_S_Hassan,gɔḍι.mp3,https://dsal.uchicago.edu/dictionaries/hassan/audio/01285.mp3,,"commencement, beginning, origination, start, instigation, inauguration",gɔḍι
n.m.,uchicago_S_Hassan,gɔḍ.mp3,https://dsal.uchicago.edu/dictionaries/hassan/audio/01286.mp3,,"root, origin",gɔḍ
n.m.,uchicago_S_Hassan,gɔḍ.mp3,https://dsal.uchicago.edu/dictionaries/hassan/audio/01287.mp3,,stem,gɔḍ
n.m.,uchicago_S_Hassan,gɔdιkor.mp3,https://dsal.uchicago.edu/dictionaries/hassan/audio/01288.mp3,,anklet,gɔdιkor
n.f.,uchicago_S_Hassan,gɔgιj.mp3,https://dsal.uchicago.edu/dictionaries/hassan/audio/01289.mp3,,turnip,gɔgιj
n.m.,uchicago_S_Hassan,gɔlāb.mp3,https://dsal.uchicago.edu/dictionaries/hassan/audio/01290.mp3,,"rose, a kind of flower",gɔlāb
n.,uchicago_S_Hassan,gɔlām.mp3,https://dsal.uchicago.edu/dictionaries/hassan/audio/01291.mp3,,"slave, person without freedom",gɔlām
n.f.,uchicago_S_Hassan,gɔlə̄mi.mp3,https://dsal.uchicago.edu/dictionaries/hassan/audio/01292.mp3,,"slavery, bondage, drudgery",gɔlə̄mi
n.f.,uchicago_S_Hassan,gɔpʰ.mp3,https://dsal.uchicago.edu/dictionaries/hassan/audio/01293.mp3,,"cave, den, cavern, grotto",gɔpʰ
v.,uchicago_S_Hassan,gɔtι diyun.mp3,https://dsal.uchicago.edu/dictionaries/hassan/audio/01294.mp3,,"dive, jump, go underwater, submerge",gɔtι diyun
v.,uchicago_S_Hassan,gɔtι.mp3,https://dsal.uchicago.edu/dictionaries/hassan/audio/01295.mp3,,"dip, sink, douse, submerge, duck",gɔtι
n.m.,uchicago_S_Hassan,gehnι.mp3,https://dsal.uchicago.edu/dictionaries/hassan/audio/01296.mp3,,"ornament, adornment",gehnι
v.,uchicago_S_Hassan,gērι karun.mp3,https://dsal.uchicago.edu/dictionaries/hassan/audio/01297.mp3,,"surround, border, enfold, encircle",gērι karun
n.f.,uchicago_S_Hassan,tondrι.mp3,https://dsal.uchicago.edu/dictionaries/hassan/audio/01298.mp3,,"a traditional furnace, tandoor",tondrι
v.,uchicago_S_Hassan,gēlun.mp3,https://dsal.uchicago.edu/dictionaries/hassan/audio/01299.mp3,,"mock, laugh at, poke fun at, tease",gēlun
n.f.,uchicago_S_Hassan,genʸ.mp3,https://dsal.uchicago.edu/dictionaries/hassan/audio/01300.mp3,,"wrinkle, fold, crumple, crinkle",genʸ
n.f.,uchicago_S_Hassan,gǝr.mp3,https://dsal.uchicago.edu/dictionaries/hassan/audio/01301.mp3,,"clock, watch, timepiece, wrist watch",gǝr
n.m.,uchicago_S_Hassan,pǝʦι ganḍι.mp3,https://dsal.uchicago.edu/dictionaries/hassan/audio/01302.mp3,,spring onions,pǝʦι ganḍι
n.f.,uchicago_S_Hassan,gͻʦι.mp3,https://dsal.uchicago.edu/dictionaries/hassan/audio/01303.mp3,,"cocoon, wrap insect larvae in silk thread",gͻʦι
n.m.,uchicago_S_Hassan,gǝv.mp3,https://dsal.uchicago.edu/dictionaries/hassan/audio/01304.mp3,,"ghee, clarified butter",gǝv
n.m.,uchicago_S_Hassan,gewan dǝhar.mp3,https://dsal.uchicago.edu/dictionaries/hassan/audio/01305.mp3,,minstrel,gewan dǝhar
v.,uchicago_S_Hassan,gewān.mp3,https://dsal.uchicago.edu/dictionaries/hassan/audio/01306.mp3,,"singing, playing, in performance, on stage",gewān
n.m.,uchicago_S_Hassan,gewun.mp3,https://dsal.uchicago.edu/dictionaries/hassan/audio/01307.mp3,,song,gewun
n.,uchicago_S_Hassan,gilāf.mp3,https://dsal.uchicago.edu/dictionaries/hassan/audio/01308.mp3,,"cover, sheath, casing, wrapper",gilāf
n.m.,uchicago_S_Hassan,gilāsι.mp3,https://dsal.uchicago.edu/dictionaries/hassan/audio/01309.mp3,,cherry,gilāsι
n.m.,uchicago_S_Hassan,gilāsι.mp3,https://dsal.uchicago.edu/dictionaries/hassan/audio/01310.mp3,,"tumbler, glass",gilāsι
n.m.,uchicago_S_Hassan,gilhari.mp3,https://dsal.uchicago.edu/dictionaries/hassan/audio/01311.mp3,,squirrel,gilhari
v.,uchicago_S_Hassan,gindun.mp3,https://dsal.uchicago.edu/dictionaries/hassan/audio/01312.mp3,,"occupy yourself in sport, have fun",gindun
n.m.,uchicago_S_Hassan,gilāsι kul.mp3,https://dsal.uchicago.edu/dictionaries/hassan/audio/01313.mp3,,cherry tree,gilāsι kul
v.,uchicago_S_Hassan,giriftār karun.mp3,https://dsal.uchicago.edu/dictionaries/hassan/audio/01314.mp3,,"entangle, trap, entrap, catch up",giriftār karun
v.,uchicago_S_Hassan,giriftār.mp3,https://dsal.uchicago.edu/dictionaries/hassan/audio/01315.mp3,,"grab, grab hold of, get hold of, arrest",giriftār
adj.,uchicago_S_Hassan,gob.mp3,https://dsal.uchicago.edu/dictionaries/hassan/audio/01316.mp3,,"heavy, weighty",gob
n.m.,uchicago_S_Hassan,gober.mp3,https://dsal.uchicago.edu/dictionaries/hassan/audio/01317.mp3,,"dear son, child or the like",gober
adj.,uchicago_S_Hassan,gobʸer.mp3,https://dsal.uchicago.edu/dictionaries/hassan/audio/01318.mp3,,deafness,gobʸer
n.f.,uchicago_S_Hassan,gobιr.mp3,https://dsal.uchicago.edu/dictionaries/hassan/audio/01319.mp3,,"dear daughter, or the likw",gobιr
v.,uchicago_S_Hassan,god karun.mp3,https://dsal.uchicago.edu/dictionaries/hassan/audio/01320.mp3,,"pierce, prick, penetrate, perforate, puncture",god karun
n.m.,uchicago_S_Hassan,god.mp3,https://dsal.uchicago.edu/dictionaries/hassan/audio/01321.mp3,,"aperture, hole, opening",god
adj.,uchicago_S_Hassan,goḍnʸuk.mp3,https://dsal.uchicago.edu/dictionaries/hassan/audio/01322.mp3,,"first, original, foremost, earliest",goḍnʸuk
adj.,uchicago_S_Hassan,gōl.mp3,https://dsal.uchicago.edu/dictionaries/hassan/audio/01323.mp3,,"spherical, round, sphere-shaped, circular",gōl
n.,uchicago_S_Hassan,gonah.mp3,https://dsal.uchicago.edu/dictionaries/hassan/audio/01324.mp3,,"sin, offense, failing, crime, wrongdoing",gonah
n.m.,uchicago_S_Hassan,gōⁿd.mp3,https://dsal.uchicago.edu/dictionaries/hassan/audio/01325.mp3,,glue,gōⁿd
v.,uchicago_S_Hassan,gōr karun.mp3,https://dsal.uchicago.edu/dictionaries/hassan/audio/01326.mp3,,"consider, think, think about, mull over, reflect on, deliberate, take into account",gōr karun
n.f.,uchicago_S_Hassan,gə̄r.mp3,https://dsal.uchicago.edu/dictionaries/hassan/audio/01327.mp3,,hernia,gə̄r
n.m.,uchicago_S_Hassan,gōr.mp3,https://dsal.uchicago.edu/dictionaries/hassan/audio/01328.mp3,,"saint, priest (Hindu)",gōr
n.m.,uchicago_S_Hassan,gōr.mp3,https://dsal.uchicago.edu/dictionaries/hassan/audio/01329.mp3,,"thick brown sugar, molasses",gōr
n.m.,uchicago_S_Hassan,gōr.mp3,https://dsal.uchicago.edu/dictionaries/hassan/audio/01330.mp3,,water chestnut,gōr
n.,uchicago_S_Hassan,gosul.mp3,https://dsal.uchicago.edu/dictionaries/hassan/audio/01331.mp3,,"& v. bathe, clean, cleanse, wash",gosul
adj.,uchicago_S_Hassan,goṭ.mp3,https://dsal.uchicago.edu/dictionaries/hassan/audio/01332.mp3,,"dark, dim, shady, shadowy, gloomy",goṭ
adj.,uchicago_S_Hassan,goš.mp3,https://dsal.uchicago.edu/dictionaries/hassan/audio/01333.mp3,,"inattentive, forgetful, distracted, absentminded neglectful scatterbrained",goš
n.,uchicago_S_Hassan,graⁿd.mp3,https://dsal.uchicago.edu/dictionaries/hassan/audio/01334.mp3,,"calculation, estimate, sum, adding up, result",graⁿd
n.,uchicago_S_Hassan,graṭṭι.mp3,https://dsal.uchicago.edu/dictionaries/hassan/audio/01335.mp3,,mill,graṭṭι
n.m.,uchicago_S_Hassan,gratιkǝnʸ.mp3,https://dsal.uchicago.edu/dictionaries/hassan/audio/01336.mp3,,grindstone,gratιkǝnʸ
n.m.,uchicago_S_Hassan,graṭιwōl.mp3,https://dsal.uchicago.edu/dictionaries/hassan/audio/01337.mp3,,miller,graṭιwōl
v.,uchicago_S_Hassan,grāv karin.mp3,https://dsal.uchicago.edu/dictionaries/hassan/audio/01338.mp3,,"blame, hold responsible, charge, accuse, point the finger at, hold accountable",grāv karin
n.,uchicago_S_Hassan,grāv.mp3,https://dsal.uchicago.edu/dictionaries/hassan/audio/01339.mp3,,"complaint, objection, grouse",grāv
adj.,uchicago_S_Hassan,grāy.mp3,https://dsal.uchicago.edu/dictionaries/hassan/audio/01340.mp3,,"shaking, shaky, quivering, shivering",grāy
v.,uchicago_S_Hassan,grazun.mp3,https://dsal.uchicago.edu/dictionaries/hassan/audio/01341.mp3,,"to roar, growl",grazun
v.,uchicago_S_Hassan,grɔkʰ.mp3,https://dsal.uchicago.edu/dictionaries/hassan/audio/01342.mp3,,"swallow, gulp",grɔkʰ
n.m.,uchicago_S_Hassan,grɔz.mp3,https://dsal.uchicago.edu/dictionaries/hassan/audio/01343.mp3,,leg of calf,grɔz
v.,uchicago_S_Hassan,grɔzun.mp3,https://dsal.uchicago.edu/dictionaries/hassan/audio/01344.mp3,,"melody, modify, chorus, rattle, rebound, echo, resound",grɔzun
n.m.,uchicago_S_Hassan,grēd.mp3,https://dsal.uchicago.edu/dictionaries/hassan/audio/01345.mp3,,vulture,grēd
v.,uchicago_S_Hassan,grǝkān.mp3,https://dsal.uchicago.edu/dictionaries/hassan/audio/01346.mp3,,"boiling, steaming",grǝkān
v.,uchicago_S_Hassan,grǝkʰ.mp3,https://dsal.uchicago.edu/dictionaries/hassan/audio/01347.mp3,,"boil, simmer, bubble, cook, heat",grǝkʰ
adj.,uchicago_S_Hassan,grǝkι-divun.mp3,https://dsal.uchicago.edu/dictionaries/hassan/audio/01348.mp3,,"hot, very hot, broiling",grǝkι-divun
v.,uchicago_S_Hassan,greⁿd.mp3,https://dsal.uchicago.edu/dictionaries/hassan/audio/01349.mp3,,counting,greⁿd
n.,uchicago_S_Hassan,grez.mp3,https://dsal.uchicago.edu/dictionaries/hassan/audio/01350.mp3,,"echo, resonance, reverberation, boom",grez
v.,uchicago_S_Hassan,grezān.mp3,https://dsal.uchicago.edu/dictionaries/hassan/audio/01351.mp3,,"reverberate, rebound, echo, resound, resonate",grezān
n.f.,uchicago_S_Hassan,grīs bāy.mp3,https://dsal.uchicago.edu/dictionaries/hassan/audio/01352.mp3,,"cultivator of soil, planter, farmer",grīs bāy
n.f.,uchicago_S_Hassan,grīstιl.mp3,https://dsal.uchicago.edu/dictionaries/hassan/audio/01353.mp3,,"agriculture, farming, cultivation, crop growing",grīstιl
n.f.,uchicago_S_Hassan,grīsʸel.mp3,https://dsal.uchicago.edu/dictionaries/hassan/audio/01354.mp3,,"cultivation, agriculture, crop growing",grīsʸel
n.m.pl.,uchicago_S_Hassan,grīs.mp3,https://dsal.uchicago.edu/dictionaries/hassan/audio/01355.mp3,,"cultivator of soil, planter, farmer",grīs
n.m.,uchicago_S_Hassan,grūs.mp3,https://dsal.uchicago.edu/dictionaries/hassan/audio/01356.mp3,,"agriculturist, farmer, cultivator, grower",grūs
v.,uchicago_S_Hassan,gilan.mp3,https://dsal.uchicago.edu/dictionaries/hassan/audio/01357.mp3,,"shake, stir, blend, mix",gilan
n.,uchicago_S_Hassan,grʸuhun.mp3,https://dsal.uchicago.edu/dictionaries/hassan/audio/01358.mp3,,eclipse,grʸuhun
n.m.,uchicago_S_Hassan,gudōm.mp3,https://dsal.uchicago.edu/dictionaries/hassan/audio/01359.mp3,,"tether, a rope for tying an animal",gudōm
v.,uchicago_S_Hassan,gudə̄mis gaⁿḍun.mp3,https://dsal.uchicago.edu/dictionaries/hassan/audio/01360.mp3,,to fasten with a tether,gudə̄mis gaⁿḍun
n.m.,uchicago_S_Hassan,guh.mp3,https://dsal.uchicago.edu/dictionaries/hassan/audio/01361.mp3,,"dung, compost, manure, ordure",guh
v.,uchicago_S_Hassan,guhun.mp3,https://dsal.uchicago.edu/dictionaries/hassan/audio/01362.mp3,,"pulverize, mash, pound",guhun
n.f.,uchicago_S_Hassan,gūj.mp3,https://dsal.uchicago.edu/dictionaries/hassan/audio/01363.mp3,,"kernel, nut, seed, core",gūj
n.m.,uchicago_S_Hassan,gujur.mp3,https://dsal.uchicago.edu/dictionaries/hassan/audio/01364.mp3,,cowherd,gujur
n.f.,uchicago_S_Hassan,gul.mp3,https://dsal.uchicago.edu/dictionaries/hassan/audio/01365.mp3,,wrist,gul
n.m.,uchicago_S_Hassan,gulilāla.mp3,https://dsal.uchicago.edu/dictionaries/hassan/audio/01366.mp3,,"tulip, a type of flower",gulilāla
v.,uchicago_S_Hassan,gūlʸ lāyin.mp3,https://dsal.uchicago.edu/dictionaries/hassan/audio/01367.mp3,,"to shoot, fire , kill",gūlʸ lāyin
v.,uchicago_S_Hassan,gulʸmīṭ.mp3,https://dsal.uchicago.edu/dictionaries/hassan/audio/01368.mp3,,kiss on hand,gulʸmīṭ
v.,uchicago_S_Hassan,gumān karun.mp3,https://dsal.uchicago.edu/dictionaries/hassan/audio/01369.mp3,,"presume, speculate, imagine",gumān karun
n.,uchicago_S_Hassan,gūmbǝz.mp3,https://dsal.uchicago.edu/dictionaries/hassan/audio/01370.mp3,,"resonance, reverberation, boom",gūmbǝz
n.m.,uchicago_S_Hassan,gūlʸ.mp3,https://dsal.uchicago.edu/dictionaries/hassan/audio/01371.mp3,,a bullet,gūlʸ
v.,uchicago_S_Hassan,gumrah karun.mp3,https://dsal.uchicago.edu/dictionaries/hassan/audio/01372.mp3,,"mislead, misinform, deceive",gumrah karun
adv.,uchicago_S_Hassan,gumrah.mp3,https://dsal.uchicago.edu/dictionaries/hassan/audio/01373.mp3,,"astray, off course, lost, off track",gumrah
n.m.,uchicago_S_Hassan,gunāhgār.mp3,https://dsal.uchicago.edu/dictionaries/hassan/audio/01374.mp3,,"criminal, offender, criminal, lawbreaker",gunāhgār
n.m.,uchicago_S_Hassan,gupan.mp3,https://dsal.uchicago.edu/dictionaries/hassan/audio/01375.mp3,,herd,gupan
n.m.,uchicago_S_Hassan,gupan-gūr.mp3,https://dsal.uchicago.edu/dictionaries/hassan/audio/01376.mp3,,"cowherd, shepherd",gupan-gūr
n.m.,uchicago_S_Hassan,gur sawār.mp3,https://dsal.uchicago.edu/dictionaries/hassan/audio/01377.mp3,,horse rider,gur sawār
n.m.,uchicago_S_Hassan,gur.mp3,https://dsal.uchicago.edu/dictionaries/hassan/audio/01378.mp3,,horse,gur
n.m.,uchicago_S_Hassan,gūr.mp3,https://dsal.uchicago.edu/dictionaries/hassan/audio/01379.mp3,,milkman,gūr
n.m.,uchicago_S_Hassan,gurus.mp3,https://dsal.uchicago.edu/dictionaries/hassan/audio/01380.mp3,,buttermilk,gurus
n.m.,uchicago_S_Hassan,gūrʸ bāy.mp3,https://dsal.uchicago.edu/dictionaries/hassan/audio/01381.mp3,,milkman’s wife,gūrʸ bāy
n.f.,uchicago_S_Hassan,gurin.mp3,https://dsal.uchicago.edu/dictionaries/hassan/audio/01382.mp3,,mare,gurin
adj.,uchicago_S_Hassan,gutul.mp3,https://dsal.uchicago.edu/dictionaries/hassan/audio/01383.mp3,,"sufficient, adequate, an adequate amount of, enough",gutul
n.m.,uchicago_S_Hassan,gūyin.mp3,https://dsal.uchicago.edu/dictionaries/hassan/audio/01384.mp3,,"stack, mass, load",gūyin
n.,uchicago_S_Hassan,guzar.mp3,https://dsal.uchicago.edu/dictionaries/hassan/audio/01385.mp3,,"custom, business patronage, duties in import",guzar
n.m.,uchicago_S_Hassan,guzarwān.mp3,https://dsal.uchicago.edu/dictionaries/hassan/audio/01386.mp3,,custom-officer,guzarwān
v.,uchicago_S_Hassan,guzrāwun.mp3,https://dsal.uchicago.edu/dictionaries/hassan/audio/01387.mp3,,"forward, promote, send on, pass on",guzrāwun
n.m.,uchicago_S_Hassan,gōlι.mp3,https://dsal.uchicago.edu/dictionaries/hassan/audio/01388.mp3,,bomb,gōlι
n.m.,uchicago_S_Hassan,gʸēwan bə̄t.mp3,https://dsal.uchicago.edu/dictionaries/hassan/audio/01389.mp3,,song,gʸēwan bə̄t
n.f.,uchicago_S_Hassan,gʸūr.mp3,https://dsal.uchicago.edu/dictionaries/hassan/audio/01390.mp3,,"vertigo, giddy, lightheaded, woozy, dizzy",gʸūr
n.,uchicago_S_Hassan,dʸūr.mp3,https://dsal.uchicago.edu/dictionaries/hassan/audio/01391.mp3,,a kind of glue used in paint,dʸūr
n.,uchicago_S_Hassan,gιzah.mp3,https://dsal.uchicago.edu/dictionaries/hassan/audio/01392.mp3,,food,gιzah
v.,uchicago_S_Hassan,gə̄b gaʦun.mp3,https://dsal.uchicago.edu/dictionaries/hassan/audio/01393.mp3,,"vanish, disappear, fade away, go",gə̄b gaʦun
v.,uchicago_S_Hassan,gə̄bat karān.mp3,https://dsal.uchicago.edu/dictionaries/hassan/audio/01394.mp3,,"to utter a slander about, to defame, to gossip, a false and malicious statement about another",gə̄bat karān
n.,uchicago_S_Hassan,gə̄bat.mp3,https://dsal.uchicago.edu/dictionaries/hassan/audio/01395.mp3,,"slander, gossip, a false and malicious statement about another",gə̄bat
n.f.,uchicago_S_Hassan,gə̄ḍʸ.mp3,https://dsal.uchicago.edu/dictionaries/hassan/audio/01396.mp3,,"car, vehicle, automobile",gə̄ḍʸ
adj.,uchicago_S_Hassan,gə̄fil.mp3,https://dsal.uchicago.edu/dictionaries/hassan/audio/01397.mp3,,"negligent, neglectful, careless",gə̄fil
adv.,uchicago_S_Hassan,gə̄liban.mp3,https://dsal.uchicago.edu/dictionaries/hassan/audio/01398.mp3,,"probably, almost certainly, most likely, in all probability, perhaps",gə̄liban
n.f.sg.,uchicago_S_Hassan,gə̄nʸ.mp3,https://dsal.uchicago.edu/dictionaries/hassan/audio/01399.mp3,,"a whore, a prostitute",gə̄nʸ
n.f.pl.,uchicago_S_Hassan,gāni.mp3,https://dsal.uchicago.edu/dictionaries/hassan/audio/01400.mp3,,prostitutes,gāni
adj.,uchicago_S_Hassan,gə̄rfə̄nī.mp3,https://dsal.uchicago.edu/dictionaries/hassan/audio/01401.mp3,,"immortal, eternal, everlasting, never-ending",gə̄rfə̄nī
n.m.,uchicago_S_Hassan,gə̄rhə̄ⁿz.mp3,https://dsal.uchicago.edu/dictionaries/hassan/audio/01402.mp3,,one who collects water chestnut,gə̄rhə̄ⁿz
adj.,uchicago_S_Hassan,gə̄r-hə̄zir.mp3,https://dsal.uchicago.edu/dictionaries/hassan/audio/01403.mp3,,"absent, not present, missing, not in attendance",gə̄r-hə̄zir
n.f.,uchicago_S_Hassan,gͻʦ kʸum.mp3,https://dsal.uchicago.edu/dictionaries/hassan/audio/01404.mp3,,silk-worm,gͻʦ kʸum
n.m.,uchicago_S_Hassan,gōⁿʦʰ.mp3,https://dsal.uchicago.edu/dictionaries/hassan/audio/01405.mp3,,mustache,gōⁿʦʰ
adj.,uchicago_S_Hassan,habšī.mp3,https://dsal.uchicago.edu/dictionaries/hassan/audio/01406.mp3,,negro,habšī
n.m.,uchicago_S_Hassan,haftι.mp3,https://dsal.uchicago.edu/dictionaries/hassan/audio/01407.mp3,,week,haftι
n.m.,uchicago_S_Hassan,hagur.mp3,https://dsal.uchicago.edu/dictionaries/hassan/audio/01408.mp3,,wheel,hagur
n.m.,uchicago_S_Hassan,hajām.mp3,https://dsal.uchicago.edu/dictionaries/hassan/audio/01409.mp3,,barber,hajām
n.m.,uchicago_S_Hassan,hak.mp3,https://dsal.uchicago.edu/dictionaries/hassan/audio/01410.mp3,,"duty, responsibility, obligation, sense of duty",hak
adj.,uchicago_S_Hassan,hakə̄ni.mp3,https://dsal.uchicago.edu/dictionaries/hassan/audio/01411.mp3,,"true, factual, real, accurate, authentic, bona fide, correct",hakə̄ni
n.m.,uchicago_S_Hassan,hāk.mp3,https://dsal.uchicago.edu/dictionaries/hassan/audio/01412.mp3,,"vegetables, lattice leaf",hāk
n.f.,uchicago_S_Hassan,hakārat.mp3,https://dsal.uchicago.edu/dictionaries/hassan/audio/01413.mp3,,"scorn, disrespect, disapproval, disdain, contempt",hakārat
v.,uchicago_S_Hassan,hakʰdār āsun.mp3,https://dsal.uchicago.edu/dictionaries/hassan/audio/01414.mp3,,"deserve, be worthy of, ought to have, earn",hakʰdār āsun
n.f.,uchicago_S_Hassan,hakīkat.mp3,https://dsal.uchicago.edu/dictionaries/hassan/audio/01415.mp3,,"reality, fact, actuality",hakīkat
n.m.,uchicago_S_Hassan,hakīm.mp3,https://dsal.uchicago.edu/dictionaries/hassan/audio/01416.mp3,,"doctor, physician",hakīm
n.m.,uchicago_S_Hassan,hǝkim.mp3,https://dsal.uchicago.edu/dictionaries/hassan/audio/01417.mp3,,"person in charge, organizer, chief, boss",hǝkim
v.,uchicago_S_Hassan,hakīr zanun.mp3,https://dsal.uchicago.edu/dictionaries/hassan/audio/01418.mp3,,"despise, hate, look down on, deride",hakīr zanun
n.m.,uchicago_S_Hassan,hāl.mp3,https://dsal.uchicago.edu/dictionaries/hassan/audio/01419.mp3,,hall,hāl
n.,uchicago_S_Hassan,hāl.mp3,https://dsal.uchicago.edu/dictionaries/hassan/audio/01420.mp3,,"condition, order, situation, state, form",hāl
n.m.,uchicago_S_Hassan,hal.mp3,https://dsal.uchicago.edu/dictionaries/hassan/audio/01421.mp3,,plough,hal
n.m.,uchicago_S_Hassan,hal.mp3,https://dsal.uchicago.edu/dictionaries/hassan/audio/01422.mp3,,womb,hal
adj.,uchicago_S_Hassan,halāl.mp3,https://dsal.uchicago.edu/dictionaries/hassan/audio/01423.mp3,,legal,halāl
n.,uchicago_S_Hassan,hālat.mp3,https://dsal.uchicago.edu/dictionaries/hassan/audio/01424.mp3,,"condition, state, form, situation, circumstance, order",hālat
adv.,uchicago_S_Hassan,hālas.mp3,https://dsal.uchicago.edu/dictionaries/hassan/audio/01425.mp3,,"for present state, status, situation, condition",hālas
n.m.,uchicago_S_Hassan,hālav.mp3,https://dsal.uchicago.edu/dictionaries/hassan/audio/01426.mp3,,locust,hālav
n.,uchicago_S_Hassan,halīm.mp3,https://dsal.uchicago.edu/dictionaries/hassan/audio/01427.mp3,,"& adj. humbleness, humility, modesty, unassuming nature",halīm
n.m.,uchicago_S_Hassan,halwāy.mp3,https://dsal.uchicago.edu/dictionaries/hassan/audio/01428.mp3,,confectioner,halwāy
adv.,uchicago_S_Hassan,hālιhāl.mp3,https://dsal.uchicago.edu/dictionaries/hassan/audio/01429.mp3,,"recently, freshly, in recent times, a moment ago, lately",hālιhāl
adj.,uchicago_S_Hassan,ham umιr.mp3,https://dsal.uchicago.edu/dictionaries/hassan/audio/01430.mp3,,"equal in age, same in age",ham umιr
n.,uchicago_S_Hassan,hamām.mp3,https://dsal.uchicago.edu/dictionaries/hassan/audio/01431.mp3,,"& v. bath, wash, have a bath, bathe, shower",hamām
n.f.,uchicago_S_Hassan,hamdardī.mp3,https://dsal.uchicago.edu/dictionaries/hassan/audio/01432.mp3,,"sympathy, kindness, compassion, empathy, understanding",hamdardī
adv.,uchicago_S_Hassan,hamēšι.mp3,https://dsal.uchicago.edu/dictionaries/hassan/audio/01433.mp3,,"always, forever, eternally, endlessly, perpetually, continually",hamēšι
n.,uchicago_S_Hassan,hāmī.mp3,https://dsal.uchicago.edu/dictionaries/hassan/audio/01434.mp3,,"defender, protector, guard, warden, guardian, supporter",hāmī
n.,uchicago_S_Hassan,hamlι.mp3,https://dsal.uchicago.edu/dictionaries/hassan/audio/01435.mp3,,"assault, physical attack, attack, beating",hamlι
n.m.,uchicago_S_Hassan,hamsāyih.mp3,https://dsal.uchicago.edu/dictionaries/hassan/audio/01436.mp3,,"neighbour, fellow citizen",hamsāyih
n.m.,uchicago_S_Hassan,hamtōl.mp3,https://dsal.uchicago.edu/dictionaries/hassan/audio/01437.mp3,,pole,hamtōl
n.m.,uchicago_S_Hassan,hand.mp3,https://dsal.uchicago.edu/dictionaries/hassan/audio/01438.mp3,,name of wild herbal plant,hand
adj.,uchicago_S_Hassan,hana.mp3,https://dsal.uchicago.edu/dictionaries/hassan/audio/01439.mp3,,"less, a lesser amount of, not as much of, fewer",hana
n.m.,uchicago_S_Hassan,hāⁿ-ḍūn.mp3,https://dsal.uchicago.edu/dictionaries/hassan/audio/01440.mp3,,chestnut,hāⁿ-ḍūn
n.,uchicago_S_Hassan,hāⁿgǝlʸ bacī.mp3,https://dsal.uchicago.edu/dictionaries/hassan/audio/01441.mp3,,"fawn, young deer",hāⁿgǝlʸ bacī
adv.,uchicago_S_Hassan,hang-te-mang.mp3,https://dsal.uchicago.edu/dictionaries/hassan/audio/01442.mp3,,"accidentally, by chance, unintentionally, inadvertently, out of the blue",hang-te-mang
n.f.,uchicago_S_Hassan,hāⁿgιj.mp3,https://dsal.uchicago.edu/dictionaries/hassan/audio/01443.mp3,,snail,hāⁿgιj
n.m.,uchicago_S_Hassan,heng.mp3,https://dsal.uchicago.edu/dictionaries/hassan/audio/01444.mp3,,horn,heng
n.m.,uchicago_S_Hassan,hāⁿgul.mp3,https://dsal.uchicago.edu/dictionaries/hassan/audio/01445.mp3,,deer,hāⁿgul
n.m.pl.,uchicago_S_Hassan,hāⁿgal.mp3,https://dsal.uchicago.edu/dictionaries/hassan/audio/01446.mp3,,deer,hāⁿgal
n.,uchicago_S_Hassan,hamud.mp3,https://dsal.uchicago.edu/dictionaries/hassan/audio/01447.mp3,,"thank, gratitude, recognition",hamud
n.m.,uchicago_S_Hassan,hāⁿkal.mp3,https://dsal.uchicago.edu/dictionaries/hassan/audio/01448.mp3,,"chain, sequence, group",hāⁿkal
adj.,uchicago_S_Hassan,hāⁿṭʰ.mp3,https://dsal.uchicago.edu/dictionaries/hassan/audio/01449.mp3,,"barren (woman), infertile, unproductive",hāⁿṭʰ
n.,uchicago_S_Hassan,hāⁿʦ.mp3,https://dsal.uchicago.edu/dictionaries/hassan/audio/01450.mp3,,"conviction, guilty verdict",hāⁿʦ
n.m.,uchicago_S_Hassan,hə̄ⁿz.mp3,https://dsal.uchicago.edu/dictionaries/hassan/audio/01451.mp3,,boatman,hə̄ⁿz
n.m.,uchicago_S_Hassan,hāput.mp3,https://dsal.uchicago.edu/dictionaries/hassan/audio/01452.mp3,,bear,hāput
n.f.,uchicago_S_Hassan,hāpιʦ.mp3,https://dsal.uchicago.edu/dictionaries/hassan/audio/01453.mp3,,bear,hāpιʦ
adj.,uchicago_S_Hassan,har hamēšι.mp3,https://dsal.uchicago.edu/dictionaries/hassan/audio/01454.mp3,,"eternal, ceaseless, never-ending, uninterrupted, continual",har hamēšι
n.f.,uchicago_S_Hassan,hār.mp3,https://dsal.uchicago.edu/dictionaries/hassan/audio/01455.mp3,,cowry,hār
n.f.,uchicago_S_Hassan,hār.mp3,https://dsal.uchicago.edu/dictionaries/hassan/audio/01456.mp3,,"failure, not a success, disappointment",hār
n.m.,uchicago_S_Hassan,hār.mp3,https://dsal.uchicago.edu/dictionaries/hassan/audio/01457.mp3,,June,hār
n.m.,uchicago_S_Hassan,hartāl.mp3,https://dsal.uchicago.edu/dictionaries/hassan/audio/01458.mp3,,strike,hartāl
n.f.,uchicago_S_Hassan,har.mp3,https://dsal.uchicago.edu/dictionaries/hassan/audio/01459.mp3,,"quarrel, fight, dispute",har
v.,uchicago_S_Hassan,harahιr karinʸ.mp3,https://dsal.uchicago.edu/dictionaries/hassan/audio/01460.mp3,,to fight,harahιr karinʸ
n.f.,uchicago_S_Hassan,harahar.mp3,https://dsal.uchicago.edu/dictionaries/hassan/audio/01461.mp3,,fight,harahar
n.f.,uchicago_S_Hassan,harāmkə̄rī.mp3,https://dsal.uchicago.edu/dictionaries/hassan/audio/01462.mp3,,fornication,harāmkə̄rī
adv.,uchicago_S_Hassan,hardam.mp3,https://dsal.uchicago.edu/dictionaries/hassan/audio/01463.mp3,,"each time, every time",hardam
adv.,uchicago_S_Hassan,harf ba harf.mp3,https://dsal.uchicago.edu/dictionaries/hassan/audio/01464.mp3,,"verbatim, exactly, word for word, to the letter",harf ba harf
n.,uchicago_S_Hassan,harf.mp3,https://dsal.uchicago.edu/dictionaries/hassan/audio/01465.mp3,,"letter, words",harf
adv.,uchicago_S_Hassan,harfι-pat-harfι.mp3,https://dsal.uchicago.edu/dictionaries/hassan/audio/01466.mp3,,"verbatim, word for word, exactly, literally, accurately",harfι-pat-harfι
adv.,uchicago_S_Hassan,hargah.mp3,https://dsal.uchicago.edu/dictionaries/hassan/audio/01467.mp3,,"otherwise, or else, if not",hargah
adv.,uchicago_S_Hassan,hargiz.mp3,https://dsal.uchicago.edu/dictionaries/hassan/audio/01468.mp3,,"in the least, the least bit, remotely, at all",hargiz
adv.,uchicago_S_Hassan,harhǝmēšι rozanwōl.mp3,https://dsal.uchicago.edu/dictionaries/hassan/audio/01469.mp3,,"forever, for all time, for eternity, until the end of time",harhǝmēšι rozanwōl
n.m.,uchicago_S_Hassan,harkār.mp3,https://dsal.uchicago.edu/dictionaries/hassan/audio/01470.mp3,,"spy, secret agent, detective",harkār
n.,uchicago_S_Hassan,harud.mp3,https://dsal.uchicago.edu/dictionaries/hassan/audio/01471.mp3,,"harvest, yield, return",harud
v.,uchicago_S_Hassan,hārun.mp3,https://dsal.uchicago.edu/dictionaries/hassan/audio/01472.mp3,,"fail, disappointed",hārun
v.,uchicago_S_Hassan,harārat.mp3,https://dsal.uchicago.edu/dictionaries/hassan/audio/01473.mp3,,temperature,harārat
v.,uchicago_S_Hassan,oš hārun.mp3,https://dsal.uchicago.edu/dictionaries/hassan/audio/01474.mp3,,"to shed, discard, cast off",oš hārun
n.f.,uchicago_S_Hassan,haš.mp3,https://dsal.uchicago.edu/dictionaries/hassan/audio/01475.mp3,,mother-in-law,haš
n.f.,uchicago_S_Hassan,haš mə̄j.mp3,https://dsal.uchicago.edu/dictionaries/hassan/audio/01476.mp3,,"wife’s mother, mother-in-law",haš mə̄j
n.m.,uchicago_S_Hassan,hasd.mp3,https://dsal.uchicago.edu/dictionaries/hassan/audio/01477.mp3,,"unkindness, jealousy, spitefulness, nastiness, covetousness, envy",hasd
adj.,uchicago_S_Hassan,hasdī.mp3,https://dsal.uchicago.edu/dictionaries/hassan/audio/01478.mp3,,"jealous, green, green-eyed, envious, resentful",hasdī
n.m.,uchicago_S_Hassan,haspatāl.mp3,https://dsal.uchicago.edu/dictionaries/hassan/audio/01479.mp3,,hospital,haspatāl
n.,uchicago_S_Hassan,hāši.mp3,https://dsal.uchicago.edu/dictionaries/hassan/audio/01480.mp3,,margin,hāši
n.m.,uchicago_S_Hassan,hatʰ.mp3,https://dsal.uchicago.edu/dictionaries/hassan/audio/01481.mp3,,hundred,hatʰ
interj.,uchicago_S_Hassan,hatā.mp3,https://dsal.uchicago.edu/dictionaries/hassan/audio/01482.mp3,,hallo!,hatā
v.,uchicago_S_Hassan,haṭāwun.mp3,https://dsal.uchicago.edu/dictionaries/hassan/audio/01483.mp3,,"to remove, take away, get rid of, do away with, eradicate, detach",haṭāwun
interj.,uchicago_S_Hassan,hatay.mp3,https://dsal.uchicago.edu/dictionaries/hassan/audio/01484.mp3,,hallo!,hatay
interj.,uchicago_S_Hassan,hatsā.mp3,https://dsal.uchicago.edu/dictionaries/hassan/audio/01485.mp3,,hallo!,hatsā
adj.,uchicago_S_Hassan,hatʸum.mp3,https://dsal.uchicago.edu/dictionaries/hassan/audio/01486.mp3,,hundredth,hatʸum
v.,uchicago_S_Hassan,hawā cʸon.mp3,https://dsal.uchicago.edu/dictionaries/hassan/audio/01487.mp3,,"to blow, breeze, blast of air, gust of air",hawā cʸon
n.m.,uchicago_S_Hassan,hawā.mp3,https://dsal.uchicago.edu/dictionaries/hassan/audio/01488.mp3,,"airstream, current of air, breeze",hawā
n.,uchicago_S_Hassan,hawādakι.mp3,https://dsal.uchicago.edu/dictionaries/hassan/audio/01489.mp3,,whiff,hawādakι
v.,uchicago_S_Hassan,hawālι karun.mp3,https://dsal.uchicago.edu/dictionaries/hassan/audio/01490.mp3,,"assign, hand over, trust, consign",hawālι karun
n.f.,uchicago_S_Hassan,hawə̄liyet.mp3,https://dsal.uchicago.edu/dictionaries/hassan/audio/01491.mp3,,"support, assistance, defense, backing",hawə̄liyet
n.,uchicago_S_Hassan,hǝrsι.mp3,https://dsal.uchicago.edu/dictionaries/hassan/audio/01492.mp3,,traditional dish of meat and saffron,hǝrsι
v.,uchicago_S_Hassan,hawālι.mp3,https://dsal.uchicago.edu/dictionaries/hassan/audio/01493.mp3,,"deposit, set down, put down, place, payment",hawālι
v.,uchicago_S_Hassan,hāwun.mp3,https://dsal.uchicago.edu/dictionaries/hassan/audio/01494.mp3,,"disclose, unveil, make known, relate, release",hāwun
v.,uchicago_S_Hassan,hāv bāv karun.mp3,https://dsal.uchicago.edu/dictionaries/hassan/audio/01495.mp3,,"good deal, good buy, haggle, negotiate, bargain",hāv bāv karun
n.f.,uchicago_S_Hassan,hāy.mp3,https://dsal.uchicago.edu/dictionaries/hassan/audio/01496.mp3,,spider web,hāy
n.m.,uchicago_S_Hassan,hayā.mp3,https://dsal.uchicago.edu/dictionaries/hassan/audio/01497.mp3,,"modesty, reticence, humility, reserve",hayā
interj.,uchicago_S_Hassan,haya.mp3,https://dsal.uchicago.edu/dictionaries/hassan/audio/01498.mp3,,hello!,haya
adj.,uchicago_S_Hassan,hayādār.mp3,https://dsal.uchicago.edu/dictionaries/hassan/audio/01499.mp3,,"modest, self-effacing, humble, reserved, simple",hayādār
n.m.,uchicago_S_Hassan,hāywān.mp3,https://dsal.uchicago.edu/dictionaries/hassan/audio/01500.mp3,,"quadruped, four-footed animal",hāywān
v.,uchicago_S_Hassan,hazm karun.mp3,https://dsal.uchicago.edu/dictionaries/hassan/audio/01501.mp3,,"digest, absorb, take in, summarize, process, grasp",hazm karun
n.m.,uchicago_S_Hassan,hazrat.mp3,https://dsal.uchicago.edu/dictionaries/hassan/audio/01502.mp3,,"saint, one blessed in heaven",hazrat
n.f.,uchicago_S_Hassan,hɔcʰer.mp3,https://dsal.uchicago.edu/dictionaries/hassan/audio/01503.mp3,,"drought, lack",hɔcʰer
v.,uchicago_S_Hassan,hɔʦun.mp3,https://dsal.uchicago.edu/dictionaries/hassan/audio/01504.mp3,,"rot, decompose, decay, perish",hɔʦun
n.m.,uchicago_S_Hassan,hecʰimut.mp3,https://dsal.uchicago.edu/dictionaries/hassan/audio/01505.mp3,,learned,hecʰimut
adj.,uchicago_S_Hassan,hǝcʰmιʦ.mp3,https://dsal.uchicago.edu/dictionaries/hassan/audio/01506.mp3,,"withered, shrunken, thin",hǝcʰmιʦ
v.,uchicago_S_Hassan,hecʰnāwun.mp3,https://dsal.uchicago.edu/dictionaries/hassan/audio/01507.mp3,,"to teach, to impart knowledge, educate",hecʰnāwun
v.,uchicago_S_Hassan,hecʰun.mp3,https://dsal.uchicago.edu/dictionaries/hassan/audio/01508.mp3,,"learn, practice",hecʰun
n.m.,uchicago_S_Hassan,heḍar.mp3,https://dsal.uchicago.edu/dictionaries/hassan/audio/01509.mp3,,mushroom,heḍar
v.,uchicago_S_Hassan,heḍḍun.mp3,https://dsal.uchicago.edu/dictionaries/hassan/audio/01510.mp3,,"ridicule, mock, make fun of, tease",heḍḍun
n.m.,uchicago_S_Hassan,hǝhar.mp3,https://dsal.uchicago.edu/dictionaries/hassan/audio/01511.mp3,,brother-in-law,hǝhar
n.m.,uchicago_S_Hassan,hehrιbāb.mp3,https://dsal.uchicago.edu/dictionaries/hassan/audio/01512.mp3,,father-in-law,hehrιbāb
adj.,uchicago_S_Hassan,hekanwōl.mp3,https://dsal.uchicago.edu/dictionaries/hassan/audio/01513.mp3,,"strong, muscular, tough, hard-wearing",hekanwōl
n.f.,uchicago_S_Hassan,hekat.mp3,https://dsal.uchicago.edu/dictionaries/hassan/audio/01514.mp3,,"strength, power",hekat
n.,uchicago_S_Hassan,hͻʦ.mp3,https://dsal.uchicago.edu/dictionaries/hassan/audio/01515.mp3,,"authority, power, ruler",hͻʦ
adj.,uchicago_S_Hassan,hekun.mp3,https://dsal.uchicago.edu/dictionaries/hassan/audio/01516.mp3,,"able to, capable of, equipped, prepared",hekun
adv.,uchicago_S_Hassan,hǝna ṭʰιrit.mp3,https://dsal.uchicago.edu/dictionaries/hassan/audio/01517.mp3,,"after a while, after some time",hǝna ṭʰιrit
n.m.,uchicago_S_Hassan,hendwend.mp3,https://dsal.uchicago.edu/dictionaries/hassan/audio/01518.mp3,,water melon,hendwend
n.m.,uchicago_S_Hassan,hendιwend bʸōl.mp3,https://dsal.uchicago.edu/dictionaries/hassan/audio/01519.mp3,,water melon seed,hendιwend bʸōl
n.m.,uchicago_S_Hassan,hendwendι kul.mp3,https://dsal.uchicago.edu/dictionaries/hassan/audio/01520.mp3,,water melon plant,hendwendι kul
n.f.,uchicago_S_Hassan,hēr.mp3,https://dsal.uchicago.edu/dictionaries/hassan/audio/01521.mp3,,"scaling ladder, a stair case",hēr
n.,uchicago_S_Hassan,hǝrud.mp3,https://dsal.uchicago.edu/dictionaries/hassan/audio/01522.mp3,,Autumn,hǝrud
n.m.,uchicago_S_Hassan,hǝs daⁿd.mp3,https://dsal.uchicago.edu/dictionaries/hassan/audio/01523.mp3,,ivory,hǝs daⁿd
n.f.,uchicago_S_Hassan,hǝṭ.mp3,https://dsal.uchicago.edu/dictionaries/hassan/audio/01524.mp3,,"wood, firewood, timber",hǝṭ
n.f.,uchicago_S_Hassan,ǝcʰι də̄r.mp3,https://dsal.uchicago.edu/dictionaries/hassan/audio/01525.mp3,,beautiful young girl,ǝcʰι də̄r
n.m.,uchicago_S_Hassan,hēzι.mp3,https://dsal.uchicago.edu/dictionaries/hassan/audio/01526.mp3,,"cholera, a severe, infectious intestinal disease",hēzι
n.f.,uchicago_S_Hassan,hīh.mp3,https://dsal.uchicago.edu/dictionaries/hassan/audio/01527.mp3,,jasmine,hīh
n.m.,uchicago_S_Hassan,hilāt.mp3,https://dsal.uchicago.edu/dictionaries/hassan/audio/01528.mp3,,"waistband, belt",hilāt
n.f.,uchicago_S_Hassan,himmat.mp3,https://dsal.uchicago.edu/dictionaries/hassan/audio/01529.mp3,,"courage, bravery, guts, daring, audacity",himmat
adj.,uchicago_S_Hassan,hindustə̄n.mp3,https://dsal.uchicago.edu/dictionaries/hassan/audio/01530.mp3,,īndian,hindustə̄n
n.,uchicago_S_Hassan,hinι.mp3,https://dsal.uchicago.edu/dictionaries/hassan/audio/01531.mp3,,neigh,hinι
v.,uchicago_S_Hassan,hisāb karun.mp3,https://dsal.uchicago.edu/dictionaries/hassan/audio/01532.mp3,,"reckon, calculate, add up, total, count",hisāb karun
v.,uchicago_S_Hassan,hisāb tʰāwun.mp3,https://dsal.uchicago.edu/dictionaries/hassan/audio/01533.mp3,,"account, description, version, explanation",hisāb tʰāwun
n.m.,uchicago_S_Hassan,hisāb.mp3,https://dsal.uchicago.edu/dictionaries/hassan/audio/01534.mp3,,"bill, statement, check, receipt, cost, balance, price, debt",hisāb
n.m.,uchicago_S_Hassan,hisāb kitāb.mp3,https://dsal.uchicago.edu/dictionaries/hassan/audio/01535.mp3,,"account ledger, sums, computation",hisāb kitāb
v.,uchicago_S_Hassan,hišerʸ karun.mp3,https://dsal.uchicago.edu/dictionaries/hassan/audio/01536.mp3,,"compare, match up to, put side by side, balance, evaluate",hišerʸ karun
n.,uchicago_S_Hassan,hissι.mp3,https://dsal.uchicago.edu/dictionaries/hassan/audio/01537.mp3,,"& v. share, part, portion, piece, split, divide, divide up",hissι
n.f.,uchicago_S_Hassan,hitʰ.mp3,https://dsal.uchicago.edu/dictionaries/hassan/audio/01538.mp3,,"pretext, excuse, ploy, alleged reason",hitʰ
v.,uchicago_S_Hassan,hiyul.mp3,https://dsal.uchicago.edu/dictionaries/hassan/audio/01539.mp3,,"cluster, bunch, gather, come together",hiyul
adj.,uchicago_S_Hassan,hiyuv.mp3,https://dsal.uchicago.edu/dictionaries/hassan/audio/01540.mp3,,"level, smooth, flat",hiyuv
n.m.,uchicago_S_Hassan,hokʰ gāsι.mp3,https://dsal.uchicago.edu/dictionaries/hassan/audio/01541.mp3,,straw,hokʰ gāsι
adj.,uchicago_S_Hassan,hokʰ.mp3,https://dsal.uchicago.edu/dictionaries/hassan/audio/01542.mp3,,"dry, dried out, waterless, arid",hokʰ
adj.,uchicago_S_Hassan,hokʰmut.mp3,https://dsal.uchicago.edu/dictionaries/hassan/audio/01543.mp3,,"dried out, dehydrated, ironic",hokʰmut
adj.,uchicago_S_Hassan,hͻcʰ.mp3,https://dsal.uchicago.edu/dictionaries/hassan/audio/01544.mp3,,"dried up, shrinked, drooped, become weakened",hͻcʰ
n.,uchicago_S_Hassan,hol.mp3,https://dsal.uchicago.edu/dictionaries/hassan/audio/01545.mp3,,"flank, waist",hol
n.f.,uchicago_S_Hassan,hamsāybāy.mp3,https://dsal.uchicago.edu/dictionaries/hassan/audio/01546.mp3,,neighbour,hamsāybāy
adj.,uchicago_S_Hassan,holι.mp3,https://dsal.uchicago.edu/dictionaries/hassan/audio/01547.mp3,,"oblique, slanting, at an angle, indirect",holι
adv.,uchicago_S_Hassan,goḍιniy.mp3,https://dsal.uchicago.edu/dictionaries/hassan/audio/01548.mp3,,"at the very first, first of all",goḍιniy
adj.,uchicago_S_Hassan,holι.mp3,https://dsal.uchicago.edu/dictionaries/hassan/audio/01549.mp3,,"crock, crooked, bent person, not straight person",holι
n.f.,uchicago_S_Hassan,hoⁿgenʸ.mp3,https://dsal.uchicago.edu/dictionaries/hassan/audio/01550.mp3,,"chin, jowl",hoⁿgenʸ
adv.,uchicago_S_Hassan,hōr.mp3,https://dsal.uchicago.edu/dictionaries/hassan/audio/01551.mp3,,"thither, to or towards that place",hōr
v.,uchicago_S_Hassan,hōrun.mp3,https://dsal.uchicago.edu/dictionaries/hassan/audio/01552.mp3,,"repay, pay back",hōrun
n.m.,uchicago_S_Hassan,hamə̄m.mp3,https://dsal.uchicago.edu/dictionaries/hassan/audio/01553.mp3,,one who take care of mosque’s heating system hamām in winters,hamə̄m
n.m.,uchicago_S_Hassan,hos.mp3,https://dsal.uchicago.edu/dictionaries/hassan/audio/01554.mp3,,elephant,hos
n.f.,uchicago_S_Hassan,hosinʸ.mp3,https://dsal.uchicago.edu/dictionaries/hassan/audio/01555.mp3,,elephant,hosinʸ
adj.,uchicago_S_Hassan,hōšyār.mp3,https://dsal.uchicago.edu/dictionaries/hassan/audio/01556.mp3,,"clever, skilled, bright, smart, witty",hōšyār
n.f.,uchicago_S_Hassan,hōšyāri.mp3,https://dsal.uchicago.edu/dictionaries/hassan/audio/01557.mp3,,"cleverness, cunning, quickness, expertise, adeptness",hōšyāri
adj.,uchicago_S_Hassan,hōšanmanz.mp3,https://dsal.uchicago.edu/dictionaries/hassan/audio/01558.mp3,,"conscious, informed, well-versed, educated",hōšanmanz
adj.,uchicago_S_Hassan,hōš.mp3,https://dsal.uchicago.edu/dictionaries/hassan/audio/01559.mp3,,"vigilant, watchful, alert, attentive, aware, observant, wary",hōš
v.,uchicago_S_Hassan,hājat.mp3,https://dsal.uchicago.edu/dictionaries/hassan/audio/01560.mp3,,"need, beg, pray, ask humbly for, beseech",hājat
n.,uchicago_S_Hassan,haj.mp3,https://dsal.uchicago.edu/dictionaries/hassan/audio/01561.mp3,,pilgrimage offered by Muslims to the holi place of Mecca,haj
adv.,uchicago_S_Hassan,hōšyə̄risān.mp3,https://dsal.uchicago.edu/dictionaries/hassan/audio/01562.mp3,,"skillfully, expertly, cleverly, proficiently, competently",hōšyə̄risān
n.m.,uchicago_S_Hassan,hoṭ.mp3,https://dsal.uchicago.edu/dictionaries/hassan/audio/01563.mp3,,"throat, gullet, esophagus",hoṭ
adj.,uchicago_S_Hassan,hotmut.mp3,https://dsal.uchicago.edu/dictionaries/hassan/audio/01564.mp3,,"rotten, decayed, decomposed",hotmut
n.m.,uchicago_S_Hassan,hoʦ.mp3,https://dsal.uchicago.edu/dictionaries/hassan/audio/01565.mp3,,wrist,hoʦ
n.m.,uchicago_S_Hassan,hu.mp3,https://dsal.uchicago.edu/dictionaries/hassan/audio/01566.mp3,,he(pron),hu
,uchicago_S_Hassan,hu.mp3,https://dsal.uchicago.edu/dictionaries/hassan/audio/01567.mp3,,demonstrative adj. that,hu
v.,uchicago_S_Hassan,hukm diyun.mp3,https://dsal.uchicago.edu/dictionaries/hassan/audio/01568.mp3,,"order, direct, instruct, decree",hukm diyun
adj.,uchicago_S_Hassan,hukm tulanwōl.mp3,https://dsal.uchicago.edu/dictionaries/hassan/audio/01569.mp3,,"obedient, submissive, dutiful, subservient",hukm tulanwōl
n.m.,uchicago_S_Hassan,hukm.mp3,https://dsal.uchicago.edu/dictionaries/hassan/audio/01570.mp3,,"command, decree, order, declaration, law, judgment, announcement, verdict",hukm
adj.,uchicago_S_Hassan,hə̄j.mp3,https://dsal.uchicago.edu/dictionaries/hassan/audio/01571.mp3,,"pilgrim, one who perform Haj in Muslims",hə̄j
n.m.,uchicago_S_Hassan,hukι bardār.mp3,https://dsal.uchicago.edu/dictionaries/hassan/audio/01572.mp3,,pipe bearer,hukι bardār
n.f.,uchicago_S_Hassan,hikιṭ.mp3,https://dsal.uchicago.edu/dictionaries/hassan/audio/01573.mp3,,"a certain game, generally played by two young women",hikιṭ
n.f.,uchicago_S_Hassan,hūn garι.mp3,https://dsal.uchicago.edu/dictionaries/hassan/audio/01574.mp3,,kennel,hūn garι
n.m.,uchicago_S_Hassan,hūn.mp3,https://dsal.uchicago.edu/dictionaries/hassan/audio/01575.mp3,,dog,hūn
n.m.,uchicago_S_Hassan,hunar.mp3,https://dsal.uchicago.edu/dictionaries/hassan/audio/01576.mp3,,"art, skill, talent, excellence in any art",hunar
n.m.,uchicago_S_Hassan,hunarmand.mp3,https://dsal.uchicago.edu/dictionaries/hassan/audio/01577.mp3,,"artist, performer",hunarmand
v.,uchicago_S_Hassan,hunun.mp3,https://dsal.uchicago.edu/dictionaries/hassan/audio/01578.mp3,,"swell, puff up, swell up, inflate",hunun
n.,uchicago_S_Hassan,hūnʸ baci.mp3,https://dsal.uchicago.edu/dictionaries/hassan/audio/01579.mp3,,pup,hūnʸ baci
n.f.,uchicago_S_Hassan,hūnʸ.mp3,https://dsal.uchicago.edu/dictionaries/hassan/audio/01580.mp3,,bitch,hūnʸ
n.pl.,uchicago_S_Hassan,hūnι.mp3,https://dsal.uchicago.edu/dictionaries/hassan/audio/01581.mp3,,dogs,hūnι
n.,uchicago_S_Hassan,hunʸer.mp3,https://dsal.uchicago.edu/dictionaries/hassan/audio/01582.mp3,,"puffiness, inflammation, swelling",hunʸer
adj.,uchicago_S_Hassan,huri.mp3,https://dsal.uchicago.edu/dictionaries/hassan/audio/01583.mp3,,"superfluous, extra, surplus, not required",huri
n.f.,uchicago_S_Hassan,hurʸ meʦ.mp3,https://dsal.uchicago.edu/dictionaries/hassan/audio/01584.mp3,,gypsum,hurʸ meʦ
n.f.,uchicago_S_Hassan,hūrι.mp3,https://dsal.uchicago.edu/dictionaries/hassan/audio/01585.mp3,,fairy,hūrι
adj.,uchicago_S_Hassan,hušʸār.mp3,https://dsal.uchicago.edu/dictionaries/hassan/audio/01586.mp3,,"awake, aware, up, stirring, alert, wakeful, mindful",hušʸār
adv.,uchicago_S_Hassan,hutʸetʰ.mp3,https://dsal.uchicago.edu/dictionaries/hassan/audio/01587.mp3,,there,hutʸetʰ
adv.,uchicago_S_Hassan,huti.mp3,https://dsal.uchicago.edu/dictionaries/hassan/audio/01588.mp3,,"thither, to or towards that place",huti
adj.,uchicago_S_Hassan,huvι.mp3,https://dsal.uchicago.edu/dictionaries/hassan/audio/01589.mp3,,"same, similar, equal, matching, alike",huvι
n.m.,uchicago_S_Hassan,kʰal.mp3,https://dsal.uchicago.edu/dictionaries/hassan/audio/01590.mp3,,stalk of rice,kʰal
v.,uchicago_S_Hassan,hʸon.mp3,https://dsal.uchicago.edu/dictionaries/hassan/audio/01591.mp3,,"get, buy, purchase, pay for, book",hʸon
adv.,uchicago_S_Hassan,hʸor.mp3,https://dsal.uchicago.edu/dictionaries/hassan/audio/01592.mp3,,"& prep. up, in or on higher place, from a lower to higher point, along",hʸor
adv.,uchicago_S_Hassan,hyorkun.mp3,https://dsal.uchicago.edu/dictionaries/hassan/audio/01593.mp3,,"upward, up",hyorkun
n.f.,uchicago_S_Hassan,hembι.mp3,https://dsal.uchicago.edu/dictionaries/hassan/audio/01594.mp3,,beans,hembι
n.f.,uchicago_S_Hassan,alι hǝṭ.mp3,https://dsal.uchicago.edu/dictionaries/hassan/audio/01595.mp3,,dried gourd,alι hǝṭ
n.m.,uchicago_S_Hassan,hāwas.mp3,https://dsal.uchicago.edu/dictionaries/hassan/audio/01596.mp3,,"show, exhibition, showing",hāwas
n.m.,uchicago_S_Hassan,hʸuhur.mp3,https://dsal.uchicago.edu/dictionaries/hassan/audio/01597.mp3,,"wife’s father, father-in-law",hʸuhur
n.f.,uchicago_S_Hassan,hʸul.mp3,https://dsal.uchicago.edu/dictionaries/hassan/audio/01598.mp3,,ear of corn,hʸul
adv.,uchicago_S_Hassan,har sātι.mp3,https://dsal.uchicago.edu/dictionaries/hassan/audio/01599.mp3,,"everytime, whenever, always",har sātι
adv.,uchicago_S_Hassan,har dōh.mp3,https://dsal.uchicago.edu/dictionaries/hassan/audio/01600.mp3,,"everyday, daily, each day",har dōh
v.,uchicago_S_Hassan,hə̄rān gaʦun.mp3,https://dsal.uchicago.edu/dictionaries/hassan/audio/01601.mp3,,"confuse, puzzle, perplex, baffle, confound",hə̄rān gaʦun
adj.,uchicago_S_Hassan,hə̄rān.mp3,https://dsal.uchicago.edu/dictionaries/hassan/audio/01602.mp3,,"astonished, surprised, staggered, stunned, shocked",hə̄rān
n.m.,uchicago_S_Hassan,hə̄rwan.mp3,https://dsal.uchicago.edu/dictionaries/hassan/audio/01603.mp3,,name of one of the famous Mughal gardens in Kashmir,hə̄rwan
v.,uchicago_S_Hassan,hə̄rat karun.mp3,https://dsal.uchicago.edu/dictionaries/hassan/audio/01604.mp3,,surprise,hə̄rat karun
v.,uchicago_S_Hassan,hə̄sil karun.mp3,https://dsal.uchicago.edu/dictionaries/hassan/audio/01605.mp3,,"obtain, get, attain, acquire, achieve",hə̄sil karun
adj.,uchicago_S_Hassan,hə̄zir.mp3,https://dsal.uchicago.edu/dictionaries/hassan/audio/01606.mp3,,"present, in attendance, existing",hə̄zir
n.,uchicago_S_Hassan,hə̄ziri.mp3,https://dsal.uchicago.edu/dictionaries/hassan/audio/01607.mp3,,"presence, being there, existence, attendance",hə̄ziri
v.,uchicago_S_Hassan,ibādat karin.mp3,https://dsal.uchicago.edu/dictionaries/hassan/audio/01608.mp3,,"to worship, adore, pray to",ibādat karin
n.,uchicago_S_Hassan,ibādat.mp3,https://dsal.uchicago.edu/dictionaries/hassan/audio/01609.mp3,,"devotion, dedication, loyalty, commitment, worship, adoration",ibādat
n.,uchicago_S_Hassan,istekbāl.mp3,https://dsal.uchicago.edu/dictionaries/hassan/audio/01610.mp3,,"welcome, salutation, greeting",istekbāl
n.m.,uchicago_S_Hassan,ibādatkʰānι.mp3,https://dsal.uchicago.edu/dictionaries/hassan/audio/01611.mp3,,"place of worship, holy place, shrine",ibādatkʰānι
n.,uchicago_S_Hassan,ibtidā.mp3,https://dsal.uchicago.edu/dictionaries/hassan/audio/01612.mp3,,"inauguration, start, launch, commencing",ibtidā
n.,uchicago_S_Hassan,īmān.mp3,https://dsal.uchicago.edu/dictionaries/hassan/audio/01613.mp3,,"faith, trust, reliance, belief, principle",īmān
n.,uchicago_S_Hassan,ijāzat.mp3,https://dsal.uchicago.edu/dictionaries/hassan/audio/01614.mp3,,"permission, consent, go-ahead, agreement",ijāzat
n.,uchicago_S_Hassan,ikʰtiyār.mp3,https://dsal.uchicago.edu/dictionaries/hassan/audio/01615.mp3,,"authority, power, right, permission",ikʰtiyār
v.,uchicago_S_Hassan,ikrār karun.mp3,https://dsal.uchicago.edu/dictionaries/hassan/audio/01616.mp3,,"choose, select, decide on, go for, elect, vote for",ikrār karun
v.,uchicago_S_Hassan,inkār karun.mp3,https://dsal.uchicago.edu/dictionaries/hassan/audio/01617.mp3,,"deny, reject, refuse, disallow",inkār karun
n.,uchicago_S_Hassan,ikrār.mp3,https://dsal.uchicago.edu/dictionaries/hassan/audio/01618.mp3,,"admission, declaration, affirmation, statement, confession",ikrār
n.,uchicago_S_Hassan,ikrārnāmι.mp3,https://dsal.uchicago.edu/dictionaries/hassan/audio/01619.mp3,,"agreement, treaty, contract, settlement",ikrārnāmι
v.,uchicago_S_Hassan,ilzām dun.mp3,https://dsal.uchicago.edu/dictionaries/hassan/audio/01620.mp3,,"charge, accuse, indict, allege, lay the blame on, blame",ilzām dun
n.m.,uchicago_S_Hassan,ilzām.mp3,https://dsal.uchicago.edu/dictionaries/hassan/audio/01621.mp3,,"accusation, finger pointed, allegation, charge, claim, indictment",ilzām
n.m.,uchicago_S_Hassan,imām.mp3,https://dsal.uchicago.edu/dictionaries/hassan/audio/01622.mp3,,priest (Muslim),imām
v.,uchicago_S_Hassan,īmān anun.mp3,https://dsal.uchicago.edu/dictionaries/hassan/audio/01623.mp3,,"believe, respect, think about",īmān anun
n.f.,uchicago_S_Hassan,haṭʰ.mp3,https://dsal.uchicago.edu/dictionaries/hassan/audio/01624.mp3,,"a scar, cicatrix",haṭʰ
adj.,uchicago_S_Hassan,īmāndār.mp3,https://dsal.uchicago.edu/dictionaries/hassan/audio/01625.mp3,,"faithfulness, truthfulness",īmāndār
adj.,uchicago_S_Hassan,imāmat.mp3,https://dsal.uchicago.edu/dictionaries/hassan/audio/01626.mp3,,guideline by the priest (Muslims) to offer five times prayer in mosques,imāmat
n.f.,uchicago_S_Hassan,īmāndə̄ri.mp3,https://dsal.uchicago.edu/dictionaries/hassan/audio/01627.mp3,,"probity, goodness, decency, honesty, saintliness",īmāndə̄ri
n.m.,uchicago_S_Hassan,inām.mp3,https://dsal.uchicago.edu/dictionaries/hassan/audio/01628.mp3,,"reward, prize, gift, bonus",inām
n.f.,uchicago_S_Hassan,injīl.mp3,https://dsal.uchicago.edu/dictionaries/hassan/audio/01629.mp3,,gospel,injīl
n.,uchicago_S_Hassan,inkār.mp3,https://dsal.uchicago.edu/dictionaries/hassan/audio/01630.mp3,,"denial, rejection, rebuff, contradiction, disagreement",inkār
n.m.,uchicago_S_Hassan,insāf.mp3,https://dsal.uchicago.edu/dictionaries/hassan/audio/01631.mp3,,justice,insāf
n.,uchicago_S_Hassan,insān.mp3,https://dsal.uchicago.edu/dictionaries/hassan/audio/01632.mp3,,"human being, being, individual, creature",insān
n.,uchicago_S_Hassan,intikām.mp3,https://dsal.uchicago.edu/dictionaries/hassan/audio/01633.mp3,,"revenge, reprisal, vengeance",intikām
v.,uchicago_S_Hassan,intizām.mp3,https://dsal.uchicago.edu/dictionaries/hassan/audio/01634.mp3,,"order, arrange, organize, regulate",intizām
v.,uchicago_S_Hassan,irādι karun.mp3,https://dsal.uchicago.edu/dictionaries/hassan/audio/01635.mp3,,"make certain, ensure, ascertain, decide, come to a decision, make your mind up",irādι karun
n.m.,uchicago_S_Hassan,irādι.mp3,https://dsal.uchicago.edu/dictionaries/hassan/audio/01636.mp3,,"intention, aim, purpose, intent",irādι
v.,uchicago_S_Hassan,išārι dʸun.mp3,https://dsal.uchicago.edu/dictionaries/hassan/audio/01637.mp3,,"sign, make signs, make signs, indicate, hint at",išārι dʸun
n.m.,uchicago_S_Hassan,išārι.mp3,https://dsal.uchicago.edu/dictionaries/hassan/audio/01638.mp3,,"signal, indication, warning sign, hint, gesture",išārι
n.m.,uchicago_S_Hassan,istābar.mp3,https://dsal.uchicago.edu/dictionaries/hassan/audio/01639.mp3,,strawberry,istābar
v.,uchicago_S_Hassan,istemāl karun.mp3,https://dsal.uchicago.edu/dictionaries/hassan/audio/01640.mp3,,"to use, employ, make use of, utilize, exploit",istemāl karun
n.,uchicago_S_Hassan,istemāl.mp3,https://dsal.uchicago.edu/dictionaries/hassan/audio/01641.mp3,,"use, function, purpose",istemāl
v.,uchicago_S_Hassan,istīfι dʸun.mp3,https://dsal.uchicago.edu/dictionaries/hassan/audio/01642.mp3,,"resign, leave your job, walk out, quit",istīfι dʸun
v.,uchicago_S_Hassan,ētibār karun.mp3,https://dsal.uchicago.edu/dictionaries/hassan/audio/01643.mp3,,"have faith in, believe, rely on, confide in, be sure about",ētibār karun
n.m.,uchicago_S_Hassan,ētibār.mp3,https://dsal.uchicago.edu/dictionaries/hassan/audio/01644.mp3,,"trust, faith, belief, hope, conviction, confidence",ētibār
adj.,uchicago_S_Hassan,ētibārwōl.mp3,https://dsal.uchicago.edu/dictionaries/hassan/audio/01645.mp3,,"poised, assertive, assured",ētibārwōl
n.m.,uchicago_S_Hassan,itifāk.mp3,https://dsal.uchicago.edu/dictionaries/hassan/audio/01646.mp3,,"coincidence, accident, chance, luck, fluke",itifāk
v.,uchicago_S_Hassan,itifāk tʰāwun.mp3,https://dsal.uchicago.edu/dictionaries/hassan/audio/01647.mp3,,"understand, be familiar with, be aware of, recognize",itifāk tʰāwun
n.,uchicago_S_Hassan,itlah.mp3,https://dsal.uchicago.edu/dictionaries/hassan/audio/01648.mp3,,notice,itlah
v.,uchicago_S_Hassan,izā dʸun.mp3,https://dsal.uchicago.edu/dictionaries/hassan/audio/01649.mp3,,"to tease, taunt, mock, make fun of, pull somebody's leg",izā dʸun
v.,uchicago_S_Hassan,izā lagun.mp3,https://dsal.uchicago.edu/dictionaries/hassan/audio/01650.mp3,,"torment, annoy, trouble",izā lagun
adj.,uchicago_S_Hassan,izrǝyīl.mp3,https://dsal.uchicago.edu/dictionaries/hassan/audio/01651.mp3,,jew,izrǝyīl
n.m.,uchicago_S_Hassan,jabιr.mp3,https://dsal.uchicago.edu/dictionaries/hassan/audio/01652.mp3,,"aggression, violence, ferocity, brutality, cruelty, sadism, fierceness",jabιr
n.m.,uchicago_S_Hassan,jag.mp3,https://dsal.uchicago.edu/dictionaries/hassan/audio/01653.mp3,,"jug, container for liquid",jag
n.f.,uchicago_S_Hassan,jāgīr.mp3,https://dsal.uchicago.edu/dictionaries/hassan/audio/01654.mp3,,"assets, property, estate, holdings, wealth",jāgīr
n.m.,uchicago_S_Hassan,jangul.mp3,https://dsal.uchicago.edu/dictionaries/hassan/audio/01655.mp3,,"forest, woodland",jangul
n.m.,uchicago_S_Hassan,jahāⁿ.mp3,https://dsal.uchicago.edu/dictionaries/hassan/audio/01656.mp3,,"the world, globe, planet, humankind, humanity",jahāⁿ
n.m.,uchicago_S_Hassan,jahāz.mp3,https://dsal.uchicago.edu/dictionaries/hassan/audio/01657.mp3,,ship,jahāz
n.m.,uchicago_S_Hassan,jahnam.mp3,https://dsal.uchicago.edu/dictionaries/hassan/audio/01658.mp3,,hell,jahnam
n.,uchicago_S_Hassan,jalāl.mp3,https://dsal.uchicago.edu/dictionaries/hassan/audio/01659.mp3,,"glory, splendor, brilliance",jalāl
adj.,uchicago_S_Hassan,jald bāz.mp3,https://dsal.uchicago.edu/dictionaries/hassan/audio/01660.mp3,,"quick, clever, bright, quick-thinking, shrewd, smart, intelligent",jald bāz
adv.,uchicago_S_Hassan,jald.mp3,https://dsal.uchicago.edu/dictionaries/hassan/audio/01661.mp3,,"quickly, hurriedly, speedily",jald
n.,uchicago_S_Hassan,jaldi.mp3,https://dsal.uchicago.edu/dictionaries/hassan/audio/01662.mp3,,"quickness, swiftness, pace, rapidity",jaldi
n.m.,uchicago_S_Hassan,jālokʰdōz.mp3,https://dsal.uchicago.edu/dictionaries/hassan/audio/01663.mp3,,saddle cloth maker,jālokʰdōz
n.m.,uchicago_S_Hassan,jamāt.mp3,https://dsal.uchicago.edu/dictionaries/hassan/audio/01664.mp3,,"class, group, course group, group of pupils, group of students, rank, genre",jamāt
v.,uchicago_S_Hassan,jama karun.mp3,https://dsal.uchicago.edu/dictionaries/hassan/audio/01665.mp3,,"add, put in, add up, add together, combine",jama karun
adj.,uchicago_S_Hassan,jān.mp3,https://dsal.uchicago.edu/dictionaries/hassan/audio/01666.mp3,,"excellent, outstanding, tremendous, superb",jān
n.m.,uchicago_S_Hassan,jad.mp3,https://dsal.uchicago.edu/dictionaries/hassan/audio/01667.mp3,,"ancestors, intimates",jad
n.f.,uchicago_S_Hassan,jāl.mp3,https://dsal.uchicago.edu/dictionaries/hassan/audio/01668.mp3,,net,jāl
n.,uchicago_S_Hassan,jahād.mp3,https://dsal.uchicago.edu/dictionaries/hassan/audio/01669.mp3,,"battle, struggle, war, movement",jahād
n.m.,uchicago_S_Hassan,jannat.mp3,https://dsal.uchicago.edu/dictionaries/hassan/audio/01670.mp3,,heaven,jannat
n.,uchicago_S_Hassan,jaⁿg.mp3,https://dsal.uchicago.edu/dictionaries/hassan/audio/01671.mp3,,"battle, fight, clash, encounter, skirmish, combat, conflict, confrontation, fracas",jaⁿg
n.m.,uchicago_S_Hassan,jism.mp3,https://dsal.uchicago.edu/dictionaries/hassan/audio/01672.mp3,,body,jism
n.m.,uchicago_S_Hassan,jānwar.mp3,https://dsal.uchicago.edu/dictionaries/hassan/audio/01673.mp3,,"animal, being, creature",jānwar
v.,uchicago_S_Hassan,jawāb.mp3,https://dsal.uchicago.edu/dictionaries/hassan/audio/01674.mp3,,"answer, reply, respond",jawāb
adj.,uchicago_S_Hassan,jawān.mp3,https://dsal.uchicago.edu/dictionaries/hassan/audio/01675.mp3,,young man,jawān
n.,uchicago_S_Hassan,jawə̄nī.mp3,https://dsal.uchicago.edu/dictionaries/hassan/audio/01676.mp3,,"youth, childhood, infancy, early life",jawə̄nī
n.f.,uchicago_S_Hassan,jāy.mp3,https://dsal.uchicago.edu/dictionaries/hassan/audio/01677.mp3,,"residence, home, dwelling",jāy
n.m.,uchicago_S_Hassan,jāydād.mp3,https://dsal.uchicago.edu/dictionaries/hassan/audio/01678.mp3,,"property, possessions, belongings, goods, material goods",jāydād
adj.,uchicago_S_Hassan,jayiz.mp3,https://dsal.uchicago.edu/dictionaries/hassan/audio/01679.mp3,,lawful,jayiz
n.,uchicago_S_Hassan,jazbāt.mp3,https://dsal.uchicago.edu/dictionaries/hassan/audio/01680.mp3,,"emotion, feeling, sentiment, passion",jazbāt
adj.,uchicago_S_Hassan,jazbə̄t.mp3,https://dsal.uchicago.edu/dictionaries/hassan/audio/01681.mp3,,"emotional, arousing, disturbing, exciting, expressive, demonstrative, emotive",jazbə̄t
n.m.,uchicago_S_Hassan,jazirι.mp3,https://dsal.uchicago.edu/dictionaries/hassan/audio/01682.mp3,,island,jazirι
n.f.,uchicago_S_Hassan,jɔy.mp3,https://dsal.uchicago.edu/dictionaries/hassan/audio/01683.mp3,,"brook, stream, rivulet",jɔy
n.f.,uchicago_S_Hassan,jejīr.mp3,https://dsal.uchicago.edu/dictionaries/hassan/audio/01684.mp3,,pipe,jejīr
n.,uchicago_S_Hassan,jēl.mp3,https://dsal.uchicago.edu/dictionaries/hassan/audio/01685.mp3,,prison,jēl
n.m.,uchicago_S_Hassan,jēlʸ kʰānι.mp3,https://dsal.uchicago.edu/dictionaries/hassan/audio/01686.mp3,,"jail, prison, lockup",jēlʸ kʰānι
n.,uchicago_S_Hassan,ješin.mp3,https://dsal.uchicago.edu/dictionaries/hassan/audio/01687.mp3,,"party, disco, ball",ješin
n.m.,uchicago_S_Hassan,jigar.mp3,https://dsal.uchicago.edu/dictionaries/hassan/audio/01688.mp3,,liver,jigar
n.m.,uchicago_S_Hassan,jild.mp3,https://dsal.uchicago.edu/dictionaries/hassan/audio/01689.mp3,,volume of book,jild
n.m.,uchicago_S_Hassan,jildι.mp3,https://dsal.uchicago.edu/dictionaries/hassan/audio/01690.mp3,,"book-binding, covering",jildι
n.m.,uchicago_S_Hassan,jildιgǝr.mp3,https://dsal.uchicago.edu/dictionaries/hassan/audio/01691.mp3,,book-binder,jildιgǝr
n.m.,uchicago_S_Hassan,jin.mp3,https://dsal.uchicago.edu/dictionaries/hassan/audio/01692.mp3,,"demon, evil spirit, fiend, sprite, mischievous sprite",jin
n.,uchicago_S_Hassan,jināzī.mp3,https://dsal.uchicago.edu/dictionaries/hassan/audio/01693.mp3,,funeral,jināzī
n.m.,uchicago_S_Hassan,jīt.mp3,https://dsal.uchicago.edu/dictionaries/hassan/audio/01694.mp3,,"victory, conquest, triumph, win, success",jīt
n.m.,uchicago_S_Hassan,jōgʸ.mp3,https://dsal.uchicago.edu/dictionaries/hassan/audio/01695.mp3,,"hermit, solitary person, loner",jōgʸ
n.m.,uchicago_S_Hassan,jōhar.mp3,https://dsal.uchicago.edu/dictionaries/hassan/audio/01696.mp3,,"spirit, courage, guts, strength of mind, force",jōhar
n.f.,uchicago_S_Hassan,jōrʸ.mp3,https://dsal.uchicago.edu/dictionaries/hassan/audio/01697.mp3,,"pair, couple, duo",jōrʸ
n.m.,uchicago_S_Hassan,jorι.mp3,https://dsal.uchicago.edu/dictionaries/hassan/audio/01698.mp3,,"couple, pair, duo",jorι
n.m.,uchicago_S_Hassan,jōd.mp3,https://dsal.uchicago.edu/dictionaries/hassan/audio/01699.mp3,,"charm, magic, enchantment, tricks",jōd
n.m.,uchicago_S_Hassan,jahnamgār.mp3,https://dsal.uchicago.edu/dictionaries/hassan/audio/01700.mp3,,maltreated in the day of judgement,jahnamgār
n.m.,uchicago_S_Hassan,jōš.mp3,https://dsal.uchicago.edu/dictionaries/hassan/audio/01701.mp3,,"passion, keenness, enthusiasm, zest",jōš
n.,uchicago_S_Hassan,jotiš.mp3,https://dsal.uchicago.edu/dictionaries/hassan/audio/01702.mp3,,astrology,jotiš
n.m.,uchicago_S_Hassan,jotišī.mp3,https://dsal.uchicago.edu/dictionaries/hassan/audio/01703.mp3,,"astrologer, soothsayer",jotišī
n.,uchicago_S_Hassan,jār.mp3,https://dsal.uchicago.edu/dictionaries/hassan/audio/01704.mp3,,"jar, bottle, bud vase",jār
n.m.,uchicago_S_Hassan,jādūgar.mp3,https://dsal.uchicago.edu/dictionaries/hassan/audio/01705.mp3,,"magician, conjurer, juggler",jādūgar
adj.,uchicago_S_Hassan,jālsāz.mp3,https://dsal.uchicago.edu/dictionaries/hassan/audio/01706.mp3,,"fraudulent, falsified, deceitful, erroneous",jālsāz
v.,uchicago_S_Hassan,judā.mp3,https://dsal.uchicago.edu/dictionaries/hassan/audio/01707.mp3,,"separate, divide, part, take apart",judā
n.f.,uchicago_S_Hassan,judāy.mp3,https://dsal.uchicago.edu/dictionaries/hassan/audio/01708.mp3,,"division, separation, partition",judāy
n.f.,uchicago_S_Hassan,jumah.mp3,https://dsal.uchicago.edu/dictionaries/hassan/audio/01709.mp3,,"Friday, sixth day of the week",jumah
n.,uchicago_S_Hassan,junūb.mp3,https://dsal.uchicago.edu/dictionaries/hassan/audio/01710.mp3,,south,junūb
adj.,uchicago_S_Hassan,jupʰtι.mp3,https://dsal.uchicago.edu/dictionaries/hassan/audio/01711.mp3,,even (number),jupʰtι
n.m.,uchicago_S_Hassan,jamāl gōṭι.mp3,https://dsal.uchicago.edu/dictionaries/hassan/audio/01712.mp3,,a certain purgative nut,jamāl gōṭι
v.,uchicago_S_Hassan,jurmānι karun.mp3,https://dsal.uchicago.edu/dictionaries/hassan/audio/01713.mp3,,to fine,jurmānι karun
n.,uchicago_S_Hassan,jurmānι.mp3,https://dsal.uchicago.edu/dictionaries/hassan/audio/01714.mp3,,fine,jurmānι
n.m.,uchicago_S_Hassan,jurum.mp3,https://dsal.uchicago.edu/dictionaries/hassan/audio/01715.mp3,,"crime, offense, wrong, sin, misdeed, misdemeanor",jurum
adj.,uchicago_S_Hassan,jə̄hil.mp3,https://dsal.uchicago.edu/dictionaries/hassan/audio/01716.mp3,,"ignorant, rude, bad-mannered, ill-mannered, impolite",jə̄hil
adj.,uchicago_S_Hassan,jə̄ri rozun.mp3,https://dsal.uchicago.edu/dictionaries/hassan/audio/01717.mp3,,"continuous, nonstop, unremitting, unbroken, uninterrupted",jə̄ri rozun
n.f.,uchicago_S_Hassan,kabar.mp3,https://dsal.uchicago.edu/dictionaries/hassan/audio/01718.mp3,,grave,kabar
adj.,uchicago_S_Hassan,kʰabardār.mp3,https://dsal.uchicago.edu/dictionaries/hassan/audio/01719.mp3,,"conscious, cognizant",kʰabardār
n.m.,uchicago_S_Hassan,kabīlι.mp3,https://dsal.uchicago.edu/dictionaries/hassan/audio/01720.mp3,,"tribe, family, clan, ethnic group",kabīlι
n.m.,uchicago_S_Hassan,malguzār.mp3,https://dsal.uchicago.edu/dictionaries/hassan/audio/01721.mp3,,"tomb, burial place, burial chamber",malguzār
n.m.,uchicago_S_Hassan,kabristān.mp3,https://dsal.uchicago.edu/dictionaries/hassan/audio/01722.mp3,,"grave-yard, cemetery",kabristān
v.,uchicago_S_Hassan,kabūl karun.mp3,https://dsal.uchicago.edu/dictionaries/hassan/audio/01723.mp3,,"decide, select, decide on, elect, vote for",kabūl karun
n.,uchicago_S_Hassan,kabzi.mp3,https://dsal.uchicago.edu/dictionaries/hassan/audio/01724.mp3,,constipation,kabzi
n.m.,uchicago_S_Hassan,kacʰ.mp3,https://dsal.uchicago.edu/dictionaries/hassan/audio/01725.mp3,,"weed, wild plant",kacʰ
n.,uchicago_S_Hassan,kad.mp3,https://dsal.uchicago.edu/dictionaries/hassan/audio/01726.mp3,,"size, tallness, height",kad
v.,uchicago_S_Hassan,kadam kaḍun.mp3,https://dsal.uchicago.edu/dictionaries/hassan/audio/01727.mp3,,"step, walk",kadam kaḍun
v.,uchicago_S_Hassan,kaḍnāwun.mp3,https://dsal.uchicago.edu/dictionaries/hassan/audio/01728.mp3,,to drive out,kaḍnāwun
v.,uchicago_S_Hassan,kadum tulun.mp3,https://dsal.uchicago.edu/dictionaries/hassan/audio/01729.mp3,,"tread, walk, step, stride, action",kadum tulun
v.,uchicago_S_Hassan,kaḍun.mp3,https://dsal.uchicago.edu/dictionaries/hassan/audio/01730.mp3,,takeoff something,kaḍun
n.f.,uchicago_S_Hassan,kadιr.mp3,https://dsal.uchicago.edu/dictionaries/hassan/audio/01731.mp3,,"dignity, self-respect, self-esteem, distinction, nobility",kadιr
n.m.,uchicago_S_Hassan,kapʰ.mp3,https://dsal.uchicago.edu/dictionaries/hassan/audio/01732.mp3,,phlegm,kapʰ
n.,uchicago_S_Hassan,kāfī.mp3,https://dsal.uchicago.edu/dictionaries/hassan/audio/01733.mp3,,coffee,kāfī
n.m.,uchicago_S_Hassan,kāgaz.mp3,https://dsal.uchicago.edu/dictionaries/hassan/audio/01734.mp3,,"paper, document, manuscript",kāgaz
n.m.,uchicago_S_Hassan,kāgazgar.mp3,https://dsal.uchicago.edu/dictionaries/hassan/audio/01735.mp3,,paper-maker,kāgazgar
n.,uchicago_S_Hassan,kah.mp3,https://dsal.uchicago.edu/dictionaries/hassan/audio/01736.mp3,,eleven,kah
n.f.,uchicago_S_Hassan,kahāni.mp3,https://dsal.uchicago.edu/dictionaries/hassan/audio/01737.mp3,,"story, fable",kahāni
n.f.,uchicago_S_Hassan,kahāwat.mp3,https://dsal.uchicago.edu/dictionaries/hassan/audio/01738.mp3,,"proverb, saying, truism",kahāwat
adj.,uchicago_S_Hassan,kahʸum.mp3,https://dsal.uchicago.edu/dictionaries/hassan/audio/01739.mp3,,eleventh,kahʸum
n.m.,uchicago_S_Hassan,kājwaṭʰ.mp3,https://dsal.uchicago.edu/dictionaries/hassan/audio/01740.mp3,,"pestle, grinder, utensil, rod, crusher",kājwaṭʰ
n.,uchicago_S_Hassan,kāk.mp3,https://dsal.uchicago.edu/dictionaries/hassan/audio/01741.mp3,,cork,kāk
n.,uchicago_S_Hassan,kāl.mp3,https://dsal.uchicago.edu/dictionaries/hassan/audio/01742.mp3,,"death, end, demise, ruin, fall, loss of life, mortality",kāl
n.,uchicago_S_Hassan,kāl.mp3,https://dsal.uchicago.edu/dictionaries/hassan/audio/01743.mp3,,"supper, dinner, evening meal",kāl
n.m.,uchicago_S_Hassan,kalam.mp3,https://dsal.uchicago.edu/dictionaries/hassan/audio/01744.mp3,,cutting of plant,kalam
n.m.,uchicago_S_Hassan,kalāmι.mp3,https://dsal.uchicago.edu/dictionaries/hassan/audio/01745.mp3,,"word, utterance, statement, expression",kalāmι
n.f.,uchicago_S_Hassan,kalāy.mp3,https://dsal.uchicago.edu/dictionaries/hassan/audio/01746.mp3,,"tin, malleable metallic",kalāy
n.m.,uchicago_S_Hassan,kālbāpʰ.mp3,https://dsal.uchicago.edu/dictionaries/hassan/audio/01747.mp3,,carpet-weaver,kālbāpʰ
n.m.,uchicago_S_Hassan,kalej.mp3,https://dsal.uchicago.edu/dictionaries/hassan/audio/01748.mp3,,college,kalej
n.,uchicago_S_Hassan,kālǝr.mp3,https://dsal.uchicago.edu/dictionaries/hassan/audio/01749.mp3,,"collar, band",kālǝr
n.m.,uchicago_S_Hassan,kalam.mp3,https://dsal.uchicago.edu/dictionaries/hassan/audio/01750.mp3,,pen,kalam
n.m.,uchicago_S_Hassan,kalι dōd.mp3,https://dsal.uchicago.edu/dictionaries/hassan/audio/01751.mp3,,head-ache,kalι dōd
n.m.,uchicago_S_Hassan,kalι.mp3,https://dsal.uchicago.edu/dictionaries/hassan/audio/01752.mp3,,head,kalι
n.m.,uchicago_S_Hassan,kalιpōš.mp3,https://dsal.uchicago.edu/dictionaries/hassan/audio/01753.mp3,,"headdress, headband, circlet, crown, cap",kalιpōš
v.,uchicago_S_Hassan,kam gaʦun.mp3,https://dsal.uchicago.edu/dictionaries/hassan/audio/01754.mp3,,"diminish, reduce, lessen, weaken, moderate, fade, fade away, detract from, cheapen",kam gaʦun
v.,uchicago_S_Hassan,kam kʰʸōn.mp3,https://dsal.uchicago.edu/dictionaries/hassan/audio/01755.mp3,,"to eat less, reduce, decrease, diminish, lessen, decline, shrink, drop off",kam kʰʸōn
v.,uchicago_S_Hassan,kam karun.mp3,https://dsal.uchicago.edu/dictionaries/hassan/audio/01756.mp3,,"abate to, fade away, decrease",kam karun
adj.,uchicago_S_Hassan,kam.mp3,https://dsal.uchicago.edu/dictionaries/hassan/audio/01757.mp3,,"deficient, lacking, scarce, poor, defective, little",kam
n.f.,uchicago_S_Hassan,kə̄m.mp3,https://dsal.uchicago.edu/dictionaries/hassan/audio/01758.mp3,,"work, labor, job",kə̄m
v.,uchicago_S_Hassan,kə̄m tʰāwenʸ.mp3,https://dsal.uchicago.edu/dictionaries/hassan/audio/01759.mp3,,to assign work,kə̄m tʰāwenʸ
adj.,uchicago_S_Hassan,kāmi ʦūr.mp3,https://dsal.uchicago.edu/dictionaries/hassan/audio/01760.mp3,,"lethargic, lazy, exhausted, fallacious",kāmi ʦūr
n.m.,uchicago_S_Hassan,kamāl.mp3,https://dsal.uchicago.edu/dictionaries/hassan/audio/01761.mp3,,"proficiency, skill, ability, talent",kamāl
n.m.,uchicago_S_Hassan,kamān.mp3,https://dsal.uchicago.edu/dictionaries/hassan/audio/01762.mp3,,bow,kamān
n.,uchicago_S_Hassan,kamar.mp3,https://dsal.uchicago.edu/dictionaries/hassan/audio/01763.mp3,,back,kamar
n.m.,uchicago_S_Hassan,kə̄rgar.mp3,https://dsal.uchicago.edu/dictionaries/hassan/audio/01764.mp3,,artisan,kə̄rgar
v.,uchicago_S_Hassan,kamāwun.mp3,https://dsal.uchicago.edu/dictionaries/hassan/audio/01765.mp3,,"to earn, make, be paid, deserve, work for",kamāwun
v.,uchicago_S_Hassan,kamāwitʰ anun.mp3,https://dsal.uchicago.edu/dictionaries/hassan/audio/01766.mp3,,"to get,to earn",kamāwitʰ anun
n.m.,uchicago_S_Hassan,kamci.mp3,https://dsal.uchicago.edu/dictionaries/hassan/audio/01767.mp3,,"horse-whip, whip, piece of leather used for pushing people or driving animals",kamci
n.f.,uchicago_S_Hassan,kāmi kūr.mp3,https://dsal.uchicago.edu/dictionaries/hassan/audio/01768.mp3,,"helper, waitress, assistant",kāmi kūr
v.,uchicago_S_Hassan,kāmi lāgun.mp3,https://dsal.uchicago.edu/dictionaries/hassan/audio/01769.mp3,,"use, employ, make use of, exercise, exploit, draw on",kāmi lāgun
adv.,uchicago_S_Hassan,kami wakʰtι.mp3,https://dsal.uchicago.edu/dictionaries/hassan/audio/01770.mp3,,"when, at what time, what time",kami wakʰtι
adv.,uchicago_S_Hassan,kamikʰə̄trι.mp3,https://dsal.uchicago.edu/dictionaries/hassan/audio/01771.mp3,,"for what cause or purpose, why",kamikʰə̄trι
adj.,uchicago_S_Hassan,kamīnι.mp3,https://dsal.uchicago.edu/dictionaries/hassan/audio/01772.mp3,,"depraved, bad, immoral, corrupt",kamīnι
n.,uchicago_S_Hassan,kahwι.mp3,https://dsal.uchicago.edu/dictionaries/hassan/audio/01773.mp3,,refreshing tea with added cardamom or cinnamon or saffron,kahwι
n.f.,uchicago_S_Hassan,kamīnιgī.mp3,https://dsal.uchicago.edu/dictionaries/hassan/audio/01774.mp3,,"depravity, wickedness, decadence, immorality",kamīnιgī
v.,uchicago_S_Hassan,kāmirust karun.mp3,https://dsal.uchicago.edu/dictionaries/hassan/audio/01775.mp3,,"dismiss, release, send away, reject, discharge, fire, give somebody the pink slip",kāmirust karun
adj.,uchicago_S_Hassan,kāmirust.mp3,https://dsal.uchicago.edu/dictionaries/hassan/audio/01776.mp3,,"idle, unoccupied, at rest",kāmirust
adj.,uchicago_S_Hassan,kam nǝsīb.mp3,https://dsal.uchicago.edu/dictionaries/hassan/audio/01777.mp3,,"unfortunate, ill-fated, unlucky",kam nǝsīb
n.m.,uchicago_S_Hassan,kamrι.mp3,https://dsal.uchicago.edu/dictionaries/hassan/audio/01778.mp3,,room,kamrι
n.f.,uchicago_S_Hassan,kūr.mp3,https://dsal.uchicago.edu/dictionaries/hassan/audio/01779.mp3,,young girl,kūr
adj.,uchicago_S_Hassan,kamtar.mp3,https://dsal.uchicago.edu/dictionaries/hassan/audio/01780.mp3,,"less, not as much of",kamtar
n.,uchicago_S_Hassan,kāmyebī.mp3,https://dsal.uchicago.edu/dictionaries/hassan/audio/01781.mp3,,"success, victory, triumph",kāmyebī
v.,uchicago_S_Hassan,kan dʸun.mp3,https://dsal.uchicago.edu/dictionaries/hassan/audio/01782.mp3,,"to listen, snoop, pay attention",kan dʸun
n.,uchicago_S_Hassan,kan.mp3,https://dsal.uchicago.edu/dictionaries/hassan/audio/01783.mp3,,ear,kan
n.f.,uchicago_S_Hassan,kān.mp3,https://dsal.uchicago.edu/dictionaries/hassan/audio/01784.mp3,,mine,kān
n.f.,uchicago_S_Hassan,kanāt.mp3,https://dsal.uchicago.edu/dictionaries/hassan/audio/01785.mp3,,"contentment, pleasure, satisfaction",kanāt
n.m.,uchicago_S_Hassan,kandīl.mp3,https://dsal.uchicago.edu/dictionaries/hassan/audio/01786.mp3,,"shady place, cave",kandīl
n.m.,uchicago_S_Hassan,kāⁿdarwān.mp3,https://dsal.uchicago.edu/dictionaries/hassan/audio/01787.mp3,,"baker’s shop, confectionary",kāⁿdarwān
adj.,uchicago_S_Hassan,kangāl.mp3,https://dsal.uchicago.edu/dictionaries/hassan/audio/01788.mp3,,"poor, needy, scanty",kangāl
v.,uchicago_S_Hassan,kaⁿgen din.mp3,https://dsal.uchicago.edu/dictionaries/hassan/audio/01789.mp3,,"to comb, untangle, detangle, get knots out of",kaⁿgen din
n.f.,uchicago_S_Hassan,kaⁿgen.mp3,https://dsal.uchicago.edu/dictionaries/hassan/audio/01790.mp3,,comb used by female,kaⁿgen
n.f.,uchicago_S_Hassan,kaⁿggu.mp3,https://dsal.uchicago.edu/dictionaries/hassan/audio/01791.mp3,,shoulder-blade,kaⁿggu
n.m.,uchicago_S_Hassan,kaⁿgu.mp3,https://dsal.uchicago.edu/dictionaries/hassan/audio/01792.mp3,,comb used by male,kaⁿgu
n.f.,uchicago_S_Hassan,kāⁿgιr.mp3,https://dsal.uchicago.edu/dictionaries/hassan/audio/01793.mp3,,"the portable brazier, or kāngrī",kāⁿgιr
pron.,uchicago_S_Hassan,kaⁿh šǝkʰιs.mp3,https://dsal.uchicago.edu/dictionaries/hassan/audio/01794.mp3,,"anybody, somebody, a person, someone",kaⁿh šǝkʰιs
pron.,uchicago_S_Hassan,kaⁿh.mp3,https://dsal.uchicago.edu/dictionaries/hassan/audio/01795.mp3,,"anyone, any person, someone",kaⁿh
adj.,uchicago_S_Hassan,kanjūs.mp3,https://dsal.uchicago.edu/dictionaries/hassan/audio/01796.mp3,,"stingy, miserly, tightfisted, penny-pinching",kanjūs
n.m.,uchicago_S_Hassan,kāⁿṭι.mp3,https://dsal.uchicago.edu/dictionaries/hassan/audio/01797.mp3,,"scale, balance, weighing machine",kāⁿṭι
n.f.,uchicago_S_Hassan,kanʸ.mp3,https://dsal.uchicago.edu/dictionaries/hassan/audio/01798.mp3,,stone,kanʸ
n.m.,uchicago_S_Hassan,kānʸul.mp3,https://dsal.uchicago.edu/dictionaries/hassan/audio/01799.mp3,,"willow weaver, basket maker",kānʸul
n.m.,uchicago_S_Hassan,kor.mp3,https://dsal.uchicago.edu/dictionaries/hassan/audio/01800.mp3,,heavy bangles,kor
n.m.,uchicago_S_Hassan,kanz.mp3,https://dsal.uchicago.edu/dictionaries/hassan/audio/01801.mp3,,mortar,kanz
n.,uchicago_S_Hassan,kanι-dōd.mp3,https://dsal.uchicago.edu/dictionaries/hassan/audio/01802.mp3,,ear-ache,kanι-dōd
n.f.,uchicago_S_Hassan,kanιgιc.mp3,https://dsal.uchicago.edu/dictionaries/hassan/audio/01803.mp3,,"morel, mushroom",kanιgιc
n.f.,uchicago_S_Hassan,kanιhǝpinʸ.mp3,https://dsal.uchicago.edu/dictionaries/hassan/audio/01804.mp3,,"centipede, a type of kind",kanιhǝpinʸ
n.f.,uchicago_S_Hassan,kanι-šecʰ.mp3,https://dsal.uchicago.edu/dictionaries/hassan/audio/01805.mp3,,"whisper, soft voice, gossip, hint, rumor",kanι-šecʰ
n.m.,uchicago_S_Hassan,kanιwōl.mp3,https://dsal.uchicago.edu/dictionaries/hassan/audio/01806.mp3,,ear-ring,kanιwōl
n.f.,uchicago_S_Hassan,kanιwə̄j.mp3,https://dsal.uchicago.edu/dictionaries/hassan/audio/01807.mp3,,ear-ring,kanιwə̄j
n.m.,uchicago_S_Hassan,kapǝs.mp3,https://dsal.uchicago.edu/dictionaries/hassan/audio/01808.mp3,,cotton,kapǝs
n.m.,uchicago_S_Hassan,kapur.mp3,https://dsal.uchicago.edu/dictionaries/hassan/audio/01809.mp3,,"cloth, fabric material stuff textile",kapur
n.m.,uchicago_S_Hassan,kār kʰānι.mp3,https://dsal.uchicago.edu/dictionaries/hassan/audio/01810.mp3,,workshop,kār kʰānι
n.m.,uchicago_S_Hassan,kār.mp3,https://dsal.uchicago.edu/dictionaries/hassan/audio/01811.mp3,,"line of work, deed, action, act, endeavor, accomplishment",kār
adv.,uchicago_S_Hassan,kar.mp3,https://dsal.uchicago.edu/dictionaries/hassan/audio/01812.mp3,,"when, at what time, what time",kar
n.m.,uchicago_S_Hassan,kōm.mp3,https://dsal.uchicago.edu/dictionaries/hassan/audio/01813.mp3,,"nation, homeland, land, people, residents",kōm
n.f.,uchicago_S_Hassan,karinʸ.mp3,https://dsal.uchicago.edu/dictionaries/hassan/audio/01814.mp3,,trowel,karinʸ
n.m.,uchicago_S_Hassan,kārkʰāndār.mp3,https://dsal.uchicago.edu/dictionaries/hassan/audio/01815.mp3,,manufacturer,kārkʰāndār
n.,uchicago_S_Hassan,karōr.mp3,https://dsal.uchicago.edu/dictionaries/hassan/audio/01816.mp3,,ten million,karōr
n.f.,uchicago_S_Hassan,kartal.mp3,https://dsal.uchicago.edu/dictionaries/hassan/audio/01817.mp3,,sword,kartal
n.,uchicago_S_Hassan,kartik.mp3,https://dsal.uchicago.edu/dictionaries/hassan/audio/01818.mp3,,October,kartik
v.,uchicago_S_Hassan,kārun.mp3,https://dsal.uchicago.edu/dictionaries/hassan/audio/01819.mp3,,heat up,kārun
n.m.,uchicago_S_Hassan,karsāz.mp3,https://dsal.uchicago.edu/dictionaries/hassan/audio/01820.mp3,,"one who perform, act, or the like, artist",karsāz
n.m.,uchicago_S_Hassan,kārwānι.mp3,https://dsal.uchicago.edu/dictionaries/hassan/audio/01821.mp3,,"caravan, convoy, group",kārwānι
n.,uchicago_S_Hassan,karzdār.mp3,https://dsal.uchicago.edu/dictionaries/hassan/audio/01822.mp3,,"debtor, nonpayer, defaulter, cheat",karzdār
n.m.,uchicago_S_Hassan,karzι.mp3,https://dsal.uchicago.edu/dictionaries/hassan/audio/01823.mp3,,"debt, money owing, balance",karzι
v.,uchicago_S_Hassan,karinʸ karin.mp3,https://dsal.uchicago.edu/dictionaries/hassan/audio/01824.mp3,,"to esteem, value, appreciate, cherish, hold dear, respect",karinʸ karin
n.m.,uchicago_S_Hassan,kasābι.mp3,https://dsal.uchicago.edu/dictionaries/hassan/audio/01825.mp3,,traditional head-dress for Kashmiri woman,kasābι
n.m.,uchicago_S_Hassan,kasb.mp3,https://dsal.uchicago.edu/dictionaries/hassan/audio/01826.mp3,,"skill, talent, aptitude",kasb
n.m.,uchicago_S_Hassan,kāšavι.mp3,https://dsal.uchicago.edu/dictionaries/hassan/audio/01827.mp3,,"spoon, a utensil with a shallow and handle for stirring",kāšavι
n.m.,uchicago_S_Hassan,kāsid.mp3,https://dsal.uchicago.edu/dictionaries/hassan/audio/01828.mp3,,"courier, messenger",kāsid
n.f.,uchicago_S_Hassan,kašīr.mp3,https://dsal.uchicago.edu/dictionaries/hassan/audio/01829.mp3,,"Kashmir, name of a place in India",kašīr
v.,uchicago_S_Hassan,kasm hʸun.mp3,https://dsal.uchicago.edu/dictionaries/hassan/audio/01830.mp3,,"to swear, vow, promise, give your word",kasm hʸun
v.,uchicago_S_Hassan,kasm kʰʸun.mp3,https://dsal.uchicago.edu/dictionaries/hassan/audio/01831.mp3,,"swear, vow, promise, give your word",kasm kʰʸun
n.m.,uchicago_S_Hassan,kasm.mp3,https://dsal.uchicago.edu/dictionaries/hassan/audio/01832.mp3,,"oath, swearword",kasm
n.m.,uchicago_S_Hassan,kašun.mp3,https://dsal.uchicago.edu/dictionaries/hassan/audio/01833.mp3,,itch,kašun
n.m.,uchicago_S_Hassan,kāⁿdur.mp3,https://dsal.uchicago.edu/dictionaries/hassan/audio/01834.mp3,,baker,kāⁿdur
n.f.,uchicago_S_Hassan,kāⁿdιrenʸ.mp3,https://dsal.uchicago.edu/dictionaries/hassan/audio/01835.mp3,,baker’s wife,kāⁿdιrenʸ
v.,uchicago_S_Hassan,kāsun.mp3,https://dsal.uchicago.edu/dictionaries/hassan/audio/01836.mp3,,"to shave, trim, cut, cut off",kāsun
n.,uchicago_S_Hassan,kasūr.mp3,https://dsal.uchicago.edu/dictionaries/hassan/audio/01837.mp3,,"fault, flaw, error, mistake, blunder, defect, omission",kasūr
n.,uchicago_S_Hassan,kāⁿdιr ʦoṭ.mp3,https://dsal.uchicago.edu/dictionaries/hassan/audio/01838.mp3,,bread which baked in tandoors,kāⁿdιr ʦoṭ
pron.,uchicago_S_Hassan,katʰ kʸutʰ.mp3,https://dsal.uchicago.edu/dictionaries/hassan/audio/01839.mp3,,for what,katʰ kʸutʰ
n.m.,uchicago_S_Hassan,katʰ.mp3,https://dsal.uchicago.edu/dictionaries/hassan/audio/01840.mp3,,story,katʰ
n.m.,uchicago_S_Hassan,kaṭʰ.mp3,https://dsal.uchicago.edu/dictionaries/hassan/audio/01841.mp3,,"ram, male sheep",kaṭʰ
n.,uchicago_S_Hassan,koⁿgι kahwι.mp3,https://dsal.uchicago.edu/dictionaries/hassan/audio/01842.mp3,,refreshing tea with added saffron,koⁿgι kahwι
v.,uchicago_S_Hassan,katʰ-bātʰ karinʸ.mp3,https://dsal.uchicago.edu/dictionaries/hassan/audio/01843.mp3,,"converse, talk, communicate, chat, discuss",katʰ-bātʰ karinʸ
n.f.,uchicago_S_Hassan,katʰ-bātʰ.mp3,https://dsal.uchicago.edu/dictionaries/hassan/audio/01844.mp3,,"conversation, chat, talk, discussion, dialogue, exchange",katʰ-bātʰ
n.,uchicago_S_Hassan,kāṭʰkar.mp3,https://dsal.uchicago.edu/dictionaries/hassan/audio/01845.mp3,,"fence, railing",kāṭʰkar
conj.,uchicago_S_Hassan,kati.mp3,https://dsal.uchicago.edu/dictionaries/hassan/audio/01846.mp3,,"from what place, whence",kati
n.m.,uchicago_S_Hassan,kāju.mp3,https://dsal.uchicago.edu/dictionaries/hassan/audio/01847.mp3,,cashew nut,kāju
v.,uchicago_S_Hassan,katrāwun.mp3,https://dsal.uchicago.edu/dictionaries/hassan/audio/01848.mp3,,cut in to slice,katrāwun
n.f.,uchicago_S_Hassan,kišmiš.mp3,https://dsal.uchicago.edu/dictionaries/hassan/audio/01849.mp3,,raisin,kišmiš
v.,uchicago_S_Hassan,katun.mp3,https://dsal.uchicago.edu/dictionaries/hassan/audio/01850.mp3,,spin with spinning wheel,katun
n.m.,uchicago_S_Hassan,kātur.mp3,https://dsal.uchicago.edu/dictionaries/hassan/audio/01851.mp3,,mule,kātur
n.m.,uchicago_S_Hassan,kaṭι māz.mp3,https://dsal.uchicago.edu/dictionaries/hassan/audio/01852.mp3,,mutton,kaṭι māz
n.f.,uchicago_S_Hassan,katιr.mp3,https://dsal.uchicago.edu/dictionaries/hassan/audio/01853.mp3,,baked clay,katιr
n.f.,uchicago_S_Hassan,kātιr.mp3,https://dsal.uchicago.edu/dictionaries/hassan/audio/01854.mp3,,mule,kātιr
n.f.,uchicago_S_Hassan,kaʦ.mp3,https://dsal.uchicago.edu/dictionaries/hassan/audio/01855.mp3,,armpit,kaʦ
n.m.,uchicago_S_Hassan,kāʦ.mp3,https://dsal.uchicago.edu/dictionaries/hassan/audio/01856.mp3,,shears,kāʦ
n.f.,uchicago_S_Hassan,kaʦkar.mp3,https://dsal.uchicago.edu/dictionaries/hassan/audio/01857.mp3,,"bangle, armlet, wristlet, bracelet",kaʦkar
adj.,uchicago_S_Hassan,kāʦur.mp3,https://dsal.uchicago.edu/dictionaries/hassan/audio/01858.mp3,,red hair,kāʦur
n.m.,uchicago_S_Hassan,kāv.mp3,https://dsal.uchicago.edu/dictionaries/hassan/audio/01859.mp3,,crow,kāv
n.f.,uchicago_S_Hassan,kāvenʸ.mp3,https://dsal.uchicago.edu/dictionaries/hassan/audio/01860.mp3,,crow,kāvenʸ
n.m.,uchicago_S_Hassan,kāwʸur zʸun.mp3,https://dsal.uchicago.edu/dictionaries/hassan/audio/01861.mp3,,pine-wood,kāwʸur zʸun
v.,uchicago_S_Hassan,kayās karun.mp3,https://dsal.uchicago.edu/dictionaries/hassan/audio/01862.mp3,,"to guess, presume, suppose",kayās karun
n.,uchicago_S_Hassan,kāylul.mp3,https://dsal.uchicago.edu/dictionaries/hassan/audio/01863.mp3,,"nap, sleep , lie-down, rest",kāylul
adj.,uchicago_S_Hassan,kɔbutʰ.mp3,https://dsal.uchicago.edu/dictionaries/hassan/audio/01864.mp3,,"ugly, unpleasant, deformed",kɔbutʰ
adj.,uchicago_S_Hassan,kɔdrǝt.mp3,https://dsal.uchicago.edu/dictionaries/hassan/audio/01865.mp3,,"almighty, all powerful, invincible, supreme, omnipresent",kɔdrǝt
n.,uchicago_S_Hassan,kɔkar bāⁿg.mp3,https://dsal.uchicago.edu/dictionaries/hassan/audio/01866.mp3,,"cock-crowing, dawn, crack of dawn, daybreak, first light",kɔkar bāⁿg
n.m.,uchicago_S_Hassan,kɔkar pūt.mp3,https://dsal.uchicago.edu/dictionaries/hassan/audio/01867.mp3,,chiken,kɔkar pūt
n.f.,uchicago_S_Hassan,kɔkǝrtīr.mp3,https://dsal.uchicago.edu/dictionaries/hassan/audio/01868.mp3,,cock feather,kɔkǝrtīr
n.m.,uchicago_S_Hassan,kɔkul.mp3,https://dsal.uchicago.edu/dictionaries/hassan/audio/01869.mp3,,ringlet,kɔkul
n.m.,uchicago_S_Hassan,kɔkur.mp3,https://dsal.uchicago.edu/dictionaries/hassan/audio/01870.mp3,,cock,kɔkur
n.f.,uchicago_S_Hassan,kɔkιr.mp3,https://dsal.uchicago.edu/dictionaries/hassan/audio/01871.mp3,,hen,kɔkιr
n.f.,uchicago_S_Hassan,kɔl.mp3,https://dsal.uchicago.edu/dictionaries/hassan/audio/01872.mp3,,streamlet,kɔl
n.m.,uchicago_S_Hassan,tokιkɔr.mp3,https://dsal.uchicago.edu/dictionaries/hassan/audio/01873.mp3,,solid bangle,tokιkɔr
n.,uchicago_S_Hassan,kɔrbān.mp3,https://dsal.uchicago.edu/dictionaries/hassan/audio/01874.mp3,,"sacrifice, the act of offering ceremonially to deity, the slaughter of an animal to please the deity",kɔrbān
n.m.,uchicago_S_Hassan,kɔrbāngah.mp3,https://dsal.uchicago.edu/dictionaries/hassan/audio/01875.mp3,,altar,kɔrbāngah
n.,uchicago_S_Hassan,kɔšāmιdīd.mp3,https://dsal.uchicago.edu/dictionaries/hassan/audio/01876.mp3,,"welcome, greeting, reception, salutation",kɔšāmιdīd
n.m.,uchicago_S_Hassan,kǝbīlι.mp3,https://dsal.uchicago.edu/dictionaries/hassan/audio/01877.mp3,,"family, race, clique, tribe, clan",kǝbīlι
v.,uchicago_S_Hassan,kǝbūl.mp3,https://dsal.uchicago.edu/dictionaries/hassan/audio/01878.mp3,,"admit, confess, declare, state, disclose",kǝbūl
n.,uchicago_S_Hassan,kͻkar mor.mp3,https://dsal.uchicago.edu/dictionaries/hassan/audio/01879.mp3,,a fowl-house,kͻkar mor
n.m.,uchicago_S_Hassan,kǝdιl.mp3,https://dsal.uchicago.edu/dictionaries/hassan/audio/01880.mp3,,"bridge, link, connection",kǝdιl
n.m.,uchicago_S_Hassan,kēk.mp3,https://dsal.uchicago.edu/dictionaries/hassan/audio/01881.mp3,,cake,kēk
n.m.,uchicago_S_Hassan,kǝmar-band.mp3,https://dsal.uchicago.edu/dictionaries/hassan/audio/01882.mp3,,belt,kǝmar-band
n.,uchicago_S_Hassan,kahar.mp3,https://dsal.uchicago.edu/dictionaries/hassan/audio/01883.mp3,,"devastation, destruction, ruin",kahar
n.m.,uchicago_S_Hassan,kǝn.mp3,https://dsal.uchicago.edu/dictionaries/hassan/audio/01884.mp3,,"base, groundwork, underpinning, plinth, foundation",kǝn
n.m.,uchicago_S_Hassan,kurtι.mp3,https://dsal.uchicago.edu/dictionaries/hassan/audio/01885.mp3,,semi long shirt,kurtι
n.f.,uchicago_S_Hassan,kǝⁿḍzāl.mp3,https://dsal.uchicago.edu/dictionaries/hassan/audio/01886.mp3,,"hedge, circumvent, ring fence, barricade",kǝⁿḍzāl
adj.,uchicago_S_Hassan,keⁿh.mp3,https://dsal.uchicago.edu/dictionaries/hassan/audio/01887.mp3,,"some, a number of, a few, several",keⁿh
adv.,uchicago_S_Hassan,kʰə̄bʸ.mp3,https://dsal.uchicago.edu/dictionaries/hassan/audio/01888.mp3,,in a dream,kʰə̄bʸ
n.,uchicago_S_Hassan,kēnʸ.mp3,https://dsal.uchicago.edu/dictionaries/hassan/audio/01889.mp3,,"bamboo, wicker",kēnʸ
n.,uchicago_S_Hassan,kǝr.mp3,https://dsal.uchicago.edu/dictionaries/hassan/audio/01890.mp3,,"wooden rod, pole",kǝr
n.m.,uchicago_S_Hassan,kǝsid.mp3,https://dsal.uchicago.edu/dictionaries/hassan/audio/01891.mp3,,"apostle, messenger, missionary",kǝsid
n.f.,uchicago_S_Hassan,kǝstūr.mp3,https://dsal.uchicago.edu/dictionaries/hassan/audio/01892.mp3,,back-bird,kǝstūr
n.m.,uchicago_S_Hassan,koš.mp3,https://dsal.uchicago.edu/dictionaries/hassan/audio/01893.mp3,,husk,koš
adj.,uchicago_S_Hassan,kǝšur.mp3,https://dsal.uchicago.edu/dictionaries/hassan/audio/01894.mp3,,Kashmiri,kǝšur
n.f.,uchicago_S_Hassan,kǝsyānι.mp3,https://dsal.uchicago.edu/dictionaries/hassan/audio/01895.mp3,,"vomiting, nausea, queasiness",kǝsyānι
n.f.,uchicago_S_Hassan,kǝtij.mp3,https://dsal.uchicago.edu/dictionaries/hassan/audio/01896.mp3,,"swallow, a kind of migratory bird",kǝtij
v.,uchicago_S_Hassan,kǝtι-kǝtι karun.mp3,https://dsal.uchicago.edu/dictionaries/hassan/audio/01897.mp3,,"to tickle, entertain, scratch, irritate",kǝtι-kǝtι karun
n.m.,uchicago_S_Hassan,kǝtι-kǝtι.mp3,https://dsal.uchicago.edu/dictionaries/hassan/audio/01898.mp3,,tickle,kǝtι-kǝtι
v.,uchicago_S_Hassan,kʰāb wucʰun.mp3,https://dsal.uchicago.edu/dictionaries/hassan/audio/01899.mp3,,"to dream, wish, hope, castle in the sky, fantasy",kʰāb wucʰun
n.m.,uchicago_S_Hassan,kʰāb.mp3,https://dsal.uchicago.edu/dictionaries/hassan/audio/01900.mp3,,"dream, delusion",kʰāb
n.,uchicago_S_Hassan,kʰabar.mp3,https://dsal.uchicago.edu/dictionaries/hassan/audio/01901.mp3,,"information, news bulletin, news update",kʰabar
n.f.,uchicago_S_Hassan,kʰabarī.mp3,https://dsal.uchicago.edu/dictionaries/hassan/audio/01902.mp3,,"news agent, reporter, spy",kʰabarī
n.,uchicago_S_Hassan,kʰabardār.mp3,https://dsal.uchicago.edu/dictionaries/hassan/audio/01903.mp3,,"vigilance, watchfulness, care, caution, attention, observation, alertness, awareness",kʰabardār
n.,uchicago_S_Hassan,kʰābas manz.mp3,https://dsal.uchicago.edu/dictionaries/hassan/audio/01904.mp3,,in a dream,kʰābas manz
v.,uchicago_S_Hassan,kʰabr din.mp3,https://dsal.uchicago.edu/dictionaries/hassan/audio/01905.mp3,,"report, inform, convey, give an account",kʰabr din
n.,uchicago_S_Hassan,kʰah.mp3,https://dsal.uchicago.edu/dictionaries/hassan/audio/01906.mp3,,"ploughing field, land",kʰah
v.,uchicago_S_Hassan,kʰahiš karin.mp3,https://dsal.uchicago.edu/dictionaries/hassan/audio/01907.mp3,,"wish for, crave, long for, want",kʰahiš karin
n.f.,uchicago_S_Hassan,kʰāhiš.mp3,https://dsal.uchicago.edu/dictionaries/hassan/audio/01908.mp3,,"wish, desire, hope, want, craving",kʰāhiš
n.m.,uchicago_S_Hassan,kʰajerʸ.mp3,https://dsal.uchicago.edu/dictionaries/hassan/audio/01909.mp3,,"wideness, size, girth",kʰajerʸ
n.m.,uchicago_S_Hassan,kʰākι.mp3,https://dsal.uchicago.edu/dictionaries/hassan/audio/01910.mp3,,"map, atlas, chart",kʰākι
n.f.,uchicago_S_Hassan,kʰāsιr.mp3,https://dsal.uchicago.edu/dictionaries/hassan/audio/01911.mp3,,posterior part of skull,kʰāsιr
n.,uchicago_S_Hassan,kʰāsι.mp3,https://dsal.uchicago.edu/dictionaries/hassan/audio/01912.mp3,,muslin,kʰāsι
n.m.,uchicago_S_Hassan,kʰal.mp3,https://dsal.uchicago.edu/dictionaries/hassan/audio/01913.mp3,,threshing-floor,kʰal
n.,uchicago_S_Hassan,kʰalak.mp3,https://dsal.uchicago.edu/dictionaries/hassan/audio/01914.mp3,,"creature, human being, individual",kʰalak
v.,uchicago_S_Hassan,kʰalās gaʦun.mp3,https://dsal.uchicago.edu/dictionaries/hassan/audio/01915.mp3,,"to release, deliver, discharge",kʰalās gaʦun
adj.,uchicago_S_Hassan,kʰalās.mp3,https://dsal.uchicago.edu/dictionaries/hassan/audio/01916.mp3,,free,kʰalās
v.,uchicago_S_Hassan,kʰālun.mp3,https://dsal.uchicago.edu/dictionaries/hassan/audio/01917.mp3,,"ascend, go up, mount, rise",kʰālun
n.f.,uchicago_S_Hassan,kʰalwakʰ.mp3,https://dsal.uchicago.edu/dictionaries/hassan/audio/01918.mp3,,privacy,kʰalwakʰ
adj.,uchicago_S_Hassan,kʰām.mp3,https://dsal.uchicago.edu/dictionaries/hassan/audio/01919.mp3,,"raw, uncooked , underdone",kʰām
adj.,uchicago_S_Hassan,kʰām mewι.mp3,https://dsal.uchicago.edu/dictionaries/hassan/audio/01920.mp3,,"unripe fruit, unprepared fruit",kʰām mewι
n.f.,uchicago_S_Hassan,kʰambīr.mp3,https://dsal.uchicago.edu/dictionaries/hassan/audio/01921.mp3,,yeast,kʰambīr
adj.,uchicago_S_Hassan,kʰāmōš.mp3,https://dsal.uchicago.edu/dictionaries/hassan/audio/01922.mp3,,"silent, mute, quiet, not saying anything",kʰāmōš
adj.,uchicago_S_Hassan,kʰāmtamā.mp3,https://dsal.uchicago.edu/dictionaries/hassan/audio/01923.mp3,,"greedy, ravenous, insatiable",kʰāmtamā
n.,uchicago_S_Hassan,kʰaⁿḍ.mp3,https://dsal.uchicago.edu/dictionaries/hassan/audio/01924.mp3,,sugar,kʰaⁿḍ
n.,uchicago_S_Hassan,kʰāndān.mp3,https://dsal.uchicago.edu/dictionaries/hassan/audio/01925.mp3,,"family, relations, family tree",kʰāndān
n.m.,uchicago_S_Hassan,kʰāndār.mp3,https://dsal.uchicago.edu/dictionaries/hassan/audio/01926.mp3,,husband,kʰāndār
n.m.,uchicago_S_Hassan,kʰāⁿdar.mp3,https://dsal.uchicago.edu/dictionaries/hassan/audio/01927.mp3,,"marriage, wedding, nuptials, matrimony",kʰāⁿdar
n.m.,uchicago_S_Hassan,kʰanduk.mp3,https://dsal.uchicago.edu/dictionaries/hassan/audio/01928.mp3,,"trench, dugout, drain, channel",kʰanduk
n.,uchicago_S_Hassan,kʰanjar.mp3,https://dsal.uchicago.edu/dictionaries/hassan/audio/01929.mp3,,"dagger, table knife, blade, carving knife, cook's knife, bread knife",kʰanjar
v.,uchicago_S_Hassan,kʰanun.mp3,https://dsal.uchicago.edu/dictionaries/hassan/audio/01930.mp3,,"dig, excavate, hollow out, burrow, break up, earth cutting, comment, taunt",kʰanun
n.,uchicago_S_Hassan,kǝmīz.mp3,https://dsal.uchicago.edu/dictionaries/hassan/audio/01931.mp3,,shirt,kǝmīz
v.,uchicago_S_Hassan,kʰar ṭāⁿg dinʸ.mp3,https://dsal.uchicago.edu/dictionaries/hassan/audio/01932.mp3,,bray,kʰar ṭāⁿg dinʸ
n.m.,uchicago_S_Hassan,kͻkatʰ.mp3,https://dsal.uchicago.edu/dictionaries/hassan/audio/01933.mp3,,"not in favour, out of the ordinary",kͻkatʰ
n.m.,uchicago_S_Hassan,kʰār.mp3,https://dsal.uchicago.edu/dictionaries/hassan/audio/01934.mp3,,blacksmith,kʰār
n.m.,uchicago_S_Hassan,kʰar.mp3,https://dsal.uchicago.edu/dictionaries/hassan/audio/01935.mp3,,donkey,kʰar
n.m.,uchicago_S_Hassan,kʰārizalīl.mp3,https://dsal.uchicago.edu/dictionaries/hassan/audio/01936.mp3,,"scoundrel, rascal, crook, fraudulent",kʰārizalīl
v.,uchicago_S_Hassan,kʰarāb karun.mp3,https://dsal.uchicago.edu/dictionaries/hassan/audio/01937.mp3,,"spoil, ruin, mess up, destroy, blot",kʰarāb karun
n.f.,uchicago_S_Hassan,kʰarābī.mp3,https://dsal.uchicago.edu/dictionaries/hassan/audio/01938.mp3,,"corruption, dishonesty, crookedness, damaged",kʰarābī
adj.,uchicago_S_Hassan,kʰarāb.mp3,https://dsal.uchicago.edu/dictionaries/hassan/audio/01939.mp3,,"worthless, of no value, useless, meaningless",kʰarāb
n.m.,uchicago_S_Hassan,kʰarbιz.mp3,https://dsal.uchicago.edu/dictionaries/hassan/audio/01940.mp3,,musk melon,kʰarbιz
n.m.,uchicago_S_Hassan,kʰargōš.mp3,https://dsal.uchicago.edu/dictionaries/hassan/audio/01941.mp3,,hare,kʰargōš
n.m.,uchicago_S_Hassan,kʰaric.mp3,https://dsal.uchicago.edu/dictionaries/hassan/audio/01942.mp3,,"cost, expenditure, expense, charge",kʰaric
n.,uchicago_S_Hassan,kabzι.mp3,https://dsal.uchicago.edu/dictionaries/hassan/audio/01943.mp3,,"control, have power over, custody",kabzι
n.m.,uchicago_S_Hassan,kʰārut.mp3,https://dsal.uchicago.edu/dictionaries/hassan/audio/01944.mp3,,foal,kʰārut
n.f.,uchicago_S_Hassan,kʰārιbāy.mp3,https://dsal.uchicago.edu/dictionaries/hassan/audio/01945.mp3,,blacksmith’s wife,kʰārιbāy
v.,uchicago_S_Hassan,kʰarιc karun.mp3,https://dsal.uchicago.edu/dictionaries/hassan/audio/01946.mp3,,"to spend, use, consume",kʰarιc karun
adv.,uchicago_S_Hassan,kʰās kǝritʰ.mp3,https://dsal.uchicago.edu/dictionaries/hassan/audio/01947.mp3,,"especially, particularly, specially, above all",kʰās kǝritʰ
n.m.,uchicago_S_Hassan,kʰas.mp3,https://dsal.uchicago.edu/dictionaries/hassan/audio/01948.mp3,,"elevation, enlargement, escalation, augmentation",kʰas
n.m.,uchicago_S_Hassan,kʰāš.mp3,https://dsal.uchicago.edu/dictionaries/hassan/audio/01949.mp3,,"piece, portion, serving, segment",kʰāš
v.,uchicago_S_Hassan,kʰaš.mp3,https://dsal.uchicago.edu/dictionaries/hassan/audio/01950.mp3,,"slaughter, kill, butcher, murder",kʰaš
n.m.,uchicago_S_Hassan,kʰaškʰāš.mp3,https://dsal.uchicago.edu/dictionaries/hassan/audio/01951.mp3,,"poppy oil, poppy seed",kʰaškʰāš
n.f.,uchicago_S_Hassan,kʰaslat.mp3,https://dsal.uchicago.edu/dictionaries/hassan/audio/01952.mp3,,"habit, tendency, addiction, problem, origin",kʰaslat
v.,uchicago_S_Hassan,kʰasun.mp3,https://dsal.uchicago.edu/dictionaries/hassan/audio/01953.mp3,,"ascend, climb, rise, come, lead",kʰasun
v.,uchicago_S_Hassan,kʸulis kʰasun.mp3,https://dsal.uchicago.edu/dictionaries/hassan/audio/01954.mp3,,"climb on tree, mount, get on",kʸulis kʰasun
v.,uchicago_S_Hassan,kohas kʰasun.mp3,https://dsal.uchicago.edu/dictionaries/hassan/audio/01955.mp3,,"rise, go up, mount, get higher, come up",kohas kʰasun
v.,uchicago_S_Hassan,hʸur kʰasun.mp3,https://dsal.uchicago.edu/dictionaries/hassan/audio/01956.mp3,,"ascend, step up, escalate, leap",hʸur kʰasun
n.m.,uchicago_S_Hassan,kʰānι mājer.mp3,https://dsal.uchicago.edu/dictionaries/hassan/audio/01957.mp3,,spoiling a child by praising it even when it is naughty by his mother,kʰānι mājer
n.f.,uchicago_S_Hassan,kʰāsyet.mp3,https://dsal.uchicago.edu/dictionaries/hassan/audio/01958.mp3,,"essence, fundamental nature, real meaning, core",kʰāsyet
n.m.,uchicago_S_Hassan,kʰat.mp3,https://dsal.uchicago.edu/dictionaries/hassan/audio/01959.mp3,,"letter, epistle",kʰat
adj.,uchicago_S_Hassan,kʰatarnāk.mp3,https://dsal.uchicago.edu/dictionaries/hassan/audio/01960.mp3,,"deadly, fatal, serious, critical, dangerous",kʰatarnāk
v.,uchicago_S_Hassan,kʰaṭitʰ tʰāwun.mp3,https://dsal.uchicago.edu/dictionaries/hassan/audio/01961.mp3,,"secrete, hide, mask, cover up, veil",kʰaṭitʰ tʰāwun
adj.,uchicago_S_Hassan,kʰaṭitʰ.mp3,https://dsal.uchicago.edu/dictionaries/hassan/audio/01962.mp3,,"concealed, hidden, covered, buried, obscured, masked, secret",kʰaṭitʰ
n.,uchicago_S_Hassan,kʰatrι.mp3,https://dsal.uchicago.edu/dictionaries/hassan/audio/01963.mp3,,"danger, hazard, risk, threat",kʰatrι
prep.,uchicago_S_Hassan,kʰə̄trι.mp3,https://dsal.uchicago.edu/dictionaries/hassan/audio/01964.mp3,,"for, on behalf of, in lieu of, in support of",kʰə̄trι
v.,uchicago_S_Hassan,kʰaṭṭun.mp3,https://dsal.uchicago.edu/dictionaries/hassan/audio/01965.mp3,,"concealed, veiled, secreted",kʰaṭṭun
n.,uchicago_S_Hassan,kʰaṭ kʰaṭ.mp3,https://dsal.uchicago.edu/dictionaries/hassan/audio/01966.mp3,,"knock, thump",kʰaṭ kʰaṭ
n.m.,uchicago_S_Hassan,kʰānι mōl.mp3,https://dsal.uchicago.edu/dictionaries/hassan/audio/01967.mp3,,spoiling a child by showing affection or praising it even when it is naughty by his father,kʰānι mōl
n.f.,uchicago_S_Hassan,kʰawāhiš.mp3,https://dsal.uchicago.edu/dictionaries/hassan/audio/01968.mp3,,"desire, wish, want, longing",kʰawāhiš
n.m.,uchicago_S_Hassan,kʰawāhišmaⁿd.mp3,https://dsal.uchicago.edu/dictionaries/hassan/audio/01969.mp3,,desirous,kʰawāhišmaⁿd
v.,uchicago_S_Hassan,kʰay tulin.mp3,https://dsal.uchicago.edu/dictionaries/hassan/audio/01970.mp3,,"polish, rub, sparkle, shine",kʰay tulin
n.,uchicago_S_Hassan,kʰay.mp3,https://dsal.uchicago.edu/dictionaries/hassan/audio/01971.mp3,,"ditch, trench",kʰay
n.f.,uchicago_S_Hassan,kʰāy.mp3,https://dsal.uchicago.edu/dictionaries/hassan/audio/01972.mp3,,"rust, corrosion",kʰāy
n.m.,uchicago_S_Hassan,kʰānι mə̄j.mp3,https://dsal.uchicago.edu/dictionaries/hassan/audio/01973.mp3,,spoiling a child by showing affection or praising it even when it is naughty by his mother,kʰānι mə̄j
v.,uchicago_S_Hassan,kʰayāl karun.mp3,https://dsal.uchicago.edu/dictionaries/hassan/audio/01974.mp3,,"thinking, idea, brain wave",kʰayāl karun
v.,uchicago_S_Hassan,kʰayāl tʰāwun.mp3,https://dsal.uchicago.edu/dictionaries/hassan/audio/01975.mp3,,"to imagine, envision, visualize",kʰayāl tʰāwun
n.,uchicago_S_Hassan,kʰayāl.mp3,https://dsal.uchicago.edu/dictionaries/hassan/audio/01976.mp3,,"consideration, thought, opinion, thoughtfulness, selflessness, concern, sympathy, respect",kʰayāl
adj.,uchicago_S_Hassan,kʰuš mizāj.mp3,https://dsal.uchicago.edu/dictionaries/hassan/audio/01977.mp3,,"soft spoken, peaceful, softhearted, sympathetic, kind",kʰuš mizāj
n.f.,uchicago_S_Hassan,kʰayānat.mp3,https://dsal.uchicago.edu/dictionaries/hassan/audio/01978.mp3,,"forgery, cheating, fixing",kʰayānat
n.m.,uchicago_S_Hassan,kʰazānι.mp3,https://dsal.uchicago.edu/dictionaries/hassan/audio/01979.mp3,,"treasure, wealth",kʰazānι
n.m.,uchicago_S_Hassan,kʰɔḍ.mp3,https://dsal.uchicago.edu/dictionaries/hassan/audio/01980.mp3,,"cavity, hollow space, hole, void, opening, fissure",kʰɔḍ
n.m.,uchicago_S_Hassan,kʰam.mp3,https://dsal.uchicago.edu/dictionaries/hassan/audio/01981.mp3,,a pillar for support,kʰam
adj.,uchicago_S_Hassan,kʰɔdgarιz.mp3,https://dsal.uchicago.edu/dictionaries/hassan/audio/01982.mp3,,"selfish, self-centered, self-seeking, self-interested, egotistic",kʰɔdgarιz
n.,uchicago_S_Hassan,kʰrɔkʰ.mp3,https://dsal.uchicago.edu/dictionaries/hassan/audio/01983.mp3,,snoring,kʰrɔkʰ
adj.,uchicago_S_Hassan,kʰɔkʰur.mp3,https://dsal.uchicago.edu/dictionaries/hassan/audio/01984.mp3,,hallow,kʰɔkʰur
v.,uchicago_S_Hassan,kʰɔkʰιš karin.mp3,https://dsal.uchicago.edu/dictionaries/hassan/audio/01985.mp3,,"crawl, creep, move slowly",kʰɔkʰιš karin
n.,uchicago_S_Hassan,kʰɔnwaṭʰ.mp3,https://dsal.uchicago.edu/dictionaries/hassan/audio/01986.mp3,,elbow,kʰɔnwaṭʰ
n.m.,uchicago_S_Hassan,kʰɔrbanι.mp3,https://dsal.uchicago.edu/dictionaries/hassan/audio/01987.mp3,,"boot, walking boot",kʰɔrbanι
n.m.,uchicago_S_Hassan,kʰɔrbān māz.mp3,https://dsal.uchicago.edu/dictionaries/hassan/audio/01988.mp3,,meat which is sacrificed in Eid,kʰɔrbān māz
n.,uchicago_S_Hassan,kʰɔr-nʸuṭʰ.mp3,https://dsal.uchicago.edu/dictionaries/hassan/audio/01989.mp3,,big-toe,kʰɔr-nʸuṭʰ
n.m.,uchicago_S_Hassan,kʰɔr-ungι.mp3,https://dsal.uchicago.edu/dictionaries/hassan/audio/01990.mp3,,toe,kʰɔr-ungι
v.,uchicago_S_Hassan,khɔš karun.mp3,https://dsal.uchicago.edu/dictionaries/hassan/audio/01991.mp3,,"amuse to, entertain, engross",khɔš karun
adj.,uchicago_S_Hassan,kʰɔš.mp3,https://dsal.uchicago.edu/dictionaries/hassan/audio/01992.mp3,,"happy, pleased, cheery, content",kʰɔš
adj.,uchicago_S_Hassan,kʰɔš-šǝkīl.mp3,https://dsal.uchicago.edu/dictionaries/hassan/audio/01993.mp3,,"beautiful woman, good-looking, gorgeous, fine-looking, attractive",kʰɔš-šǝkīl
conj.,uchicago_S_Hassan,kʰɔtι.mp3,https://dsal.uchicago.edu/dictionaries/hassan/audio/01994.mp3,,"than, in comparison",kʰɔtι
adj.,uchicago_S_Hassan,kʰɔʦιbuḍ.mp3,https://dsal.uchicago.edu/dictionaries/hassan/audio/01995.mp3,,"gutless, cowardly, spiritless",kʰɔʦιbuḍ
adj.,uchicago_S_Hassan,kǝzah.mp3,https://dsal.uchicago.edu/dictionaries/hassan/audio/01996.mp3,,not offered on time,kǝzah
adj.,uchicago_S_Hassan,kʰǝjil.mp3,https://dsal.uchicago.edu/dictionaries/hassan/audio/01997.mp3,,"ashamed, feeling shame, feeling guilty",kʰǝjil
n.,uchicago_S_Hassan,kʰen.mp3,https://dsal.uchicago.edu/dictionaries/hassan/audio/01998.mp3,,"food, supplies",kʰen
adj.,uchicago_S_Hassan,kʰǝⁿḍpʰuṭ.mp3,https://dsal.uchicago.edu/dictionaries/hassan/audio/01999.mp3,,"cracked, not working, smashed, damaged, destroyed, shattered",kʰǝⁿḍpʰuṭ
n.m.,uchicago_S_Hassan,kʰenʸ samān.mp3,https://dsal.uchicago.edu/dictionaries/hassan/audio/02000.mp3,,"food stuff, food, necessities, rations, provisions",kʰenʸ samān
n.f.,uchicago_S_Hassan,kʰǝr.mp3,https://dsal.uchicago.edu/dictionaries/hassan/audio/02001.mp3,,scald-head,kʰǝr
n.f.,uchicago_S_Hassan,kʰǝrin.mp3,https://dsal.uchicago.edu/dictionaries/hassan/audio/02002.mp3,,"ass, donkey",kʰǝrin
n.f.,uchicago_S_Hassan,kʰalal.mp3,https://dsal.uchicago.edu/dictionaries/hassan/audio/02003.mp3,,"disturbance, trouble, uproar",kʰalal
adj.,uchicago_S_Hassan,kʰͻluk.mp3,https://dsal.uchicago.edu/dictionaries/hassan/audio/02004.mp3,,"sweet-hearted, virtuous, well-behaved, polite",kʰͻluk
n.m.,uchicago_S_Hassan,kʰǝzιr.mp3,https://dsal.uchicago.edu/dictionaries/hassan/audio/02005.mp3,,date (fruit),kʰǝzιr
n.f.,uchicago_S_Hassan,kʰilahιr.mp3,https://dsal.uchicago.edu/dictionaries/hassan/audio/02006.mp3,,sandals,kʰilahιr
n.f.,uchicago_S_Hassan,kʰin.mp3,https://dsal.uchicago.edu/dictionaries/hassan/audio/02007.mp3,,mucus,kʰin
n.m.,uchicago_S_Hassan,kʰocʰ.mp3,https://dsal.uchicago.edu/dictionaries/hassan/audio/02008.mp3,,"boat, dinghy, commuter boat, ferry",kʰocʰ
n.m.,uchicago_S_Hassan,ʦorι-kʰoḍ.mp3,https://dsal.uchicago.edu/dictionaries/hassan/audio/02009.mp3,,occipital region of head (occipit),ʦorι-kʰoḍ
n.m.,uchicago_S_Hassan,kʰodah.mp3,https://dsal.uchicago.edu/dictionaries/hassan/audio/02010.mp3,,"God, Deity",kʰodah
n.m.,uchicago_S_Hassan,kʰōf.mp3,https://dsal.uchicago.edu/dictionaries/hassan/audio/02011.mp3,,"fear, dread, terror",kʰōf
adj.,uchicago_S_Hassan,kʰōfzad.mp3,https://dsal.uchicago.edu/dictionaries/hassan/audio/02012.mp3,,"fearful, frightened, afraid, dreadful",kʰōfzad
n.m.,uchicago_S_Hassan,kʰōprι.mp3,https://dsal.uchicago.edu/dictionaries/hassan/audio/02013.mp3,,cocconut,kʰōprι
adj.,uchicago_S_Hassan,kʰōfnāk.mp3,https://dsal.uchicago.edu/dictionaries/hassan/audio/02014.mp3,,"terrible, dreadful, awful",kʰōfnāk
adj.,uchicago_S_Hassan,kʰol.mp3,https://dsal.uchicago.edu/dictionaries/hassan/audio/02015.mp3,,"broad, big, open, wide, large",kʰol
v.,uchicago_S_Hassan,kʰōlun.mp3,https://dsal.uchicago.edu/dictionaries/hassan/audio/02016.mp3,,"open, unlock, unbolt, release",kʰōlun
v.,uchicago_S_Hassan,kʰolāwun.mp3,https://dsal.uchicago.edu/dictionaries/hassan/audio/02017.mp3,,to open,kʰolāwun
n.,uchicago_S_Hassan,kʰolʸ.mp3,https://dsal.uchicago.edu/dictionaries/hassan/audio/02018.mp3,,"flock, group",kʰolʸ
adj.,uchicago_S_Hassan,kʰor.mp3,https://dsal.uchicago.edu/dictionaries/hassan/audio/02019.mp3,,"bald, hairless, balding, thin on top",kʰor
n.m.,uchicago_S_Hassan,kʰͻr.mp3,https://dsal.uchicago.edu/dictionaries/hassan/audio/02020.mp3,,feet,kʰͻr
n.f.,uchicago_S_Hassan,kʰeʦιr.mp3,https://dsal.uchicago.edu/dictionaries/hassan/audio/02021.mp3,,a kind of dish of rice and moong,kʰeʦιr
adj.,uchicago_S_Hassan,kʰoš āsun.mp3,https://dsal.uchicago.edu/dictionaries/hassan/audio/02022.mp3,,"be pleased, satisfied, happy, delighted",kʰoš āsun
adj.,uchicago_S_Hassan,kʰoš andāz.mp3,https://dsal.uchicago.edu/dictionaries/hassan/audio/02023.mp3,,"soothing, peaceful, restful, beautiful, graceful",kʰoš andāz
v.,uchicago_S_Hassan,kʰoš sapdun.mp3,https://dsal.uchicago.edu/dictionaries/hassan/audio/02024.mp3,,to be happy,kʰoš sapdun
n.m.,uchicago_S_Hassan,kʰōs.mp3,https://dsal.uchicago.edu/dictionaries/hassan/audio/02025.mp3,,bowl,kʰōs
v.,uchicago_S_Hassan,kʰōj karin.mp3,https://dsal.uchicago.edu/dictionaries/hassan/audio/02026.mp3,,discover,kʰōj karin
v.,uchicago_S_Hassan,kʰōl.mp3,https://dsal.uchicago.edu/dictionaries/hassan/audio/02027.mp3,,open,kʰōl
v.,uchicago_S_Hassan,kʰalan.mp3,https://dsal.uchicago.edu/dictionaries/hassan/audio/02028.mp3,,"stir, mix, blend",kʰalan
adj.,uchicago_S_Hassan,kʰoš.mp3,https://dsal.uchicago.edu/dictionaries/hassan/audio/02029.mp3,,left-handed,kʰoš
n.m.,uchicago_S_Hassan,kʰošik.mp3,https://dsal.uchicago.edu/dictionaries/hassan/audio/02030.mp3,,land,kʰošik
adj.,uchicago_S_Hassan,kʰoṭ.mp3,https://dsal.uchicago.edu/dictionaries/hassan/audio/02031.mp3,,"counterfeit, fake, imitation",kʰoṭ
n.,uchicago_S_Hassan,kʰot.mp3,https://dsal.uchicago.edu/dictionaries/hassan/audio/02032.mp3,,"cupboard, sideboard, storeroom, closet",kʰot
adj.,uchicago_S_Hassan,kʰͻsur.mp3,https://dsal.uchicago.edu/dictionaries/hassan/audio/02033.mp3,,"dry scalp, dry skin",kʰͻsur
adj.,uchicago_S_Hassan,kʰōʦwun.mp3,https://dsal.uchicago.edu/dictionaries/hassan/audio/02034.mp3,,"terrible, dreadful, awful",kʰōʦwun
n.m.,uchicago_S_Hassan,kʰōw.mp3,https://dsal.uchicago.edu/dictionaries/hassan/audio/02035.mp3,,"glutton, foodie, food lover",kʰōw
adj.,uchicago_S_Hassan,kʰōwur.mp3,https://dsal.uchicago.edu/dictionaries/hassan/audio/02036.mp3,,left,kʰōwur
n.m.,uchicago_S_Hassan,kʰrāj.mp3,https://dsal.uchicago.edu/dictionaries/hassan/audio/02037.mp3,,"tax, toll, tariff",kʰrāj
v.,uchicago_S_Hassan,kʰraⁿg karun.mp3,https://dsal.uchicago.edu/dictionaries/hassan/audio/02038.mp3,,"threaten, pressure, terrorize, make threats",kʰraⁿg karun
n.m.,uchicago_S_Hassan,kʰraⁿg.mp3,https://dsal.uchicago.edu/dictionaries/hassan/audio/02039.mp3,,"threat, risk, menace",kʰraⁿg
v.,uchicago_S_Hassan,kʰrɔkʰ kaḍin.mp3,https://dsal.uchicago.edu/dictionaries/hassan/audio/02040.mp3,,to snore,kʰrɔkʰ kaḍin
n.f.,uchicago_S_Hassan,kʰrιⁿʦʰ.mp3,https://dsal.uchicago.edu/dictionaries/hassan/audio/02041.mp3,,"rat, mouse",kʰrιⁿʦʰ
adj.,uchicago_S_Hassan,kʰūbsūrat.mp3,https://dsal.uchicago.edu/dictionaries/hassan/audio/02042.mp3,,"beautiful, good-looking, gorgeous, fine-looking, attractive, handsome",kʰūbsūrat
v.,uchicago_S_Hassan,kʰulah diyun.mp3,https://dsal.uchicago.edu/dictionaries/hassan/audio/02043.mp3,,"to divorce, separate, dissociate, break apart",kʰulah diyun
n.m.,uchicago_S_Hassan,kʰulah.mp3,https://dsal.uchicago.edu/dictionaries/hassan/audio/02044.mp3,,"divorce, separation, break up",kʰulah
n.m.,uchicago_S_Hassan,kʰulāsι.mp3,https://dsal.uchicago.edu/dictionaries/hassan/audio/02045.mp3,,"abstract, summary, extract, short version",kʰulāsι
adj.,uchicago_S_Hassan,kʰūnkʰwār.mp3,https://dsal.uchicago.edu/dictionaries/hassan/audio/02046.mp3,,"ferocious, cruel, wild",kʰūnkʰwār
n.f.,uchicago_S_Hassan,kʰūr.mp3,https://dsal.uchicago.edu/dictionaries/hassan/audio/02047.mp3,,heel of foot,kʰūr
n.m.,uchicago_S_Hassan,kʰūr.mp3,https://dsal.uchicago.edu/dictionaries/hassan/audio/02048.mp3,,"oar, flat blade for rowing a boat",kʰūr
n.m.,uchicago_S_Hassan,nə̄vid kʰūr.mp3,https://dsal.uchicago.edu/dictionaries/hassan/audio/02049.mp3,,"barbar’s razor, shaver, blade, straight razor",nə̄vid kʰūr
n.,uchicago_S_Hassan,kʰurākʰ.mp3,https://dsal.uchicago.edu/dictionaries/hassan/audio/02050.mp3,,"food, supplies, provisions, stores",kʰurākʰ
adj.,uchicago_S_Hassan,kʰušbudār.mp3,https://dsal.uchicago.edu/dictionaries/hassan/audio/02051.mp3,,fragrant,kʰušbudār
n.f.,uchicago_S_Hassan,kʰušī.mp3,https://dsal.uchicago.edu/dictionaries/hassan/audio/02052.mp3,,"joy, happiness, pleasure, thrill",kʰušī
n.m.,uchicago_S_Hassan,kʰͻš-kʰaluk.mp3,https://dsal.uchicago.edu/dictionaries/hassan/audio/02053.mp3,,"pleasing, pleasurable, skillful",kʰͻš-kʰaluk
n.f.,uchicago_S_Hassan,kʰušīsān.mp3,https://dsal.uchicago.edu/dictionaries/hassan/audio/02054.mp3,,"will, motivation, willpower, determination",kʰušīsān
n.f.,uchicago_S_Hassan,kʰuškʰabri.mp3,https://dsal.uchicago.edu/dictionaries/hassan/audio/02055.mp3,,good news,kʰuškʰabri
adj.,uchicago_S_Hassan,kʰūʦmut.mp3,https://dsal.uchicago.edu/dictionaries/hassan/audio/02056.mp3,,"afraid, fearful, scared, frightened, troubled, terrified",kʰūʦmut
v.,uchicago_S_Hassan,kʰʸānāwun.mp3,https://dsal.uchicago.edu/dictionaries/hassan/audio/02057.mp3,,cause to eat,kʰʸānāwun
v.,uchicago_S_Hassan,kʰʸāwun.mp3,https://dsal.uchicago.edu/dictionaries/hassan/audio/02058.mp3,,to feed,kʰʸāwun
n.m.,uchicago_S_Hassan,kʰʸewun.mp3,https://dsal.uchicago.edu/dictionaries/hassan/audio/02059.mp3,,eater,kʰʸewun
n.m.,uchicago_S_Hassan,kʰʸis.mp3,https://dsal.uchicago.edu/dictionaries/hassan/audio/02060.mp3,,"wallet, folder, file, holder, case",kʰʸis
v.,uchicago_S_Hassan,makur kʰʸon.mp3,https://dsal.uchicago.edu/dictionaries/hassan/audio/02061.mp3,,"devour, eat greedily, gulp down, consume, get through, use up",makur kʰʸon
v.,uchicago_S_Hassan,kʰʸon.mp3,https://dsal.uchicago.edu/dictionaries/hassan/audio/02062.mp3,,"to eat, consume, have, munch, have a meal",kʰʸon
n.m.,uchicago_S_Hassan,kʰʸul.mp3,https://dsal.uchicago.edu/dictionaries/hassan/audio/02063.mp3,,herd,kʰʸul
n.f.,uchicago_S_Hassan,kʰιdmat.mp3,https://dsal.uchicago.edu/dictionaries/hassan/audio/02064.mp3,,"service, help, assistance, benefit",kʰιdmat
v.,uchicago_S_Hassan,kʰῑmι dʸun.mp3,https://dsal.uchicago.edu/dictionaries/hassan/audio/02065.mp3,,pitch a tent,kʰῑmι dʸun
n.m.,uchicago_S_Hassan,kʰῑmι.mp3,https://dsal.uchicago.edu/dictionaries/hassan/audio/02066.mp3,,tent,kʰῑmι
n.m.,uchicago_S_Hassan,kʰιtāb.mp3,https://dsal.uchicago.edu/dictionaries/hassan/audio/02067.mp3,,"title, name, heading",kʰιtāb
adj.,uchicago_S_Hassan,kʰə̄r āsun.mp3,https://dsal.uchicago.edu/dictionaries/hassan/audio/02068.mp3,,"to be well, highly, fine all right, okay",kʰə̄r āsun
n.m.,uchicago_S_Hassan,kʰə̄rāt.mp3,https://dsal.uchicago.edu/dictionaries/hassan/audio/02069.mp3,,"charity, aid, contributions, donations, help, assistance, offerings",kʰə̄rāt
v.,uchicago_S_Hassan,kʰə̄rāt diyun.mp3,https://dsal.uchicago.edu/dictionaries/hassan/audio/02070.mp3,,"charity, alms, propitiatory",kʰə̄rāt diyun
n.m.,uchicago_S_Hassan,kʰādι.mp3,https://dsal.uchicago.edu/dictionaries/hassan/audio/02071.mp3,,a kind of forest wood useful for making beam,kʰādι
n.f.,uchicago_S_Hassan,kʰə̄tirdə̄rī.mp3,https://dsal.uchicago.edu/dictionaries/hassan/audio/02072.mp3,,"hospitability, warmth, cordiality, conviviality, sociability",kʰə̄tirdə̄rī
n.m.,uchicago_S_Hassan,kibur.mp3,https://dsal.uchicago.edu/dictionaries/hassan/audio/02073.mp3,,"pride, arrogance, smugness",kibur
n.,uchicago_S_Hassan,garūr.mp3,https://dsal.uchicago.edu/dictionaries/hassan/audio/02074.mp3,,"haughtiness, arrogance, pride",garūr
n.f.,uchicago_S_Hassan,kīj.mp3,https://dsal.uchicago.edu/dictionaries/hassan/audio/02075.mp3,,"peg, nail, hang, tack, press-stud",kīj
n.f.,uchicago_S_Hassan,kə̄fir.mp3,https://dsal.uchicago.edu/dictionaries/hassan/audio/02076.mp3,,infidel,kə̄fir
n.m.,uchicago_S_Hassan,kilι.mp3,https://dsal.uchicago.edu/dictionaries/hassan/audio/02077.mp3,,"castle, fortress, fort, palace, turret",kilι
v.,uchicago_S_Hassan,kilι pāvun.mp3,https://dsal.uchicago.edu/dictionaries/hassan/audio/02078.mp3,,"work hard, put yourself out, pull out all the stops make a supreme effort",kilι pāvun
n.m.,uchicago_S_Hassan,kʰoji.mp3,https://dsal.uchicago.edu/dictionaries/hassan/audio/02079.mp3,,"a man of distinction, a title of honour",kʰoji
n.m.,uchicago_S_Hassan,kinārι.mp3,https://dsal.uchicago.edu/dictionaries/hassan/audio/02080.mp3,,"border, boundary, periphery, side, embankment, verge",kinārι
adj.,uchicago_S_Hassan,kʰͻd rang.mp3,https://dsal.uchicago.edu/dictionaries/hassan/audio/02081.mp3,,self-coloured,kʰͻd rang
n.,uchicago_S_Hassan,kīr wə̄n.mp3,https://dsal.uchicago.edu/dictionaries/hassan/audio/02082.mp3,,well water,kīr wə̄n
v.,uchicago_S_Hassan,kirāy dun.mp3,https://dsal.uchicago.edu/dictionaries/hassan/audio/02083.mp3,,"hire, lease, rent out, let",kirāy dun
n.f.,uchicago_S_Hassan,kirāy.mp3,https://dsal.uchicago.edu/dictionaries/hassan/audio/02084.mp3,,"rent, fee, payment, charge",kirāy
n.m.,uchicago_S_Hassan,kirāydar.mp3,https://dsal.uchicago.edu/dictionaries/hassan/audio/02085.mp3,,"tenant, paying guest, occupant, resident, leaseholder",kirāydar
n.f.,uchicago_S_Hassan,kʰͻdāwandī.mp3,https://dsal.uchicago.edu/dictionaries/hassan/audio/02086.mp3,,"ownership, lordship, sovereignty",kʰͻdāwandī
n.f.,uchicago_S_Hassan,kis.mp3,https://dsal.uchicago.edu/dictionaries/hassan/audio/02087.mp3,,toe (little),kis
n.f.,uchicago_S_Hassan,kisιr.mp3,https://dsal.uchicago.edu/dictionaries/hassan/audio/02088.mp3,,"chaff of rice, worthless stuff",kisιr
n.f.,uchicago_S_Hassan,kitāb.mp3,https://dsal.uchicago.edu/dictionaries/hassan/audio/02089.mp3,,book,kitāb
adv.,uchicago_S_Hassan,kitʰ pə̄ṭʰ.mp3,https://dsal.uchicago.edu/dictionaries/hassan/audio/02090.mp3,,"how, in what manner",kitʰ pə̄ṭʰ
adj.,uchicago_S_Hassan,kob.mp3,https://dsal.uchicago.edu/dictionaries/hassan/audio/02091.mp3,,"hump-backed, crock, crooked, bent person, not straight person",kob
n.f.,uchicago_S_Hassan,kǝb.mp3,https://dsal.uchicago.edu/dictionaries/hassan/audio/02092.mp3,,hump-backed,kǝb
n.,uchicago_S_Hassan,kocι.mp3,https://dsal.uchicago.edu/dictionaries/hassan/audio/02093.mp3,,"alley, passage, lane, path, alleyway",kocι
n.m.,uchicago_S_Hassan,kōṭ.mp3,https://dsal.uchicago.edu/dictionaries/hassan/audio/02094.mp3,,"pillar, gallows",kōṭ
n.m.,uchicago_S_Hassan,kōḍ.mp3,https://dsal.uchicago.edu/dictionaries/hassan/audio/02095.mp3,,"brain, mind, intellect, common sense",kōḍ
n.f.,uchicago_S_Hassan,koh.mp3,https://dsal.uchicago.edu/dictionaries/hassan/audio/02096.mp3,,"hill, mountain",koh
n.m.,uchicago_S_Hassan,kōj.mp3,https://dsal.uchicago.edu/dictionaries/hassan/audio/02097.mp3,,"mealtime, feast, brunch, lunch, breakfast",kōj
adj.,uchicago_S_Hassan,kol.mp3,https://dsal.uchicago.edu/dictionaries/hassan/audio/02098.mp3,,"dumb, not able to speak",kol
v.,uchicago_S_Hassan,kōl.mp3,https://dsal.uchicago.edu/dictionaries/hassan/audio/02099.mp3,,"avow, give your word, guarantee",kōl
adj.,uchicago_S_Hassan,komal.mp3,https://dsal.uchicago.edu/dictionaries/hassan/audio/02100.mp3,,"tender, sensitive, immature, delicate, youthful",komal
n.m.,uchicago_S_Hassan,komārʸ.mp3,https://dsal.uchicago.edu/dictionaries/hassan/audio/02101.mp3,,girl,komārʸ
n.m.,uchicago_S_Hassan,kōn.mp3,https://dsal.uchicago.edu/dictionaries/hassan/audio/02102.mp3,,one-eyed male,kōn
n.m.,uchicago_S_Hassan,konḍ.mp3,https://dsal.uchicago.edu/dictionaries/hassan/audio/02103.mp3,,"tank, reservoir, container",konḍ
n.m.,uchicago_S_Hassan,koⁿḍ.mp3,https://dsal.uchicago.edu/dictionaries/hassan/audio/02104.mp3,,"thorn, spine, prickle",koⁿḍ
n.m.,uchicago_S_Hassan,kōⁿdι.mp3,https://dsal.uchicago.edu/dictionaries/hassan/audio/02105.mp3,,kiln,kōⁿdι
n.m.,uchicago_S_Hassan,koⁿg.mp3,https://dsal.uchicago.edu/dictionaries/hassan/audio/02106.mp3,,saffron,koⁿg
n.m.,uchicago_S_Hassan,koⁿgι pōš.mp3,https://dsal.uchicago.edu/dictionaries/hassan/audio/02107.mp3,,saffron flower,koⁿgι pōš
interj.,uchicago_S_Hassan,konι.mp3,https://dsal.uchicago.edu/dictionaries/hassan/audio/02108.mp3,,"why not, yes , okay , sure",konι
adv.,uchicago_S_Hassan,kōr.mp3,https://dsal.uchicago.edu/dictionaries/hassan/audio/02109.mp3,,wither,kōr
n.m.,uchicago_S_Hassan,kaṭi koš.mp3,https://dsal.uchicago.edu/dictionaries/hassan/audio/02110.mp3,,light snow fall,kaṭi koš
adj.,uchicago_S_Hassan,kōsam.mp3,https://dsal.uchicago.edu/dictionaries/hassan/audio/02111.mp3,,violet,kōsam
adj.,uchicago_S_Hassan,koš-dil.mp3,https://dsal.uchicago.edu/dictionaries/hassan/audio/02112.mp3,,"delighted, pleased, happy, thrilled, enchanted, charmed",koš-dil
v.,uchicago_S_Hassan,kōšiš karin.mp3,https://dsal.uchicago.edu/dictionaries/hassan/audio/02113.mp3,,"endeavour, try, make an effort",kōšiš karin
v.,uchicago_S_Hassan,kʰatāh.mp3,https://dsal.uchicago.edu/dictionaries/hassan/audio/02114.mp3,,"mistake, fault, confuse with, mix up with",kʰatāh
n.,uchicago_S_Hassan,košiš.mp3,https://dsal.uchicago.edu/dictionaries/hassan/audio/02115.mp3,,"& v. attempt, effort, try, challenge, endeavour",košiš
n.m.,uchicago_S_Hassan,kʰahād.mp3,https://dsal.uchicago.edu/dictionaries/hassan/audio/02116.mp3,,a place where wine is made and deposited,kʰahād
adv.,uchicago_S_Hassan,kot.mp3,https://dsal.uchicago.edu/dictionaries/hassan/audio/02117.mp3,,"where?,",kot
adv.,uchicago_S_Hassan,kot.mp3,https://dsal.uchicago.edu/dictionaries/hassan/audio/02118.mp3,,wither,kot
n.m.,uchicago_S_Hassan,koṭʰ.mp3,https://dsal.uchicago.edu/dictionaries/hassan/audio/02119.mp3,,"knee, patella",koṭʰ
n.f.,uchicago_S_Hassan,kʰaharan.mp3,https://dsal.uchicago.edu/dictionaries/hassan/audio/02120.mp3,,"a whetstone, a grindstone",kʰaharan
n.m.,uchicago_S_Hassan,kuṭʰ.mp3,https://dsal.uchicago.edu/dictionaries/hassan/audio/02121.mp3,,"room, space",kuṭʰ
n.m.,uchicago_S_Hassan,kotʰārι kuṭʰ.mp3,https://dsal.uchicago.edu/dictionaries/hassan/audio/02122.mp3,,granary,kotʰārι kuṭʰ
n.f.,uchicago_S_Hassan,kōtrenʸ.mp3,https://dsal.uchicago.edu/dictionaries/hassan/audio/02123.mp3,,pigeon,kōtrenʸ
n.m.,uchicago_S_Hassan,kōtur.mp3,https://dsal.uchicago.edu/dictionaries/hassan/audio/02124.mp3,,pigeon,kōtur
v.,uchicago_S_Hassan,kʰιr.mp3,https://dsal.uchicago.edu/dictionaries/hassan/audio/02125.mp3,,"slip, fall, slide, lose your footing, lose your balance",kʰιr
n.m.,uchicago_S_Hassan,kōtwāl.mp3,https://dsal.uchicago.edu/dictionaries/hassan/audio/02126.mp3,,police-man,kōtwāl
v.,uchicago_S_Hassan,kōʦnāwun.mp3,https://dsal.uchicago.edu/dictionaries/hassan/audio/02127.mp3,,"to terrify, horrify, frighten, scare",kōʦnāwun
n.m.,uchicago_S_Hassan,kōʦul.mp3,https://dsal.uchicago.edu/dictionaries/hassan/audio/02128.mp3,,"porter, gatekeeper, doorkeeper",kōʦul
n.m.,uchicago_S_Hassan,kʰatamband.mp3,https://dsal.uchicago.edu/dictionaries/hassan/audio/02129.mp3,,wood-carved ceiling,kʰatamband
v.,uchicago_S_Hassan,krakʰ din.mp3,https://dsal.uchicago.edu/dictionaries/hassan/audio/02130.mp3,,"cry, weep, shout, call, call out, yell, scream",krakʰ din
v.,uchicago_S_Hassan,krakʰ.mp3,https://dsal.uchicago.edu/dictionaries/hassan/audio/02131.mp3,,"cry, shout, call, call out, yell, scream",krakʰ
v.,uchicago_S_Hassan,krakιnād tulun.mp3,https://dsal.uchicago.edu/dictionaries/hassan/audio/02132.mp3,,"yell, shout, scream, roar",krakιnād tulun
n.m.,uchicago_S_Hassan,krāl.mp3,https://dsal.uchicago.edu/dictionaries/hassan/audio/02133.mp3,,potter,krāl
n.f.,uchicago_S_Hassan,krām.mp3,https://dsal.uchicago.edu/dictionaries/hassan/audio/02134.mp3,,"caste, class, social group, background, social order, kind",krām
n.f.,uchicago_S_Hassan,krem.mp3,https://dsal.uchicago.edu/dictionaries/hassan/audio/02135.mp3,,"weakness, fondness, soft spot, appetite",krem
n.,uchicago_S_Hassan,krāⁿk.mp3,https://dsal.uchicago.edu/dictionaries/hassan/audio/02136.mp3,,precious stone,krāⁿk
n.m.,uchicago_S_Hassan,kraⁿz.mp3,https://dsal.uchicago.edu/dictionaries/hassan/audio/02137.mp3,,"skeleton, the bare bones",kraⁿz
n.f.,uchicago_S_Hassan,krāy.mp3,https://dsal.uchicago.edu/dictionaries/hassan/audio/02138.mp3,,"frying pan, pot",krāy
n.m.,uchicago_S_Hassan,krehan māz.mp3,https://dsal.uchicago.edu/dictionaries/hassan/audio/02139.mp3,,liver,krehan māz
v.,uchicago_S_Hassan,krekʰ tulιn.mp3,https://dsal.uchicago.edu/dictionaries/hassan/audio/02140.mp3,,yell,krekʰ tulιn
n.m.,uchicago_S_Hassan,krǝnjul.mp3,https://dsal.uchicago.edu/dictionaries/hassan/audio/02141.mp3,,"basket, container, holder, storage bin",krǝnjul
n.,uchicago_S_Hassan,krēšun.mp3,https://dsal.uchicago.edu/dictionaries/hassan/audio/02142.mp3,,longing,krēšun
n.,uchicago_S_Hassan,krihʸun.mp3,https://dsal.uchicago.edu/dictionaries/hassan/audio/02143.mp3,,black,krihʸun
n.f.,uchicago_S_Hassan,krim.mp3,https://dsal.uchicago.edu/dictionaries/hassan/audio/02144.mp3,,crocodile,krim
n.,uchicago_S_Hassan,krōd.mp3,https://dsal.uchicago.edu/dictionaries/hassan/audio/02145.mp3,,"revenge, reprisal, vengeance",krōd
n.,uchicago_S_Hassan,krōl.mp3,https://dsal.uchicago.edu/dictionaries/hassan/audio/02146.mp3,,"crust of sore, scab, dry crust on a wound",krōl
n.m.,uchicago_S_Hassan,krōn.mp3,https://dsal.uchicago.edu/dictionaries/hassan/audio/02147.mp3,,"tribe, family, clan, ethnic group",krōn
n.m.,uchicago_S_Hassan,kronʸ.mp3,https://dsal.uchicago.edu/dictionaries/hassan/audio/02148.mp3,,"fondness, helplessness, weakness, keenness",kronʸ
n.m.,uchicago_S_Hassan,kroʦʰ.mp3,https://dsal.uchicago.edu/dictionaries/hassan/audio/02149.mp3,,"a spoon like tool with a shallow and handle used in tandoor, ladle",kroʦʰ
n.m.,uchicago_S_Hassan,krūr.mp3,https://dsal.uchicago.edu/dictionaries/hassan/audio/02150.mp3,,"damsel, well",krūr
n.m.,uchicago_S_Hassan,kuḍ.mp3,https://dsal.uchicago.edu/dictionaries/hassan/audio/02151.mp3,,stem,kuḍ
adj.,uchicago_S_Hassan,kuḍur.mp3,https://dsal.uchicago.edu/dictionaries/hassan/audio/02152.mp3,,"acute (illness), serious, critical",kuḍur
n.m.,uchicago_S_Hassan,kuj.mp3,https://dsal.uchicago.edu/dictionaries/hassan/audio/02153.mp3,,"bush, shrub, flowering shrub, plant",kuj
n.f.,uchicago_S_Hassan,kukil.mp3,https://dsal.uchicago.edu/dictionaries/hassan/audio/02154.mp3,,cuckoo,kukil
n.m.,uchicago_S_Hassan,kul.mp3,https://dsal.uchicago.edu/dictionaries/hassan/audio/02155.mp3,,tree,kul
v.,uchicago_S_Hassan,kuluf dʸun.mp3,https://dsal.uchicago.edu/dictionaries/hassan/audio/02156.mp3,,to lock,kuluf dʸun
n.m.,uchicago_S_Hassan,kuluf.mp3,https://dsal.uchicago.edu/dictionaries/hassan/audio/02157.mp3,,"padlock, lock",kuluf
n.m.,uchicago_S_Hassan,kumbι.mp3,https://dsal.uchicago.edu/dictionaries/hassan/audio/02158.mp3,,"tribe, family, clan, ethnic group",kumbι
v.,uchicago_S_Hassan,kumlun.mp3,https://dsal.uchicago.edu/dictionaries/hassan/audio/02159.mp3,,"become softer, tone down, diminish",kumlun
adj.,uchicago_S_Hassan,kun.mp3,https://dsal.uchicago.edu/dictionaries/hassan/audio/02160.mp3,,"alone, unaccompanied, by yourself, only, isolated, lonesome",kun
n.m.,uchicago_S_Hassan,kūn.mp3,https://dsal.uchicago.edu/dictionaries/hassan/audio/02161.mp3,,"corner, angle, curve",kūn
prep.,uchicago_S_Hassan,kun.mp3,https://dsal.uchicago.edu/dictionaries/hassan/audio/02162.mp3,,"direction, in the direction of, to, on the way to, en route for, near, concerning, for about",kun
n.f.,uchicago_S_Hassan,kūnij.mp3,https://dsal.uchicago.edu/dictionaries/hassan/audio/02163.mp3,,"colic, stomach pain",kūnij
n.f.pl.,uchicago_S_Hassan,kūnzι.mp3,https://dsal.uchicago.edu/dictionaries/hassan/audio/02164.mp3,,keys,kūnzι
n.,uchicago_S_Hassan,kunhə̄ṭʰ.mp3,https://dsal.uchicago.edu/dictionaries/hassan/audio/02165.mp3,,fifty-nine,kunhə̄ṭʰ
adj.,uchicago_S_Hassan,kunhə̄ṭʰʸum.mp3,https://dsal.uchicago.edu/dictionaries/hassan/audio/02166.mp3,,fifty-ninth,kunhə̄ṭʰʸum
adv.,uchicago_S_Hassan,kuni nι.mp3,https://dsal.uchicago.edu/dictionaries/hassan/audio/02167.mp3,,nowhere,kuni nι
adv.,uchicago_S_Hassan,kuni wizι.mp3,https://dsal.uchicago.edu/dictionaries/hassan/audio/02168.mp3,,"sometimes, occasionally, at times, on occasion",kuni wizι
n.,uchicago_S_Hassan,kunsatat.mp3,https://dsal.uchicago.edu/dictionaries/hassan/audio/02169.mp3,,sixty-nine,kunsatat
adj.,uchicago_S_Hassan,kunsatιtʸum.mp3,https://dsal.uchicago.edu/dictionaries/hassan/audio/02170.mp3,,sixty-ninth,kunsatιtʸum
n.,uchicago_S_Hassan,kunšīt.mp3,https://dsal.uchicago.edu/dictionaries/hassan/audio/02171.mp3,,seventy-nine,kunšīt
adj.,uchicago_S_Hassan,kunšītʰʸum.mp3,https://dsal.uchicago.edu/dictionaries/hassan/audio/02172.mp3,,seventy-ninetieth,kunšītʰʸum
n.,uchicago_S_Hassan,kuntῑji.mp3,https://dsal.uchicago.edu/dictionaries/hassan/audio/02173.mp3,,thirty-nine,kuntῑji
adj.,uchicago_S_Hassan,kuntῑjihʸum.mp3,https://dsal.uchicago.edu/dictionaries/hassan/audio/02174.mp3,,thirty-ninth,kuntῑjihʸum
v.,uchicago_S_Hassan,kunun.mp3,https://dsal.uchicago.edu/dictionaries/hassan/audio/02175.mp3,,"to sell, put up for sale, put on the market, trade, trade",kunun
n.,uchicago_S_Hassan,kunwanzah.mp3,https://dsal.uchicago.edu/dictionaries/hassan/audio/02176.mp3,,forty-nine,kunwanzah
adj.,uchicago_S_Hassan,kunwanzǝhʸum.mp3,https://dsal.uchicago.edu/dictionaries/hassan/audio/02177.mp3,,forty-ninth,kunwanzǝhʸum
n.,uchicago_S_Hassan,kunwuh.mp3,https://dsal.uchicago.edu/dictionaries/hassan/audio/02178.mp3,,nineteen,kunwuh
adj.,uchicago_S_Hassan,kunwuhʸum.mp3,https://dsal.uchicago.edu/dictionaries/hassan/audio/02179.mp3,,nineteenth,kunwuhʸum
adv.,uchicago_S_Hassan,kunʸi.mp3,https://dsal.uchicago.edu/dictionaries/hassan/audio/02180.mp3,,"anywhere, any place, where, somewhere, someplace",kunʸi
adv.,uchicago_S_Hassan,kunʸti jāyi.mp3,https://dsal.uchicago.edu/dictionaries/hassan/audio/02181.mp3,,wherever,kunʸti jāyi
n.f.sg.,uchicago_S_Hassan,kūⁿz.mp3,https://dsal.uchicago.edu/dictionaries/hassan/audio/02182.mp3,,key,kūⁿz
n.,uchicago_S_Hassan,kunιnamatʰ.mp3,https://dsal.uchicago.edu/dictionaries/hassan/audio/02183.mp3,,eighty-nine,kunιnamatʰ
adj.,uchicago_S_Hassan,kunιnamatʰʸum.mp3,https://dsal.uchicago.edu/dictionaries/hassan/audio/02184.mp3,,eighty-ninth,kunιnamatʰʸum
n.,uchicago_S_Hassan,kunιtrιh.mp3,https://dsal.uchicago.edu/dictionaries/hassan/audio/02185.mp3,,twenty-nine,kunιtrιh
adj.,uchicago_S_Hassan,kunιtrιhʸun.mp3,https://dsal.uchicago.edu/dictionaries/hassan/audio/02186.mp3,,twenty-ninth,kunιtrιhʸun
n.m.,uchicago_S_Hassan,kūri mōl.mp3,https://dsal.uchicago.edu/dictionaries/hassan/audio/02187.mp3,,"father of a girl, daughter’s father",kūri mōl
n.f.,uchicago_S_Hassan,kūri mə̄j.mp3,https://dsal.uchicago.edu/dictionaries/hassan/audio/02188.mp3,,"mother of a girl, daughter’s mother",kūri mə̄j
n.f.,uchicago_S_Hassan,kursī.mp3,https://dsal.uchicago.edu/dictionaries/hassan/audio/02189.mp3,,chair,kursī
n.f.,uchicago_S_Hassan,kǝṭ.mp3,https://dsal.uchicago.edu/dictionaries/hassan/audio/02190.mp3,,girl,kǝṭ
n.f.pl.,uchicago_S_Hassan,kǝci.mp3,https://dsal.uchicago.edu/dictionaries/hassan/audio/02191.mp3,,girls,kǝci
pron.,uchicago_S_Hassan,kus.mp3,https://dsal.uchicago.edu/dictionaries/hassan/audio/02192.mp3,,"which?, what or which person?, who?",kus
adj.,uchicago_S_Hassan,kušādι.mp3,https://dsal.uchicago.edu/dictionaries/hassan/audio/02193.mp3,,"wide, extensive, ample, spacious",kušādι
v.,uchicago_S_Hassan,kušāmandι karin.mp3,https://dsal.uchicago.edu/dictionaries/hassan/audio/02194.mp3,,"to flatter, praise",kušāmandι karin
n.,uchicago_S_Hassan,kǝšiš.mp3,https://dsal.uchicago.edu/dictionaries/hassan/audio/02195.mp3,,"attraction, appeal, charm, allure",kǝšiš
adv.,uchicago_S_Hassan,kūt.mp3,https://dsal.uchicago.edu/dictionaries/hassan/audio/02196.mp3,,how much,kūt
adv.,uchicago_S_Hassan,kūtah.mp3,https://dsal.uchicago.edu/dictionaries/hassan/audio/02197.mp3,,how much,kūtah
n.m.,uchicago_S_Hassan,dānι kuṭʰ.mp3,https://dsal.uchicago.edu/dictionaries/hassan/audio/02198.mp3,,kitchen,dānι kuṭʰ
n.m.,uchicago_S_Hassan,šoⁿgan kuṭʰ.mp3,https://dsal.uchicago.edu/dictionaries/hassan/audio/02199.mp3,,bed-room,šoⁿgan kuṭʰ
n.f.,uchicago_S_Hassan,kūwat.mp3,https://dsal.uchicago.edu/dictionaries/hassan/audio/02200.mp3,,energy,kūwat
adj.,uchicago_S_Hassan,kāʦιr.mp3,https://dsal.uchicago.edu/dictionaries/hassan/audio/02201.mp3,,"brown haired women, blond, light-colored, fair-haired",kāʦιr
adv.,uchicago_S_Hassan,kālι kāji.mp3,https://dsal.uchicago.edu/dictionaries/hassan/audio/02202.mp3,,"daily, each day",kālι kāji
interj.,uchicago_S_Hassan,kʸah.mp3,https://dsal.uchicago.edu/dictionaries/hassan/audio/02203.mp3,,"what?, could you repeat that?, what did you say? come again?",kʸah
adv.,uchicago_S_Hassan,kʸāzi.mp3,https://dsal.uchicago.edu/dictionaries/hassan/audio/02204.mp3,,"why, for what cause & reason",kʸāzi
n.m.,uchicago_S_Hassan,kə̄z.mp3,https://dsal.uchicago.edu/dictionaries/hassan/audio/02205.mp3,,"mediator, negotiator, speaker",kə̄z
conj.,uchicago_S_Hassan,kʸāziki.mp3,https://dsal.uchicago.edu/dictionaries/hassan/audio/02206.mp3,,"because, since, as, for the reason that",kʸāziki
n.m.,uchicago_S_Hassan,kʸul.mp3,https://dsal.uchicago.edu/dictionaries/hassan/audio/02207.mp3,,"hook, nail, dowel",kʸul
n.m.,uchicago_S_Hassan,kʸum krel.mp3,https://dsal.uchicago.edu/dictionaries/hassan/audio/02208.mp3,,insects,kʸum krel
n.m.,uchicago_S_Hassan,kʸum.mp3,https://dsal.uchicago.edu/dictionaries/hassan/audio/02209.mp3,,insect,kʸum
adj.,uchicago_S_Hassan,kāʦrēr.mp3,https://dsal.uchicago.edu/dictionaries/hassan/audio/02210.mp3,,"fairness, blond",kāʦrēr
pron.,uchicago_S_Hassan,kʸutʰ.mp3,https://dsal.uchicago.edu/dictionaries/hassan/audio/02211.mp3,,"like what?,",kʸutʰ
n.f.,uchicago_S_Hassan,kūⁿzi troⁿg.mp3,https://dsal.uchicago.edu/dictionaries/hassan/audio/02212.mp3,,key chain,kūⁿzi troⁿg
n.m.,uchicago_S_Hassan,kῑmat.mp3,https://dsal.uchicago.edu/dictionaries/hassan/audio/02213.mp3,,"cost, price, rate, price tag, asking price",kῑmat
adj.,uchicago_S_Hassan,kῑmtī.mp3,https://dsal.uchicago.edu/dictionaries/hassan/audio/02214.mp3,,"precious, costly, valuable, dear, expensive",kῑmtī
n.,uchicago_S_Hassan,kāj.mp3,https://dsal.uchicago.edu/dictionaries/hassan/audio/02215.mp3,,"buttonhole, hold up for buttons",kāj
n.m.,uchicago_S_Hassan,kιnιk.mp3,https://dsal.uchicago.edu/dictionaries/hassan/audio/02216.mp3,,wheat,kιnιk
n.m.,uchicago_S_Hassan,kιsm.mp3,https://dsal.uchicago.edu/dictionaries/hassan/audio/02217.mp3,,species,kιsm
n.m.,uchicago_S_Hassan,kιsι.mp3,https://dsal.uchicago.edu/dictionaries/hassan/audio/02218.mp3,,story,kιsι
adv.,uchicago_S_Hassan,kῑʦah.mp3,https://dsal.uchicago.edu/dictionaries/hassan/audio/02219.mp3,,how much,kῑʦah
v.,uchicago_S_Hassan,kə̄bil banāwun.mp3,https://dsal.uchicago.edu/dictionaries/hassan/audio/02220.mp3,,"enable, facilitate, make possible",kə̄bil banāwun
adj.,uchicago_S_Hassan,kə̄bili-itibār.mp3,https://dsal.uchicago.edu/dictionaries/hassan/audio/02221.mp3,,"trustworthy, reliable, responsible, honest, truthful, honorable",kə̄bili-itibār
v.,uchicago_S_Hassan,kə̄d karun.mp3,https://dsal.uchicago.edu/dictionaries/hassan/audio/02222.mp3,,"confine, imprison, jail, lock up, detain, shut in, restrict, curb",kə̄d karun
v.,uchicago_S_Hassan,kə̄d.mp3,https://dsal.uchicago.edu/dictionaries/hassan/audio/02223.mp3,,"imprison, lock up, put away, put behind bars, confine",kə̄d
n.m.,uchicago_S_Hassan,kə̄d kʰānι.mp3,https://dsal.uchicago.edu/dictionaries/hassan/audio/02224.mp3,,"jail, prison, lockup",kə̄d kʰānι
n.m.,uchicago_S_Hassan,kābι.mp3,https://dsal.uchicago.edu/dictionaries/hassan/audio/02225.mp3,,Kabbah in Mecca,kābι
n.,uchicago_S_Hassan,kə̄jis.mp3,https://dsal.uchicago.edu/dictionaries/hassan/audio/02226.mp3,,"breakfast-time, mealtime, lunchtime",kə̄jis
n.m.,uchicago_S_Hassan,kə̄līn.mp3,https://dsal.uchicago.edu/dictionaries/hassan/audio/02227.mp3,,carpet,kə̄līn
n.,uchicago_S_Hassan,kə̄lkʸetʰ.mp3,https://dsal.uchicago.edu/dictionaries/hassan/audio/02228.mp3,,day after tomorrow,kə̄lkʸetʰ
v.,uchicago_S_Hassan,kə̄m karin.mp3,https://dsal.uchicago.edu/dictionaries/hassan/audio/02229.mp3,,embroider,kə̄m karin
n.f.,uchicago_S_Hassan,kābιtə̄n.mp3,https://dsal.uchicago.edu/dictionaries/hassan/audio/02230.mp3,,"torture, persecute, cruelty",kābιtə̄n
n.f.,uchicago_S_Hassan,kə̄mikār.mp3,https://dsal.uchicago.edu/dictionaries/hassan/audio/02231.mp3,,"deed, action, act, endeavor, accomplishment",kə̄mikār
n.f.,uchicago_S_Hassan,kanzun.mp3,https://dsal.uchicago.edu/dictionaries/hassan/audio/02232.mp3,,"to singe, burn",kanzun
n.,uchicago_S_Hassan,kə̄mikārιs.mp3,https://dsal.uchicago.edu/dictionaries/hassan/audio/02233.mp3,,"trade, business, hard work, productiveness, activity",kə̄mikārιs
adj.,uchicago_S_Hassan,kə̄mil.mp3,https://dsal.uchicago.edu/dictionaries/hassan/audio/02234.mp3,,"thoughtful, profound, philosophical, weighty, insightful",kə̄mil
n.f.,uchicago_S_Hassan,kə̄n.mp3,https://dsal.uchicago.edu/dictionaries/hassan/audio/02235.mp3,,one-eyed female,kə̄n
n.f.,uchicago_S_Hassan,kə̄nī.mp3,https://dsal.uchicago.edu/dictionaries/hassan/audio/02236.mp3,,"attic, upper floor",kə̄nī
n.f.,uchicago_S_Hassan,bʸēr-kə̄ni.mp3,https://dsal.uchicago.edu/dictionaries/hassan/audio/02237.mp3,,"loft, a space under roof",bʸēr-kə̄ni
n.m.,uchicago_S_Hassan,sιrkι.mp3,https://dsal.uchicago.edu/dictionaries/hassan/audio/02238.mp3,,vinegar,sιrkι
n.m.,uchicago_S_Hassan,kə̄ⁿz.mp3,https://dsal.uchicago.edu/dictionaries/hassan/audio/02239.mp3,,whey,kə̄ⁿz
n.f.,uchicago_S_Hassan,kə̄r.mp3,https://dsal.uchicago.edu/dictionaries/hassan/audio/02240.mp3,,neck,kə̄r
adv.,uchicago_S_Hassan,kə̄teh.mp3,https://dsal.uchicago.edu/dictionaries/hassan/audio/02241.mp3,,how many,kə̄teh
n.m.,uchicago_S_Hassan,kə̄ṭʰ.mp3,https://dsal.uchicago.edu/dictionaries/hassan/audio/02242.mp3,,saddle,kə̄ṭʰ
n.m.,uchicago_S_Hassan,kə̄tib.mp3,https://dsal.uchicago.edu/dictionaries/hassan/audio/02243.mp3,,"writer, author, critic",kə̄tib
n.,uchicago_S_Hassan,kə̄ʦ.mp3,https://dsal.uchicago.edu/dictionaries/hassan/audio/02244.mp3,,"incentive, encouragement, enticement, bribe",kə̄ʦ
adv.,uchicago_S_Hassan,kə̄ʦeh pʰiri.mp3,https://dsal.uchicago.edu/dictionaries/hassan/audio/02245.mp3,,"frequently, repeatedly",kə̄ʦeh pʰiri
n.m.,uchicago_S_Hassan,lāb tulun.mp3,https://dsal.uchicago.edu/dictionaries/hassan/audio/02246.mp3,,"yield, supply, create",lāb tulun
n.m.,uchicago_S_Hassan,lāb.mp3,https://dsal.uchicago.edu/dictionaries/hassan/audio/02247.mp3,,"interest, gain, profit, share",lāb
n.f.,uchicago_S_Hassan,lab.mp3,https://dsal.uchicago.edu/dictionaries/hassan/audio/02248.mp3,,"wall, partition, barrier, fence",lab
v.,uchicago_S_Hassan,labun.mp3,https://dsal.uchicago.edu/dictionaries/hassan/audio/02249.mp3,,"find, gain, attain, obtain",labun
n.f.,uchicago_S_Hassan,kāri tʰam.mp3,https://dsal.uchicago.edu/dictionaries/hassan/audio/02250.mp3,,pain in neck,kāri tʰam
adj.,uchicago_S_Hassan,laḍāyi garin.mp3,https://dsal.uchicago.edu/dictionaries/hassan/audio/02251.mp3,,quarrelsome lady,laḍāyi garin
n.m.,uchicago_S_Hassan,labur.mp3,https://dsal.uchicago.edu/dictionaries/hassan/audio/02252.mp3,,"eminence, fame, importance",labur
adj.,uchicago_S_Hassan,lacakdār.mp3,https://dsal.uchicago.edu/dictionaries/hassan/audio/02253.mp3,,sticky,lacakdār
adj.,uchicago_S_Hassan,lācār.mp3,https://dsal.uchicago.edu/dictionaries/hassan/audio/02254.mp3,,"helpless, weak, dependent, unaided",lācār
adj.,uchicago_S_Hassan,laḍāygur.mp3,https://dsal.uchicago.edu/dictionaries/hassan/audio/02255.mp3,,"quarrelsome, cantankerous, hot-tempered",laḍāygur
v.,uchicago_S_Hassan,ladə̄y karin.mp3,https://dsal.uchicago.edu/dictionaries/hassan/audio/02256.mp3,,"to war, be fighting, be quarrelling",ladə̄y karin
v.,uchicago_S_Hassan,ladə̄y.mp3,https://dsal.uchicago.edu/dictionaries/hassan/audio/02257.mp3,,"combat, fight, struggle with, contend with, resist, warfare",ladə̄y
v.,uchicago_S_Hassan,ladə̄y mǝl henʸ.mp3,https://dsal.uchicago.edu/dictionaries/hassan/audio/02258.mp3,,"grouchy, find fault pick holes, always ready to quarrel, difference of opinion",ladə̄y mǝl henʸ
v.,uchicago_S_Hassan,lāf.mp3,https://dsal.uchicago.edu/dictionaries/hassan/audio/02259.mp3,,"bragging, bigheaded, immodest, overweening, complacent",lāf
v.,uchicago_S_Hassan,lafιz karun.mp3,https://dsal.uchicago.edu/dictionaries/hassan/audio/02260.mp3,,"give your word, promise",lafιz karun
v.,uchicago_S_Hassan,lagomut.mp3,https://dsal.uchicago.edu/dictionaries/hassan/audio/02261.mp3,,"applied, put on, rub on",lagomut
v.,uchicago_S_Hassan,lāg.mp3,https://dsal.uchicago.edu/dictionaries/hassan/audio/02262.mp3,,"apply, go in, enter, put on",lāg
v.,uchicago_S_Hassan,lagun.mp3,https://dsal.uchicago.edu/dictionaries/hassan/audio/02263.mp3,,"to attach, fix, append, stick, nail, glue, screw",lagun
v.,uchicago_S_Hassan,lāgun.mp3,https://dsal.uchicago.edu/dictionaries/hassan/audio/02264.mp3,,"to cultivate, plant, nurture, grow",lāgun
n.,uchicago_S_Hassan,lājιvard.mp3,https://dsal.uchicago.edu/dictionaries/hassan/audio/02265.mp3,,"Lapis Lazuli, pearl, semiprecious stone",lājιvard
v.,uchicago_S_Hassan,lākam cārin.mp3,https://dsal.uchicago.edu/dictionaries/hassan/audio/02266.mp3,,"to control, restrain, oppress, dictate, rule",lākam cārin
v.,uchicago_S_Hassan,lākam.mp3,https://dsal.uchicago.edu/dictionaries/hassan/audio/02267.mp3,,"bridle, curb, restrain, control, rein in,, stick, direction",lākam
n.m.,uchicago_S_Hassan,lakb.mp3,https://dsal.uchicago.edu/dictionaries/hassan/audio/02268.mp3,,"title, name, heading",lakb
n.,uchicago_S_Hassan,lakcār.mp3,https://dsal.uchicago.edu/dictionaries/hassan/audio/02269.mp3,,"youth, childhood, infancy, early life",lakcār
n.m.,uchicago_S_Hassan,lakʰcun.mp3,https://dsal.uchicago.edu/dictionaries/hassan/audio/02270.mp3,,mole (mark),lakʰcun
n.f.,uchicago_S_Hassan,lekι.mp3,https://dsal.uchicago.edu/dictionaries/hassan/audio/02271.mp3,,"indecent abuse, indecent suggestive and insulting talk",lekι
n.m.,uchicago_S_Hassan,lakuṭ csmci.mp3,https://dsal.uchicago.edu/dictionaries/hassan/audio/02272.mp3,,teaspoon,lakuṭ csmci
n.,uchicago_S_Hassan,lakuṭ idrār.mp3,https://dsal.uchicago.edu/dictionaries/hassan/audio/02273.mp3,,urine,lakuṭ idrār
v.,uchicago_S_Hassan,lāl pašpʸin.mp3,https://dsal.uchicago.edu/dictionaries/hassan/audio/02274.mp3,,"salivate, drip, spit",lāl pašpʸin
n.f.,uchicago_S_Hassan,lāl.mp3,https://dsal.uchicago.edu/dictionaries/hassan/audio/02275.mp3,,pupil,lāl
n.m.,uchicago_S_Hassan,lāl.mp3,https://dsal.uchicago.edu/dictionaries/hassan/audio/02276.mp3,,ruby,lāl
n.f.,uchicago_S_Hassan,lāl.mp3,https://dsal.uchicago.edu/dictionaries/hassan/audio/02277.mp3,,saliva,lāl
n.m.,uchicago_S_Hassan,lāla.mp3,https://dsal.uchicago.edu/dictionaries/hassan/audio/02278.mp3,,"tulip, a type of flower",lāla
adj.,uchicago_S_Hassan,lālcī.mp3,https://dsal.uchicago.edu/dictionaries/hassan/audio/02279.mp3,,"covetous, envious, jealous, greedy",lālcī
n.m.,uchicago_S_Hassan,lāltīn.mp3,https://dsal.uchicago.edu/dictionaries/hassan/audio/02280.mp3,,lantern,lāltīn
n.f.,uchicago_S_Hassan,lālιc.mp3,https://dsal.uchicago.edu/dictionaries/hassan/audio/02281.mp3,,"greed, greediness, covetousness",lālιc
n.m.,uchicago_S_Hassan,talιpot.mp3,https://dsal.uchicago.edu/dictionaries/hassan/audio/02282.mp3,,sole of foot,talιpot
v.,uchicago_S_Hassan,lamun.mp3,https://dsal.uchicago.edu/dictionaries/hassan/audio/02283.mp3,,"drag, pull, draw",lamun
n.,uchicago_S_Hassan,lānat.mp3,https://dsal.uchicago.edu/dictionaries/hassan/audio/02284.mp3,,"curse, annoyance",lānat
n.m.,uchicago_S_Hassan,laⁿg.mp3,https://dsal.uchicago.edu/dictionaries/hassan/audio/02285.mp3,,thigh,laⁿg
n.m.,uchicago_S_Hassan,langar.mp3,https://dsal.uchicago.edu/dictionaries/hassan/audio/02286.mp3,,kitchen,langar
n.f.,uchicago_S_Hassan,laⁿji.mp3,https://dsal.uchicago.edu/dictionaries/hassan/audio/02287.mp3,,"shoot, branch, limb, stem, twig",laⁿji
n.f.,uchicago_S_Hassan,lāⁿk.mp3,https://dsal.uchicago.edu/dictionaries/hassan/audio/02288.mp3,,island,lāⁿk
n.f.,uchicago_S_Hassan,laⁿʦer.mp3,https://dsal.uchicago.edu/dictionaries/hassan/audio/02289.mp3,,puffiness,laⁿʦer
n.m.,uchicago_S_Hassan,lāⁿʦʰ.mp3,https://dsal.uchicago.edu/dictionaries/hassan/audio/02290.mp3,,eunuch,lāⁿʦʰ
n.,uchicago_S_Hassan,lānιtānι.mp3,https://dsal.uchicago.edu/dictionaries/hassan/audio/02291.mp3,,"& v. abuse, insult, verbal abuse, treat badly",lānιtānι
v.,uchicago_S_Hassan,lārān.mp3,https://dsal.uchicago.edu/dictionaries/hassan/audio/02292.mp3,,"run, rush, hurry",lārān
n.f.,uchicago_S_Hassan,larιkə̄n.mp3,https://dsal.uchicago.edu/dictionaries/hassan/audio/02293.mp3,,"rib, ribcage",larιkə̄n
v.,uchicago_S_Hassan,lār.mp3,https://dsal.uchicago.edu/dictionaries/hassan/audio/02294.mp3,,force to leave,lār
n.f.,uchicago_S_Hassan,lāš.mp3,https://dsal.uchicago.edu/dictionaries/hassan/audio/02295.mp3,,"corpse, dead body, cadaver, remains, body",lāš
v.,uchicago_S_Hassan,latʰ lāyin.mp3,https://dsal.uchicago.edu/dictionaries/hassan/audio/02296.mp3,,"kick, lash out, jolt, hit",latʰ lāyin
n.m.,uchicago_S_Hassan,laṭʰ.mp3,https://dsal.uchicago.edu/dictionaries/hassan/audio/02297.mp3,,epilepsy,laṭʰ
adv.,uchicago_S_Hassan,laṭi.mp3,https://dsal.uchicago.edu/dictionaries/hassan/audio/02298.mp3,,how many times,laṭi
v.,uchicago_S_Hassan,laṭkāwun.mp3,https://dsal.uchicago.edu/dictionaries/hassan/audio/02299.mp3,,"to suspend, hang",laṭkāwun
v.,uchicago_S_Hassan,latιmonḍ karin.mp3,https://dsal.uchicago.edu/dictionaries/hassan/audio/02300.mp3,,"trample down, walk over, tread on, walk on, crush",latιmonḍ karin
n.f.,uchicago_S_Hassan,laʦʰ.mp3,https://dsal.uchicago.edu/dictionaries/hassan/audio/02301.mp3,,"dirt, filth, mud, dust",laʦʰ
n.f.,uchicago_S_Hassan,laʦʰ tulin.mp3,https://dsal.uchicago.edu/dictionaries/hassan/audio/02302.mp3,,"dusting, cleaning, brushing",laʦʰ tulin
v.,uchicago_S_Hassan,lāⁿk tārin.mp3,https://dsal.uchicago.edu/dictionaries/hassan/audio/02303.mp3,,"leap, skip",lāⁿk tārin
n.f.,uchicago_S_Hassan,laʦʰιj.mp3,https://dsal.uchicago.edu/dictionaries/hassan/audio/02304.mp3,,broom,laʦʰιj
n.m.,uchicago_S_Hassan,laʦul.mp3,https://dsal.uchicago.edu/dictionaries/hassan/audio/02305.mp3,,broom,laʦul
adj.,uchicago_S_Hassan,lāvιdār.mp3,https://dsal.uchicago.edu/dictionaries/hassan/audio/02306.mp3,,"soggy, moist, sweaty, sticky, dank",lāvιdār
n.f.,uchicago_S_Hassan,lawι.mp3,https://dsal.uchicago.edu/dictionaries/hassan/audio/02307.mp3,,"dew drop, bead of moisture, droplet",lawι
adj.,uchicago_S_Hassan,lāyelāj.mp3,https://dsal.uchicago.edu/dictionaries/hassan/audio/02308.mp3,,"incurable, not curable, fatal, deadly, untreatable",lāyelāj
v.,uchicago_S_Hassan,lāyun.mp3,https://dsal.uchicago.edu/dictionaries/hassan/audio/02309.mp3,,"beat, bang, thump, thrash, pound, hit",lāyun
v.,uchicago_S_Hassan,cōb dʸun.mp3,https://dsal.uchicago.edu/dictionaries/hassan/audio/02310.mp3,,"thrash, beat, batter, lash",cōb dʸun
n.f.,uchicago_S_Hassan,lāyi.mp3,https://dsal.uchicago.edu/dictionaries/hassan/audio/02311.mp3,,popcorn,lāyi
v.,uchicago_S_Hassan,livun.mp3,https://dsal.uchicago.edu/dictionaries/hassan/audio/02312.mp3,,"to paint, cover, coat",livun
n.m.,uchicago_S_Hassan,lɔkcār.mp3,https://dsal.uchicago.edu/dictionaries/hassan/audio/02313.mp3,,"childhood, early days, babyhood, youth, infancy",lɔkcār
adj.,uchicago_S_Hassan,lɔʦ.mp3,https://dsal.uchicago.edu/dictionaries/hassan/audio/02314.mp3,,"easy, no difficulty, light weight",lɔʦ
n.f.,uchicago_S_Hassan,lɔʦar.mp3,https://dsal.uchicago.edu/dictionaries/hassan/audio/02315.mp3,,"ease, effortlessness, no difficulty, straightforwardness",lɔʦar
n.f.,uchicago_S_Hassan,led.mp3,https://dsal.uchicago.edu/dictionaries/hassan/audio/02316.mp3,,"ordure, manure",led
adj.,uchicago_S_Hassan,ledur.mp3,https://dsal.uchicago.edu/dictionaries/hassan/audio/02317.mp3,,"wan, pale, pallid, washed-out, weak, drawn, yellow",ledur
n.f.,uchicago_S_Hassan,muh māyā.mp3,https://dsal.uchicago.edu/dictionaries/hassan/audio/02318.mp3,,delusion caused by unreality of the universe being considered as real,muh māyā
n.f.,uchicago_S_Hassan,ledιr.mp3,https://dsal.uchicago.edu/dictionaries/hassan/audio/02319.mp3,,turmeric,ledιr
n.f.,uchicago_S_Hassan,lǝhrι.mp3,https://dsal.uchicago.edu/dictionaries/hassan/audio/02320.mp3,,whirlpool,lǝhrι
n.f.,uchicago_S_Hassan,mǝhʸ ǝḍij.mp3,https://dsal.uchicago.edu/dictionaries/hassan/audio/02321.mp3,,a mosquito's bone; met. something impossible or incredible,mǝhʸ ǝḍij
n.m.,uchicago_S_Hassan,lekʰanwōl.mp3,https://dsal.uchicago.edu/dictionaries/hassan/audio/02322.mp3,,"writer, novelist, playwright, poet, journalist, author",lekʰanwōl
v.,uchicago_S_Hassan,lekʰnāwun.mp3,https://dsal.uchicago.edu/dictionaries/hassan/audio/02323.mp3,,make to write,lekʰnāwun
v.,uchicago_S_Hassan,lekʰun.mp3,https://dsal.uchicago.edu/dictionaries/hassan/audio/02324.mp3,,"write, put pen to paper",lekʰun
v.,uchicago_S_Hassan,lekι ʦārin.mp3,https://dsal.uchicago.edu/dictionaries/hassan/audio/02325.mp3,,"to insult, offend, attack the dignity, abuse",lekι ʦārin
n.f.,uchicago_S_Hassan,lǝkιr.mp3,https://dsal.uchicago.edu/dictionaries/hassan/audio/02326.mp3,,"wood, timber",lǝkιr
n.m.,uchicago_S_Hassan,lǝlʸgaⁿḍun.mp3,https://dsal.uchicago.edu/dictionaries/hassan/audio/02327.mp3,,"waistband, belt",lǝlʸgaⁿḍun
n.f.,uchicago_S_Hassan,lem.mp3,https://dsal.uchicago.edu/dictionaries/hassan/audio/02328.mp3,,"dregs, remains, sediment, residue, lees, waste",lem
n.f.,uchicago_S_Hassan,lǝⁿḍ.mp3,https://dsal.uchicago.edu/dictionaries/hassan/audio/02329.mp3,,"branch, stem, shoot, stick",lǝⁿḍ
n.f.,uchicago_S_Hassan,lǝⁿḍ.mp3,https://dsal.uchicago.edu/dictionaries/hassan/audio/02330.mp3,,lame,lǝⁿḍ
n.f.,uchicago_S_Hassan,lēpʰ.mp3,https://dsal.uchicago.edu/dictionaries/hassan/audio/02331.mp3,,"quilt, comforter, cover, coverlet",lēpʰ
n.f.,uchicago_S_Hassan,lǝr.mp3,https://dsal.uchicago.edu/dictionaries/hassan/audio/02332.mp3,,house,lǝr
n.f.,uchicago_S_Hassan,lǝṭ.mp3,https://dsal.uchicago.edu/dictionaries/hassan/audio/02333.mp3,,"tail, back",lǝṭ
v.,uchicago_S_Hassan,lǝtιr wāyin.mp3,https://dsal.uchicago.edu/dictionaries/hassan/audio/02334.mp3,,"sawing, to cut with saw",lǝtιr wāyin
n.f.,uchicago_S_Hassan,lǝtιr.mp3,https://dsal.uchicago.edu/dictionaries/hassan/audio/02335.mp3,,"saw, toothed tool for cutting of wood, etc",lǝtιr
v.,uchicago_S_Hassan,lewιnʸ.mp3,https://dsal.uchicago.edu/dictionaries/hassan/audio/02336.mp3,,lick with tongue,lewιnʸ
n.f.,uchicago_S_Hassan,licʰ.mp3,https://dsal.uchicago.edu/dictionaries/hassan/audio/02337.mp3,,lice,licʰ
v.,uchicago_S_Hassan,lihāz tʰawun.mp3,https://dsal.uchicago.edu/dictionaries/hassan/audio/02338.mp3,,"relate to, connect with, have to do with, involve, pertain to",lihāz tʰawun
n.,uchicago_S_Hassan,lihāz.mp3,https://dsal.uchicago.edu/dictionaries/hassan/audio/02339.mp3,,"regard, affection, honour, concern",lihāz
n.,uchicago_S_Hassan,bad lihāz.mp3,https://dsal.uchicago.edu/dictionaries/hassan/audio/02340.mp3,,"close the eyes to, disrespect, contempt, disdain",bad lihāz
v.,uchicago_S_Hassan,lihāzι karun.mp3,https://dsal.uchicago.edu/dictionaries/hassan/audio/02341.mp3,,"to esteem, value, appreciate, cherish, hold dear, respect",lihāzι karun
n.f.,uchicago_S_Hassan,likʰat.mp3,https://dsal.uchicago.edu/dictionaries/hassan/audio/02342.mp3,,"written deed, legal document, record, charter",likʰat
n.m.,uchicago_S_Hassan,līlām.mp3,https://dsal.uchicago.edu/dictionaries/hassan/audio/02343.mp3,,"auction, sale",līlām
n.f.,uchicago_S_Hassan,liwan.mp3,https://dsal.uchicago.edu/dictionaries/hassan/audio/02344.mp3,,spade,liwan
n.f.,uchicago_S_Hassan,liyākat.mp3,https://dsal.uchicago.edu/dictionaries/hassan/audio/02345.mp3,,"ability, capability, competence",liyākat
n.,uchicago_S_Hassan,loh.mp3,https://dsal.uchicago.edu/dictionaries/hassan/audio/02346.mp3,,fox,loh
n.f.,uchicago_S_Hassan,lokʰιr.mp3,https://dsal.uchicago.edu/dictionaries/hassan/audio/02347.mp3,,"morsel, small piece of food (rice)",lokʰιr
n.f.,uchicago_S_Hassan,lokuṭ bōtal.mp3,https://dsal.uchicago.edu/dictionaries/hassan/audio/02348.mp3,,"phial, small bottle",lokuṭ bōtal
adj.,uchicago_S_Hassan,lokuṭ.mp3,https://dsal.uchicago.edu/dictionaries/hassan/audio/02349.mp3,,"young, youthful, little, childish, small",lokuṭ
adv.,uchicago_S_Hassan,lokuṭun.mp3,https://dsal.uchicago.edu/dictionaries/hassan/audio/02350.mp3,,to be small,lokuṭun
v.,uchicago_S_Hassan,lōl āsun.mp3,https://dsal.uchicago.edu/dictionaries/hassan/audio/02351.mp3,,"yearn, want very much, hunger, crave, desire",lōl āsun
n.,uchicago_S_Hassan,lōl.mp3,https://dsal.uchicago.edu/dictionaries/hassan/audio/02352.mp3,,"devotion, dedication, loyalty, commitment, worship, adoration",lōl
v.,uchicago_S_Hassan,lōl barun.mp3,https://dsal.uchicago.edu/dictionaries/hassan/audio/02353.mp3,,"to love someone, have a weakness for, be attracted to, have a weakness for",lōl barun
n.m.,uchicago_S_Hassan,lanjer.mp3,https://dsal.uchicago.edu/dictionaries/hassan/audio/02354.mp3,,"crippled, disabled person",lanjer
n.m.,uchicago_S_Hassan,loⁿg.mp3,https://dsal.uchicago.edu/dictionaries/hassan/audio/02355.mp3,,lame,loⁿg
v.,uchicago_S_Hassan,lonun.mp3,https://dsal.uchicago.edu/dictionaries/hassan/audio/02356.mp3,,"reap, harvest, gather, collect",lonun
n.f.,uchicago_S_Hassan,lūr.mp3,https://dsal.uchicago.edu/dictionaries/hassan/audio/02357.mp3,,"staff, rod, baton",lūr
adj.,uchicago_S_Hassan,lōsmut.mp3,https://dsal.uchicago.edu/dictionaries/hassan/audio/02358.mp3,,"tired, tired out, exhausted, fatigued",lōsmut
v.,uchicago_S_Hassan,lōsun.mp3,https://dsal.uchicago.edu/dictionaries/hassan/audio/02359.mp3,,"wear out, tire out, fatigue, weary, exhaust",lōsun
v.,uchicago_S_Hassan,lot wanun.mp3,https://dsal.uchicago.edu/dictionaries/hassan/audio/02360.mp3,,"to whisper, low voice, speak softly",lot wanun
adj.,uchicago_S_Hassan,lot.mp3,https://dsal.uchicago.edu/dictionaries/hassan/audio/02361.mp3,,"easy, stress-free, at ease, light weight",lot
adj.,uchicago_S_Hassan,lot.mp3,https://dsal.uchicago.edu/dictionaries/hassan/audio/02362.mp3,,"vice, subordinate, junior, sub-",lot
adv.,uchicago_S_Hassan,lot-lot.mp3,https://dsal.uchicago.edu/dictionaries/hassan/audio/02363.mp3,,"slowly, gradually, bit by bit, little by little, at a snail's pace",lot-lot
adv.,uchicago_S_Hassan,lot-pə̄ṭʰ.mp3,https://dsal.uchicago.edu/dictionaries/hassan/audio/02364.mp3,,"calmly, peacefully, quietly, silently, gently, softly, in silence",lot-pə̄ṭʰ
v.,uchicago_S_Hassan,loʦar gaʦān.mp3,https://dsal.uchicago.edu/dictionaries/hassan/audio/02365.mp3,,"facilitate, make easy, aid",loʦar gaʦān
n.m.,uchicago_S_Hassan,lōv.mp3,https://dsal.uchicago.edu/dictionaries/hassan/audio/02366.mp3,,"sheaf, bundle, stack, pile, bunch",lōv
n.m.,uchicago_S_Hassan,lūk.mp3,https://dsal.uchicago.edu/dictionaries/hassan/audio/02367.mp3,,"people, populace, citizens",lūk
adj.,uchicago_S_Hassan,lut.mp3,https://dsal.uchicago.edu/dictionaries/hassan/audio/02368.mp3,,"fickle, picky, nitpicky, inconsistent",lut
n.m.,uchicago_S_Hassan,lūṭ.mp3,https://dsal.uchicago.edu/dictionaries/hassan/audio/02369.mp3,,robbery,lūṭ
v.,uchicago_S_Hassan,lūṭun.mp3,https://dsal.uchicago.edu/dictionaries/hassan/audio/02370.mp3,,"to rob, steal from, cheat",lūṭun
n.f.,uchicago_S_Hassan,lʸed.mp3,https://dsal.uchicago.edu/dictionaries/hassan/audio/02371.mp3,,excreta,lʸed
adj.,uchicago_S_Hassan,lʸeḍ.mp3,https://dsal.uchicago.edu/dictionaries/hassan/audio/02372.mp3,,"weak, fearful, timid",lʸeḍ
n.f.,uchicago_S_Hassan,lǝs.mp3,https://dsal.uchicago.edu/dictionaries/hassan/audio/02373.mp3,,"churned curd, lassi",lǝs
n.,uchicago_S_Hassan,lacʰ.mp3,https://dsal.uchicago.edu/dictionaries/hassan/audio/02374.mp3,,lakh,lacʰ
n.m.,uchicago_S_Hassan,lə̄r kul.mp3,https://dsal.uchicago.edu/dictionaries/hassan/audio/02375.mp3,,cucumber plant,lə̄r kul
n.m.,uchicago_S_Hassan,lə̄r.mp3,https://dsal.uchicago.edu/dictionaries/hassan/audio/02376.mp3,,cucumber,lə̄r
v.,uchicago_S_Hassan,lə̄z henʸ.mp3,https://dsal.uchicago.edu/dictionaries/hassan/audio/02377.mp3,,hemming,lə̄z henʸ
adj.,uchicago_S_Hassan,lə̄zim.mp3,https://dsal.uchicago.edu/dictionaries/hassan/audio/02378.mp3,,"right, suitable, respectable, proper, suited",lə̄zim
adv.,uchicago_S_Hassan,mā.mp3,https://dsal.uchicago.edu/dictionaries/hassan/audio/02379.mp3,,"perhaps, maybe, possibly, I don't know",mā
n.f.,uchicago_S_Hassan,mācʰ tulǝr.mp3,https://dsal.uchicago.edu/dictionaries/hassan/audio/02380.mp3,,drone,mācʰ tulǝr
n.f.,uchicago_S_Hassan,tulιr ōl.mp3,https://dsal.uchicago.edu/dictionaries/hassan/audio/02381.mp3,,bee hive,tulιr ōl
n.f.,uchicago_S_Hassan,mācʰ.mp3,https://dsal.uchicago.edu/dictionaries/hassan/audio/02382.mp3,,honey,mācʰ
n.f.,uchicago_S_Hassan,mehmāndə̄rī.mp3,https://dsal.uchicago.edu/dictionaries/hassan/audio/02383.mp3,,hospitality,mehmāndə̄rī
n.m.,uchicago_S_Hassan,mujrā.mp3,https://dsal.uchicago.edu/dictionaries/hassan/audio/02384.mp3,,"that which is carried to the account or credit (of), credit; allowance, deduction",mujrā
n.m.,uchicago_S_Hassan,mācʰgan.mp3,https://dsal.uchicago.edu/dictionaries/hassan/audio/02385.mp3,,honey-comb,mācʰgan
n.,uchicago_S_Hassan,mad.mp3,https://dsal.uchicago.edu/dictionaries/hassan/audio/02386.mp3,,intoxication,mad
v.,uchicago_S_Hassan,madad.mp3,https://dsal.uchicago.edu/dictionaries/hassan/audio/02387.mp3,,"aid, help, assist, support, serve, facilitate",madad
v.,uchicago_S_Hassan,imdad.mp3,https://dsal.uchicago.edu/dictionaries/hassan/audio/02388.mp3,,"help, assist, lend a hand, make easier",imdad
n.m.,uchicago_S_Hassan,madanwār.mp3,https://dsal.uchicago.edu/dictionaries/hassan/audio/02389.mp3,,lover,madanwār
v.,uchicago_S_Hassan,madārι karun.mp3,https://dsal.uchicago.edu/dictionaries/hassan/audio/02390.mp3,,"encourage, support, egg on, give confidence",madārι karun
adj.,uchicago_S_Hassan,madhōš.mp3,https://dsal.uchicago.edu/dictionaries/hassan/audio/02391.mp3,,"intoxicated, drunk, under the influence",madhōš
v.,uchicago_S_Hassan,maḍnāwun.mp3,https://dsal.uchicago.edu/dictionaries/hassan/audio/02392.mp3,,cause to wash down,maḍnāwun
n.m.,uchicago_S_Hassan,madrasι.mp3,https://dsal.uchicago.edu/dictionaries/hassan/audio/02393.mp3,,"school, educational institution",madrasι
v.,uchicago_S_Hassan,maḍun.mp3,https://dsal.uchicago.edu/dictionaries/hassan/audio/02394.mp3,,"sponge down, wash down, cleanse, launder, clean",maḍun
n.f.,uchicago_S_Hassan,mādι.mp3,https://dsal.uchicago.edu/dictionaries/hassan/audio/02395.mp3,,"female, feminine, womanly",mādι
n.m.,uchicago_S_Hassan,madιpān.mp3,https://dsal.uchicago.edu/dictionaries/hassan/audio/02396.mp3,,wine,madιpān
n.,uchicago_S_Hassan,māg.mp3,https://dsal.uchicago.edu/dictionaries/hassan/audio/02397.mp3,,January,māg
prep.,uchicago_S_Hassan,magar.mp3,https://dsal.uchicago.edu/dictionaries/hassan/audio/02398.mp3,,"but, however, on the contrary",magar
n.,uchicago_S_Hassan,māgar.mp3,https://dsal.uchicago.edu/dictionaries/hassan/audio/02399.mp3,,November,māgar
n.,uchicago_S_Hassan,magrib.mp3,https://dsal.uchicago.edu/dictionaries/hassan/audio/02400.mp3,,west,magrib
adj.,uchicago_S_Hassan,magrūr.mp3,https://dsal.uchicago.edu/dictionaries/hassan/audio/02401.mp3,,"proud, arrogant, swollen with pride, bigheaded",magrūr
n.m.,uchicago_S_Hassan,magz.mp3,https://dsal.uchicago.edu/dictionaries/hassan/audio/02402.mp3,,brain,magz
n.m.,uchicago_S_Hassan,mahaldār.mp3,https://dsal.uchicago.edu/dictionaries/hassan/audio/02403.mp3,,custom-officer,mahaldār
n.,uchicago_S_Hassan,mahmān.mp3,https://dsal.uchicago.edu/dictionaries/hassan/audio/02404.mp3,,guest,mahmān
n.f.,uchicago_S_Hassan,mahrʸin.mp3,https://dsal.uchicago.edu/dictionaries/hassan/audio/02405.mp3,,"bride beloved, honey, darling",mahrʸin
n.f.,uchicago_S_Hassan,mahrāz.mp3,https://dsal.uchicago.edu/dictionaries/hassan/audio/02406.mp3,,groom,mahrāz
n.f.,uchicago_S_Hassan,mahrə̄nʸ.mp3,https://dsal.uchicago.edu/dictionaries/hassan/audio/02407.mp3,,queen,mahrə̄nʸ
n.,uchicago_S_Hassan,mahsul.mp3,https://dsal.uchicago.edu/dictionaries/hassan/audio/02408.mp3,,"revenue, returns, takings",mahsul
n.m.,uchicago_S_Hassan,mahtāb.mp3,https://dsal.uchicago.edu/dictionaries/hassan/audio/02409.mp3,,moon,mahtāb
v.,uchicago_S_Hassan,majbūr.mp3,https://dsal.uchicago.edu/dictionaries/hassan/audio/02410.mp3,,"compel, force, induce",majbūr
n.f.,uchicago_S_Hassan,majlis.mp3,https://dsal.uchicago.edu/dictionaries/hassan/audio/02411.mp3,,"council, board, assembly, meeting, convention, association",majlis
n.f.,uchicago_S_Hassan,majmι.mp3,https://dsal.uchicago.edu/dictionaries/hassan/audio/02412.mp3,,"tray, serving dish, plate",majmι
n.m.,uchicago_S_Hassan,makār.mp3,https://dsal.uchicago.edu/dictionaries/hassan/audio/02413.mp3,,"imposter, fraud, cheat",makār
n.f.,uchicago_S_Hassan,makāywǝṭ.mp3,https://dsal.uchicago.edu/dictionaries/hassan/audio/02414.mp3,,corn cob,makāywǝṭ
n.f.,uchicago_S_Hassan,makǝy.mp3,https://dsal.uchicago.edu/dictionaries/hassan/audio/02415.mp3,,corn,makǝy
n.,uchicago_S_Hassan,makʰluk.mp3,https://dsal.uchicago.edu/dictionaries/hassan/audio/02416.mp3,,"creature, being",makʰluk
n.m.,uchicago_S_Hassan,makʰmal.mp3,https://dsal.uchicago.edu/dictionaries/hassan/audio/02417.mp3,,velvet,makʰmal
v.,uchicago_S_Hassan,makʰōlι.mp3,https://dsal.uchicago.edu/dictionaries/hassan/audio/02418.mp3,,"jest, joke, prank, gag, quip",makʰōlι
n.,uchicago_S_Hassan,maksad.mp3,https://dsal.uchicago.edu/dictionaries/hassan/audio/02419.mp3,,"outside influence, fate, chance, future, fate, destiny",maksad
n.m.,uchicago_S_Hassan,mal.mp3,https://dsal.uchicago.edu/dictionaries/hassan/audio/02420.mp3,,"dirt, filth, dust, muck, stain, stool (evacuation)",mal
adj.,uchicago_S_Hassan,malιhot.mp3,https://dsal.uchicago.edu/dictionaries/hassan/audio/02421.mp3,,"dirty, grubby, grimy, unclean",malιhot
n.f.,uchicago_S_Hassan,māl.mp3,https://dsal.uchicago.edu/dictionaries/hassan/audio/02422.mp3,,necklace,māl
adj.,uchicago_S_Hassan,malιkǝʦ.mp3,https://dsal.uchicago.edu/dictionaries/hassan/audio/02423.mp3,,"dirty, grubby, grimy, unclean",malιkǝʦ
n.m.,uchicago_S_Hassan,malak.mp3,https://dsal.uchicago.edu/dictionaries/hassan/audio/02424.mp3,,"angel, cupid",malak
adj.,uchicago_S_Hassan,mālāmāl.mp3,https://dsal.uchicago.edu/dictionaries/hassan/audio/02425.mp3,,"at full capacity, teeming, heaving",mālāmāl
v.,uchicago_S_Hassan,malāmat karin.mp3,https://dsal.uchicago.edu/dictionaries/hassan/audio/02426.mp3,,"rebuke, tell off",malāmat karin
n.f.,uchicago_S_Hassan,malāy.mp3,https://dsal.uchicago.edu/dictionaries/hassan/audio/02427.mp3,,cream,malāy
adj.,uchicago_S_Hassan,maldār.mp3,https://dsal.uchicago.edu/dictionaries/hassan/audio/02428.mp3,,"dirty, unclean, filthy, grimy, polluted, sullied",maldār
n.m.,uchicago_S_Hassan,guzār.mp3,https://dsal.uchicago.edu/dictionaries/hassan/audio/02429.mp3,,"burial place, last resting place, post, station",guzār
n.m.,uchicago_S_Hassan,mallι kʰōš.mp3,https://dsal.uchicago.edu/dictionaries/hassan/audio/02430.mp3,,one who digs the grave,mallι kʰōš
n.f.,uchicago_S_Hassan,mallǝr.mp3,https://dsal.uchicago.edu/dictionaries/hassan/audio/02431.mp3,,pitcher,mallǝr
v.,uchicago_S_Hassan,malūl karun.mp3,https://dsal.uchicago.edu/dictionaries/hassan/audio/02432.mp3,,"to offend, insult, hurt somebody's feelings, be rude to",malūl karun
adj.,uchicago_S_Hassan,malιborut.mp3,https://dsal.uchicago.edu/dictionaries/hassan/audio/02433.mp3,,"foul, unclean, stinking",malιborut
n.m.,uchicago_S_Hassan,mām.mp3,https://dsal.uchicago.edu/dictionaries/hassan/audio/02434.mp3,,"maternal uncle, mother’s brother",mām
n.f.,uchicago_S_Hassan,māmanʸ.mp3,https://dsal.uchicago.edu/dictionaries/hassan/audio/02435.mp3,,"maternal uncle’s wife, aunt",māmanʸ
n.m.,uchicago_S_Hassan,māmtur bōy.mp3,https://dsal.uchicago.edu/dictionaries/hassan/audio/02436.mp3,,maternal cousin-brother,māmtur bōy
n.f.,uchicago_S_Hassan,māmtur beni.mp3,https://dsal.uchicago.edu/dictionaries/hassan/audio/02437.mp3,,maternal cousin-sister,māmtur beni
v.,uchicago_S_Hassan,mān mān karinʸ.mp3,https://dsal.uchicago.edu/dictionaries/hassan/audio/02438.mp3,,"to compete, race, contest, enter",mān mān karinʸ
v.,uchicago_S_Hassan,mān.mp3,https://dsal.uchicago.edu/dictionaries/hassan/audio/02439.mp3,,"race, compete, contest, oppose",mān
v.,uchicago_S_Hassan,manah karun.mp3,https://dsal.uchicago.edu/dictionaries/hassan/audio/02440.mp3,,"forbid, prohibit, ban, outlaw, prevent",manah karun
n.,uchicago_S_Hassan,manar.mp3,https://dsal.uchicago.edu/dictionaries/hassan/audio/02441.mp3,,lapidary,manar
n.m.,uchicago_S_Hassan,mandar.mp3,https://dsal.uchicago.edu/dictionaries/hassan/audio/02442.mp3,,"temple, place of worship in Hindus",mandar
adj.,uchicago_S_Hassan,maⁿdcʰōmut.mp3,https://dsal.uchicago.edu/dictionaries/hassan/audio/02443.mp3,,"disgraced, embarrassed, dishonored, mortified, shamed",maⁿdcʰōmut
v.,uchicago_S_Hassan,mandcʰun.mp3,https://dsal.uchicago.edu/dictionaries/hassan/audio/02444.mp3,,"shy, bashful, reserved, quiet",mandcʰun
n.f.,uchicago_S_Hassan,maⁿdǝcʰ.mp3,https://dsal.uchicago.edu/dictionaries/hassan/audio/02445.mp3,,"shame, disgrace, embarrassment, dishonor, humiliation, ignominy",maⁿdǝcʰ
n.f.,uchicago_S_Hassan,maⁿdǝj.mp3,https://dsal.uchicago.edu/dictionaries/hassan/audio/02446.mp3,,buttock,maⁿdǝj
n.m.,uchicago_S_Hassan,maⁿdul.mp3,https://dsal.uchicago.edu/dictionaries/hassan/audio/02447.mp3,,buttock,maⁿdul
n.m.,uchicago_S_Hassan,mandji bə̄v.mp3,https://dsal.uchicago.edu/dictionaries/hassan/audio/02448.mp3,,"hip, thigh",mandji bə̄v
v.,uchicago_S_Hassan,māⁿḍun.mp3,https://dsal.uchicago.edu/dictionaries/hassan/audio/02449.mp3,,"to knead, press",māⁿḍun
v.,uchicago_S_Hassan,mandιcʰāwun.mp3,https://dsal.uchicago.edu/dictionaries/hassan/audio/02450.mp3,,"insult, abuse, attack the dignity, cause somebody to lose face",mandιcʰāwun
adj.,uchicago_S_Hassan,darmandι.mp3,https://dsal.uchicago.edu/dictionaries/hassan/audio/02451.mp3,,"helpless, weak, unaided dependent",darmandι
n.,uchicago_S_Hassan,māne.mp3,https://dsal.uchicago.edu/dictionaries/hassan/audio/02452.mp3,,meaning,māne
n.,uchicago_S_Hassan,maⁿganwol.mp3,https://dsal.uchicago.edu/dictionaries/hassan/audio/02453.mp3,,"follower, adherent, admirer, devotee",maⁿganwol
v.,uchicago_S_Hassan,maⁿgnāwun.mp3,https://dsal.uchicago.edu/dictionaries/hassan/audio/02454.mp3,,"demand, request, ask for",maⁿgnāwun
v.,uchicago_S_Hassan,mangtι.mp3,https://dsal.uchicago.edu/dictionaries/hassan/audio/02455.mp3,,"adopt, take on, accept, espouse",mangtι
v.,uchicago_S_Hassan,maⁿgun.mp3,https://dsal.uchicago.edu/dictionaries/hassan/audio/02456.mp3,,"demand, require, ask, inquire, want, call for, request, plead, beseech",maⁿgun
n.f.,uchicago_S_Hassan,mītʰ.mp3,https://dsal.uchicago.edu/dictionaries/hassan/audio/02457.mp3,,methi -green vegetable,mītʰ
n.m.,uchicago_S_Hassan,mētʰι māz.mp3,https://dsal.uchicago.edu/dictionaries/hassan/audio/02458.mp3,,name of a dish in Kashmiri cuisine,mētʰι māz
v.,uchicago_S_Hassan,māⁿjun.mp3,https://dsal.uchicago.edu/dictionaries/hassan/audio/02459.mp3,,"polish, rub, sparkle, shine",māⁿjun
adj.,uchicago_S_Hassan,mansab.mp3,https://dsal.uchicago.edu/dictionaries/hassan/audio/02460.mp3,,"rank, level, grade, position",mansab
n.,uchicago_S_Hassan,manši.mp3,https://dsal.uchicago.edu/dictionaries/hassan/audio/02461.mp3,,"purport, purpose, significance, intention, meaning, implication",manši
v.,uchicago_S_Hassan,mansūkʰ karun.mp3,https://dsal.uchicago.edu/dictionaries/hassan/audio/02462.mp3,,"abolish, get rid of, stop, close down, eliminate, put an end",mansūkʰ karun
n.f.,uchicago_S_Hassan,mǝcʰ.mp3,https://dsal.uchicago.edu/dictionaries/hassan/audio/02463.mp3,,fly,mǝcʰ
n.m.,uchicago_S_Hassan,meyonḍ.mp3,https://dsal.uchicago.edu/dictionaries/hassan/audio/02464.mp3,,"mouthful, swig",meyonḍ
v.,uchicago_S_Hassan,mānun.mp3,https://dsal.uchicago.edu/dictionaries/hassan/audio/02465.mp3,,"accept, believe, agree to, admit, consent, allow, recognize",mānun
n.m.,uchicago_S_Hassan,mānanwōl.mp3,https://dsal.uchicago.edu/dictionaries/hassan/audio/02466.mp3,,"one who acknowledge, admit, recognize, accept, grant",mānanwōl
adj.,uchicago_S_Hassan,mahʸwāl.mp3,https://dsal.uchicago.edu/dictionaries/hassan/audio/02467.mp3,,"thin, slim, skeletal",mahʸwāl
n.,uchicago_S_Hassan,mānun zānun.mp3,https://dsal.uchicago.edu/dictionaries/hassan/audio/02468.mp3,,"recognize, know acknowledge",mānun zānun
n.m.,uchicago_S_Hassan,mas loṭ.mp3,https://dsal.uchicago.edu/dictionaries/hassan/audio/02469.mp3,,"plait, ponytail, tress",mas loṭ
n.,uchicago_S_Hassan,maⁿg.mp3,https://dsal.uchicago.edu/dictionaries/hassan/audio/02470.mp3,,"demands, anxiety, apprehension",maⁿg
n.,uchicago_S_Hassan,mān mān.mp3,https://dsal.uchicago.edu/dictionaries/hassan/audio/02471.mp3,,"competition, contest, race, challenge",mān mān
n.,uchicago_S_Hassan,mas.mp3,https://dsal.uchicago.edu/dictionaries/hassan/audio/02472.mp3,,hair,mas
adj.,uchicago_S_Hassan,mas nendri.mp3,https://dsal.uchicago.edu/dictionaries/hassan/audio/02473.mp3,,"sound asleep, fast asleep",mas nendri
prep.,uchicago_S_Hassan,manz.mp3,https://dsal.uchicago.edu/dictionaries/hassan/audio/02474.mp3,,"among, in the midst of, surrounded, between",manz
prep.,uchicago_S_Hassan,manzn kani.mp3,https://dsal.uchicago.edu/dictionaries/hassan/audio/02475.mp3,,in the midst of,manzn kani
prep.,uchicago_S_Hassan,manzǝs.mp3,https://dsal.uchicago.edu/dictionaries/hassan/audio/02476.mp3,,"amongst, in the middle",manzǝs
v.,uchicago_S_Hassan,manzil ʦaṭun.mp3,https://dsal.uchicago.edu/dictionaries/hassan/audio/02477.mp3,,"to travel, journey, take a trip, move",manzil ʦaṭun
n.f.,uchicago_S_Hassan,manzil.mp3,https://dsal.uchicago.edu/dictionaries/hassan/audio/02478.mp3,,"destiny, future, fortune, fate, luck, divine intervention",manzil
v.,uchicago_S_Hassan,manzūr karun.mp3,https://dsal.uchicago.edu/dictionaries/hassan/audio/02479.mp3,,"ratify, approve, endorse",manzūr karun
n.f.,uchicago_S_Hassan,manə̄r.mp3,https://dsal.uchicago.edu/dictionaries/hassan/audio/02480.mp3,,"decoration, ornaments",manə̄r
n.m.,uchicago_S_Hassan,mār.mp3,https://dsal.uchicago.edu/dictionaries/hassan/audio/02481.mp3,,"beating, thrashing, pounding, manslaughter , killing , unlawful death",mār
n.,uchicago_S_Hassan,mə̄r.mp3,https://dsal.uchicago.edu/dictionaries/hassan/audio/02482.mp3,,"ditch, drain, furrow",mə̄r
n.m.,uchicago_S_Hassan,maramat karanwōl.mp3,https://dsal.uchicago.edu/dictionaries/hassan/audio/02483.mp3,,repairer,maramat karanwōl
v.,uchicago_S_Hassan,maramat karin.mp3,https://dsal.uchicago.edu/dictionaries/hassan/audio/02484.mp3,,"repair, renovate, put back together, revamp, mend, darn",maramat karin
n.,uchicago_S_Hassan,māranwōl.mp3,https://dsal.uchicago.edu/dictionaries/hassan/audio/02485.mp3,,"killer, deadly, murderer, cause of death, predator",māranwōl
adj.,uchicago_S_Hassan,mardānι.mp3,https://dsal.uchicago.edu/dictionaries/hassan/audio/02486.mp3,,"manly, mannish",mardānι
n.m.,uchicago_S_Hassan,marguzār.mp3,https://dsal.uchicago.edu/dictionaries/hassan/audio/02487.mp3,,"graveyard, cemetery, burial ground, memorial park",marguzār
n.f.,uchicago_S_Hassan,marmat.mp3,https://dsal.uchicago.edu/dictionaries/hassan/audio/02488.mp3,,"repair, restoration, patch-up, mending, renovation, darning",marmat
n.f.,uchicago_S_Hassan,marsī.mp3,https://dsal.uchicago.edu/dictionaries/hassan/audio/02489.mp3,,"elegy, funeral song",marsī
n.m.,uchicago_S_Hassan,martabι.mp3,https://dsal.uchicago.edu/dictionaries/hassan/audio/02490.mp3,,"rank, status, class",martabι
n.m.,uchicago_S_Hassan,māruk.mp3,https://dsal.uchicago.edu/dictionaries/hassan/audio/02491.mp3,,lasso,māruk
v.,uchicago_S_Hassan,mārun.mp3,https://dsal.uchicago.edu/dictionaries/hassan/audio/02492.mp3,,"beat, hit, bang, thrash, pound, throb, kill",mārun
v.,uchicago_S_Hassan,marun.mp3,https://dsal.uchicago.edu/dictionaries/hassan/audio/02493.mp3,,"die, expire, pass on breathe, your last breath, kick the bucket",marun
v.,uchicago_S_Hassan,mārnāwun.mp3,https://dsal.uchicago.edu/dictionaries/hassan/audio/02494.mp3,,"cause to kill, throb, bang",mārnāwun
n.m.,uchicago_S_Hassan,marz.mp3,https://dsal.uchicago.edu/dictionaries/hassan/audio/02495.mp3,,"disease, illness, sickness, ailment, disorder, complaint",marz
n.m.,uchicago_S_Hassan,marιʦ.mp3,https://dsal.uchicago.edu/dictionaries/hassan/audio/02496.mp3,,pepper,marιʦ
n.f.,uchicago_S_Hassan,mās.mp3,https://dsal.uchicago.edu/dictionaries/hassan/audio/02497.mp3,,maternal aunt,mās
n.f.,uchicago_S_Hassan,māstιr beni.mp3,https://dsal.uchicago.edu/dictionaries/hassan/audio/02498.mp3,,"maternal aunt’s daughter, maternal sister, mother’s sister’s daughter",māstιr beni
n.f.,uchicago_S_Hassan,mašel.mp3,https://dsal.uchicago.edu/dictionaries/hassan/audio/02499.mp3,,lantern,mašel
v.,uchicago_S_Hassan,mašgūl karun.mp3,https://dsal.uchicago.edu/dictionaries/hassan/audio/02500.mp3,,to employee,mašgūl karun
adj.,uchicago_S_Hassan,mašgūl.mp3,https://dsal.uchicago.edu/dictionaries/hassan/audio/02501.mp3,,"occupied, busy, engaged, in a meeting",mašgūl
n.m.,uchicago_S_Hassan,mašīd.mp3,https://dsal.uchicago.edu/dictionaries/hassan/audio/02502.mp3,,"place of worship in Muslim, Mosque, holy place",mašīd
n.f.,uchicago_S_Hassan,masjid.mp3,https://dsal.uchicago.edu/dictionaries/hassan/audio/02503.mp3,,mosque,masjid
n.m.,uchicago_S_Hassan,maskʰar.mp3,https://dsal.uchicago.edu/dictionaries/hassan/audio/02504.mp3,,"joker, clown, comedian",maskʰar
n.f.,uchicago_S_Hassan,maskʰri.mp3,https://dsal.uchicago.edu/dictionaries/hassan/audio/02505.mp3,,"farce, mockery, circus",maskʰri
n.m.,uchicago_S_Hassan,mas-kʰə̄l.mp3,https://dsal.uchicago.edu/dictionaries/hassan/audio/02506.mp3,,mushroom,mas-kʰə̄l
n.f.,uchicago_S_Hassan,maškt.mp3,https://dsal.uchicago.edu/dictionaries/hassan/audio/02507.mp3,,"labour, work, manual labor, employment",maškt
n.,uchicago_S_Hassan,māšok.mp3,https://dsal.uchicago.edu/dictionaries/hassan/audio/02508.mp3,,"darling, love, beloved, dearest",māšok
n.m.,uchicago_S_Hassan,mašraf.mp3,https://dsal.uchicago.edu/dictionaries/hassan/audio/02509.mp3,,"mistake, error",mašraf
n.,uchicago_S_Hassan,mǝšrun.mp3,https://dsal.uchicago.edu/dictionaries/hassan/audio/02510.mp3,,"absentmindedness, lack of memory, poor memory",mǝšrun
n.,uchicago_S_Hassan,mašrik.mp3,https://dsal.uchicago.edu/dictionaries/hassan/audio/02511.mp3,,east,mašrik
adj.,uchicago_S_Hassan,mast.mp3,https://dsal.uchicago.edu/dictionaries/hassan/audio/02512.mp3,,"drunk, intoxicated",mast
n.m.,uchicago_S_Hassan,mas-tʰιmb.mp3,https://dsal.uchicago.edu/dictionaries/hassan/audio/02513.mp3,,long and thick hair,mas-tʰιmb
n.m.,uchicago_S_Hassan,mas wāl.mp3,https://dsal.uchicago.edu/dictionaries/hassan/audio/02514.mp3,,single hair,mas wāl
n.,uchicago_S_Hassan,masti.mp3,https://dsal.uchicago.edu/dictionaries/hassan/audio/02515.mp3,,intoxication,masti
n.m.,uchicago_S_Hassan,māstur bōy.mp3,https://dsal.uchicago.edu/dictionaries/hassan/audio/02516.mp3,,maternal cousin-brother,māstur bōy
n.m.,uchicago_S_Hassan,māmtur.mp3,https://dsal.uchicago.edu/dictionaries/hassan/audio/02517.mp3,,maternal uncle’s relation,māmtur
v.,uchicago_S_Hassan,mašun.mp3,https://dsal.uchicago.edu/dictionaries/hassan/audio/02518.mp3,,"forget, stop thinking about, overlook, fail to remember",mašun
adj.,uchicago_S_Hassan,mašūr.mp3,https://dsal.uchicago.edu/dictionaries/hassan/audio/02519.mp3,,"renowned, famous, well-known, celebrated, prominent, popular",mašūr
n.m.,uchicago_S_Hassan,māsuv.mp3,https://dsal.uchicago.edu/dictionaries/hassan/audio/02520.mp3,,maternal aunt’s husband,māsuv
v.,uchicago_S_Hassan,mašvarī karun.mp3,https://dsal.uchicago.edu/dictionaries/hassan/audio/02521.mp3,,"consult, ask, check with, discuss with, confer with, talk to, seek advice from, see",mašvarī karun
n.,uchicago_S_Hassan,mašwarι.mp3,https://dsal.uchicago.edu/dictionaries/hassan/audio/02522.mp3,,"idea, thought",mašwarι
n.m.,uchicago_S_Hassan,miš.mp3,https://dsal.uchicago.edu/dictionaries/hassan/audio/02523.mp3,,"rag nail, prick of very minute particle into the skin",miš
n.,uchicago_S_Hassan,mašwǝrι diyun.mp3,https://dsal.uchicago.edu/dictionaries/hassan/audio/02524.mp3,,"to advice directions, counsel, suggestion",mašwǝrι diyun
v.,uchicago_S_Hassan,mašīd gaʦʰun.mp3,https://dsal.uchicago.edu/dictionaries/hassan/audio/02525.mp3,,"forget, not remember, not recall, fail to remember",mašīd gaʦʰun
n.f.,uchicago_S_Hassan,mǝʦilʸ.mp3,https://dsal.uchicago.edu/dictionaries/hassan/audio/02526.mp3,,"folly, madness, idiocy, silliness",mǝʦilʸ
n.f.,uchicago_S_Hassan,mašə̄d al.mp3,https://dsal.uchicago.edu/dictionaries/hassan/audio/02527.mp3,,pumkin,mašə̄d al
n.m.,uchicago_S_Hassan,mātam.mp3,https://dsal.uchicago.edu/dictionaries/hassan/audio/02528.mp3,,"lamentation, weeping, expression of grief, howling",mātam
v.,uchicago_S_Hassan,matʰun.mp3,https://dsal.uchicago.edu/dictionaries/hassan/audio/02529.mp3,,"anoint to, rub, massage, smear",matʰun
v.,uchicago_S_Hassan,matʰ.mp3,https://dsal.uchicago.edu/dictionaries/hassan/audio/02530.mp3,,"rub, massage, polish, pat",matʰ
n.m.,uchicago_S_Hassan,matlab.mp3,https://dsal.uchicago.edu/dictionaries/hassan/audio/02531.mp3,,"purport, intention, aim, plan, purpose",matlab
adj.,uchicago_S_Hassan,mēⁿṭʰun.mp3,https://dsal.uchicago.edu/dictionaries/hassan/audio/02532.mp3,,"to be sweeten, adorable, kind, thoughtful, charming, sugary",mēⁿṭʰun
v.,uchicago_S_Hassan,mͻṭun.mp3,https://dsal.uchicago.edu/dictionaries/hassan/audio/02533.mp3,,"fatten up, get fatter, fill out, put on weight",mͻṭun
v.,uchicago_S_Hassan,maʦʰ dagin.mp3,https://dsal.uchicago.edu/dictionaries/hassan/audio/02534.mp3,,mince meat with hands like by using mortar and pestle,maʦʰ dagin
n.f.,uchicago_S_Hassan,maʦʰ.mp3,https://dsal.uchicago.edu/dictionaries/hassan/audio/02535.mp3,,mincemeat,maʦʰ
n.m.,uchicago_S_Hassan,māv.mp3,https://dsal.uchicago.edu/dictionaries/hassan/audio/02536.mp3,,cutting of plant,māv
n.m.,uchicago_S_Hassan,māwul.mp3,https://dsal.uchicago.edu/dictionaries/hassan/audio/02537.mp3,,"fringe, border, periphery, margin",māwul
adj.,uchicago_S_Hassan,māwuldār.mp3,https://dsal.uchicago.edu/dictionaries/hassan/audio/02538.mp3,,"fringed, bordered, margined",māwuldār
v.,uchicago_S_Hassan,māwzι.mp3,https://dsal.uchicago.edu/dictionaries/hassan/audio/02539.mp3,,"compensate, pay off, pay compensation, pay costs, give back, balance, counterweigh",māwzι
n.m.,uchicago_S_Hassan,māyi.mp3,https://dsal.uchicago.edu/dictionaries/hassan/audio/02540.mp3,,glue,māyi
n.m.,uchicago_S_Hassan,māyih.mp3,https://dsal.uchicago.edu/dictionaries/hassan/audio/02541.mp3,,"wealth, treasure, capital, riches, prosperity, affluence",māyih
n.,uchicago_S_Hassan,māz.mp3,https://dsal.uchicago.edu/dictionaries/hassan/audio/02542.mp3,,"meat, red-meat",māz
n.m.,uchicago_S_Hassan,mazār.mp3,https://dsal.uchicago.edu/dictionaries/hassan/audio/02543.mp3,,"cemetery, graveyard, burial ground, memorial park",mazār
adj.,uchicago_S_Hassan,mazbūt.mp3,https://dsal.uchicago.edu/dictionaries/hassan/audio/02544.mp3,,"strong, solid, tough",mazbūt
prep.,uchicago_S_Hassan,mazbāg.mp3,https://dsal.uchicago.edu/dictionaries/hassan/audio/02545.mp3,,in the middle,mazbāg
n.m.,uchicago_S_Hassan,mazhab.mp3,https://dsal.uchicago.edu/dictionaries/hassan/audio/02546.mp3,,"religion, faith, belief, religious conviction",mazhab
n.m.,uchicago_S_Hassan,mazūr.mp3,https://dsal.uchicago.edu/dictionaries/hassan/audio/02547.mp3,,"labourer, manual worker, drudge",mazūr
n.f.,uchicago_S_Hassan,mazkʰūr.mp3,https://dsal.uchicago.edu/dictionaries/hassan/audio/02548.mp3,,"food lover, foodie",mazkʰūr
n.f.,uchicago_S_Hassan,mazūrʸ.mp3,https://dsal.uchicago.edu/dictionaries/hassan/audio/02549.mp3,,"wage, salary, pay, earnings, take-home pay",mazūrʸ
v.,uchicago_S_Hassan,mazι wucʰun.mp3,https://dsal.uchicago.edu/dictionaries/hassan/audio/02550.mp3,,"to taste, go through, undergo, savor, experience",mazι wucʰun
n.,uchicago_S_Hassan,mazι.mp3,https://dsal.uchicago.edu/dictionaries/hassan/audio/02551.mp3,,"taste, flavor, tang",mazι
n.f.,uchicago_S_Hassan,mə̄ⁿz.mp3,https://dsal.uchicago.edu/dictionaries/hassan/audio/02552.mp3,,"Hinna, Lawsonia inermis",mə̄ⁿz
adj.,uchicago_S_Hassan,mazιdār.mp3,https://dsal.uchicago.edu/dictionaries/hassan/audio/02553.mp3,,"tasty, delicious, flavorsome, appetizing, yummy",mazιdār
n.m.,uchicago_S_Hassan,mɔkdamι.mp3,https://dsal.uchicago.edu/dictionaries/hassan/audio/02554.mp3,,head-man,mɔkdamι
n.m.,uchicago_S_Hassan,mɔkjʸār diyun.mp3,https://dsal.uchicago.edu/dictionaries/hassan/audio/02555.mp3,,"divorce, separation, break up",mɔkjʸār diyun
n.f.,uchicago_S_Hassan,mɔⁿḍ.mp3,https://dsal.uchicago.edu/dictionaries/hassan/audio/02556.mp3,,widow,mɔⁿḍ
adj.,uchicago_S_Hassan,mɔrdār.mp3,https://dsal.uchicago.edu/dictionaries/hassan/audio/02557.mp3,,"dirty, unclean, grubby, dishonest, unfair, crooked, immoral",mɔrdār
n.m.,uchicago_S_Hassan,mɔrdι.mp3,https://dsal.uchicago.edu/dictionaries/hassan/audio/02558.mp3,,"corpse, dead body, body",mɔrdι
n.,uchicago_S_Hassan,margιwān.mp3,https://dsal.uchicago.edu/dictionaries/hassan/audio/02559.mp3,,family of deceased or dead body performing obituary,margιwān
n.f.,uchicago_S_Hassan,mɔṭʰ.mp3,https://dsal.uchicago.edu/dictionaries/hassan/audio/02560.mp3,,"fist, handfu",mɔṭʰ
n.f.,uchicago_S_Hassan,musur.mp3,https://dsal.uchicago.edu/dictionaries/hassan/audio/02561.mp3,,lenticels,musur
n.m.pl.,uchicago_S_Hassan,macʰι.mp3,https://dsal.uchicago.edu/dictionaries/hassan/audio/02562.mp3,,fly (insect),macʰι
v.,uchicago_S_Hassan,mǝḍmut.mp3,https://dsal.uchicago.edu/dictionaries/hassan/audio/02563.mp3,,washed down,mǝḍmut
n.,uchicago_S_Hassan,mǝdrēr.mp3,https://dsal.uchicago.edu/dictionaries/hassan/audio/02564.mp3,,"& adj. sweetness, sugar",mǝdrēr
n.m.,uchicago_S_Hassan,mǝhal.mp3,https://dsal.uchicago.edu/dictionaries/hassan/audio/02565.mp3,,"palace, fortress",mǝhal
adj.,uchicago_S_Hassan,mehantī.mp3,https://dsal.uchicago.edu/dictionaries/hassan/audio/02566.mp3,,"diligent, hard-working, meticulous, attentive, careful, painstaking",mehantī
n.,uchicago_S_Hassan,miyōn.mp3,https://dsal.uchicago.edu/dictionaries/hassan/audio/02567.mp3,,mine(pron),miyōn
adj.,uchicago_S_Hassan,mehnatkaš.mp3,https://dsal.uchicago.edu/dictionaries/hassan/audio/02568.mp3,,"industrious, hard-working, busy, diligent, active",mehnatkaš
n.m.,uchicago_S_Hassan,meharbān.mp3,https://dsal.uchicago.edu/dictionaries/hassan/audio/02569.mp3,,"kind, sympathetic, nice, gentle",meharbān
n.,uchicago_S_Hassan,meharbə̄ni.mp3,https://dsal.uchicago.edu/dictionaries/hassan/audio/02570.mp3,,"favour, kindness, sympathy, kindheartedness, thoughtfulness",meharbə̄ni
n.m.,uchicago_S_Hassan,mehrι.mp3,https://dsal.uchicago.edu/dictionaries/hassan/audio/02571.mp3,,"a marriage portion settled upon the wife before marriage, jointure",mehrι
n.f.,uchicago_S_Hassan,mehnat.mp3,https://dsal.uchicago.edu/dictionaries/hassan/audio/02572.mp3,,"toil, labor, work, sweat",mehnat
n.m.,uchicago_S_Hassan,mehrāb.mp3,https://dsal.uchicago.edu/dictionaries/hassan/audio/02573.mp3,,"porch, arch, overhang",mehrāb
n.f.,uchicago_S_Hassan,mə̄j.mp3,https://dsal.uchicago.edu/dictionaries/hassan/audio/02574.mp3,,mother,mə̄j
n.m.,uchicago_S_Hassan,mekdār.mp3,https://dsal.uchicago.edu/dictionaries/hassan/audio/02575.mp3,,"quantity, amount, measure, size",mekdār
n.f.,uchicago_S_Hassan,mēkʰ.mp3,https://dsal.uchicago.edu/dictionaries/hassan/audio/02576.mp3,,"peg, nail, hook",mēkʰ
n.f.,uchicago_S_Hassan,malι.mp3,https://dsal.uchicago.edu/dictionaries/hassan/audio/02577.mp3,,"tent peg, hook",malι
n.f.,uchicago_S_Hassan,mǝkrāz.mp3,https://dsal.uchicago.edu/dictionaries/hassan/audio/02578.mp3,,scissors,mǝkrāz
n.f.,uchicago_S_Hassan,mǝkιʦ.mp3,https://dsal.uchicago.edu/dictionaries/hassan/audio/02579.mp3,,axe,mǝkιʦ
v.,uchicago_S_Hassan,mēlun.mp3,https://dsal.uchicago.edu/dictionaries/hassan/audio/02580.mp3,,"associate, connect, relate, link, unite, join together",mēlun
v.,uchicago_S_Hassan,milun.mp3,https://dsal.uchicago.edu/dictionaries/hassan/audio/02581.mp3,,"be given, receive, take delivery of",milun
v.,uchicago_S_Hassan,mēlʸ.mp3,https://dsal.uchicago.edu/dictionaries/hassan/audio/02582.mp3,,to meet,mēlʸ
n.,uchicago_S_Hassan,mendlad.mp3,https://dsal.uchicago.edu/dictionaries/hassan/audio/02583.mp3,,leper,mendlad
n.f.,uchicago_S_Hassan,malι mə̄ⁿz.mp3,https://dsal.uchicago.edu/dictionaries/hassan/audio/02584.mp3,,two days before the day of wedding,malι mə̄ⁿz
n.m.,uchicago_S_Hassan,menʸzur.mp3,https://dsal.uchicago.edu/dictionaries/hassan/audio/02585.mp3,,wood-seller,menʸzur
n.f.,uchicago_S_Hassan,mēz.mp3,https://dsal.uchicago.edu/dictionaries/hassan/audio/02586.mp3,,"table, desk",mēz
n.f.,uchicago_S_Hassan,mǝnzimyāren.mp3,https://dsal.uchicago.edu/dictionaries/hassan/audio/02587.mp3,,"mediator, match maker, go-between",mǝnzimyāren
n.m.,uchicago_S_Hassan,mǝnzimyōr.mp3,https://dsal.uchicago.edu/dictionaries/hassan/audio/02588.mp3,,"mediator, match maker, go-between",mǝnzimyōr
n.f.,uchicago_S_Hassan,mǝskʰaril.mp3,https://dsal.uchicago.edu/dictionaries/hassan/audio/02589.mp3,,"comedy jesting, pleasantry",mǝskʰaril
n.m.,uchicago_S_Hassan,mǝslι.mp3,https://dsal.uchicago.edu/dictionaries/hassan/audio/02590.mp3,,skin,mǝslι
v.,uchicago_S_Hassan,mǝšrāwun.mp3,https://dsal.uchicago.edu/dictionaries/hassan/audio/02591.mp3,,"overlook, stop thinking about, put behind you",mǝšrāwun
n.f.,uchicago_S_Hassan,mǝṭ.mp3,https://dsal.uchicago.edu/dictionaries/hassan/audio/02592.mp3,,"boiler, container, tank",mǝṭ
v.,uchicago_S_Hassan,mēṭʰun.mp3,https://dsal.uchicago.edu/dictionaries/hassan/audio/02593.mp3,,"to be sweeten, kind",mēṭʰun
n.f.,uchicago_S_Hassan,meʦ.mp3,https://dsal.uchicago.edu/dictionaries/hassan/audio/02594.mp3,,"clay, earth, dirt, dust",meʦ
v.,uchicago_S_Hassan,meʦ matʰιnʸ.mp3,https://dsal.uchicago.edu/dictionaries/hassan/audio/02595.mp3,,to rub with clay,meʦ matʰιnʸ
n.m.,uchicago_S_Hassan,meʦ dānι.mp3,https://dsal.uchicago.edu/dictionaries/hassan/audio/02596.mp3,,clay particle,meʦ dānι
n.m.,uchicago_S_Hassan,mǝʦiband.mp3,https://dsal.uchicago.edu/dictionaries/hassan/audio/02597.mp3,,armlet,mǝʦiband
n.,uchicago_S_Hassan,meʦi-tral.mp3,https://dsal.uchicago.edu/dictionaries/hassan/audio/02598.mp3,,clod,meʦi-tral
n.,uchicago_S_Hassan,meʦtīl.mp3,https://dsal.uchicago.edu/dictionaries/hassan/audio/02599.mp3,,kerosene oil,meʦtīl
adj.,uchicago_S_Hassan,meʦʸu.mp3,https://dsal.uchicago.edu/dictionaries/hassan/audio/02600.mp3,,"earthen, clay",meʦʸu
adj.,uchicago_S_Hassan,mewdār.mp3,https://dsal.uchicago.edu/dictionaries/hassan/audio/02601.mp3,,fertile,mewdār
n.m.,uchicago_S_Hassan,mēz pōš.mp3,https://dsal.uchicago.edu/dictionaries/hassan/audio/02602.mp3,,table cloth,mēz pōš
n.,uchicago_S_Hassan,mikdār.mp3,https://dsal.uchicago.edu/dictionaries/hassan/audio/02603.mp3,,"volume, quantity, degree, level",mikdār
n.f.,uchicago_S_Hassan,mīl.mp3,https://dsal.uchicago.edu/dictionaries/hassan/audio/02604.mp3,,ink,mīl
adj.,uchicago_S_Hassan,milansār.mp3,https://dsal.uchicago.edu/dictionaries/hassan/audio/02605.mp3,,social,milansār
n.,uchicago_S_Hassan,milāv.mp3,https://dsal.uchicago.edu/dictionaries/hassan/audio/02606.mp3,,"intercourse, contact",milāv
v.,uchicago_S_Hassan,milāwun.mp3,https://dsal.uchicago.edu/dictionaries/hassan/audio/02607.mp3,,"combine, join, link, unite, stick together, adhere",milāwun
n.,uchicago_S_Hassan,milʦār.mp3,https://dsal.uchicago.edu/dictionaries/hassan/audio/02608.mp3,,"concord, agreement, accord, accordance, unity, friendship, peace",milʦār
n.,uchicago_S_Hassan,maʦar.mp3,https://dsal.uchicago.edu/dictionaries/hassan/audio/02609.mp3,,"idiocy, silliness, stupidity",maʦar
v.,uchicago_S_Hassan,milιsār sapdun.mp3,https://dsal.uchicago.edu/dictionaries/hassan/audio/02610.mp3,,"unite, collaborate, work together, combine, connive",milιsār sapdun
n.m.,uchicago_S_Hassan,mīnār.mp3,https://dsal.uchicago.edu/dictionaries/hassan/audio/02611.mp3,,"minaret, tower",mīnār
n.m.,uchicago_S_Hassan,mǝkʰιr.mp3,https://dsal.uchicago.edu/dictionaries/hassan/audio/02612.mp3,,"plot, machination, duplicity, wile, artifice, imposture, pretence",mǝkʰιr
n.,uchicago_S_Hassan,minnat.mp3,https://dsal.uchicago.edu/dictionaries/hassan/audio/02613.mp3,,"request, call, appeal",minnat
n.m.,uchicago_S_Hassan,mirāb.mp3,https://dsal.uchicago.edu/dictionaries/hassan/audio/02614.mp3,,dome,mirāb
n.f.,uchicago_S_Hassan,mišul.mp3,https://dsal.uchicago.edu/dictionaries/hassan/audio/02615.mp3,,rag-nail,mišul
n.f.,uchicago_S_Hassan,misāl.mp3,https://dsal.uchicago.edu/dictionaries/hassan/audio/02616.mp3,,"example, instance, case in point",misāl
n.m.,uchicago_S_Hassan,misgǝr.mp3,https://dsal.uchicago.edu/dictionaries/hassan/audio/02617.mp3,,coppersmith,misgǝr
v.,uchicago_S_Hassan,mīʦ tulun.mp3,https://dsal.uchicago.edu/dictionaries/hassan/audio/02618.mp3,,"measure, quantity",mīʦ tulun
n.f.,uchicago_S_Hassan,meng.mp3,https://dsal.uchicago.edu/dictionaries/hassan/audio/02619.mp3,,"brow, temple, forehead",meng
v.,uchicago_S_Hassan,miyuṭʰ karun.mp3,https://dsal.uchicago.edu/dictionaries/hassan/audio/02620.mp3,,to kiss,miyuṭʰ karun
n.m.,uchicago_S_Hassan,mizāj.mp3,https://dsal.uchicago.edu/dictionaries/hassan/audio/02621.mp3,,"disposition, nature, character, temperament, outlook",mizāj
n.m.,uchicago_S_Hassan,bad-mazι.mp3,https://dsal.uchicago.edu/dictionaries/hassan/audio/02622.mp3,,"tasteless, in bad taste, flavorless",bad-mazι
adj.,uchicago_S_Hassan,mocerʸ.mp3,https://dsal.uchicago.edu/dictionaries/hassan/audio/02623.mp3,,girth,mocerʸ
adj.,uchicago_S_Hassan,modur.mp3,https://dsal.uchicago.edu/dictionaries/hassan/audio/02624.mp3,,"delightful, tasteful, in good taste",modur
n.,uchicago_S_Hassan,mēwι.mp3,https://dsal.uchicago.edu/dictionaries/hassan/audio/02625.mp3,,fruits,mēwι
n.m.,uchicago_S_Hassan,moh.mp3,https://dsal.uchicago.edu/dictionaries/hassan/audio/02626.mp3,,mosquito,moh
adv.,uchicago_S_Hassan,mohabbatι sə̄tʸ.mp3,https://dsal.uchicago.edu/dictionaries/hassan/audio/02627.mp3,,"affectionately, warmly, affably, lovingly, cordially",mohabbatι sə̄tʸ
n.m.,uchicago_S_Hassan,mohnʸuv.mp3,https://dsal.uchicago.edu/dictionaries/hassan/audio/02628.mp3,,man,mohnʸuv
n.m.,uchicago_S_Hassan,mohrιkaⁿd.mp3,https://dsal.uchicago.edu/dictionaries/hassan/audio/02629.mp3,,stone engrave,mohrιkaⁿd
n.f.,uchicago_S_Hassan,mālunʸ.mp3,https://dsal.uchicago.edu/dictionaries/hassan/audio/02630.mp3,,bride’s family and abode before marriage,mālunʸ
n.m.,uchicago_S_Hassan,mokʰ.mp3,https://dsal.uchicago.edu/dictionaries/hassan/audio/02631.mp3,,"face, look, appearance",mokʰ
adv.,uchicago_S_Hassan,mokʰtasar.mp3,https://dsal.uchicago.edu/dictionaries/hassan/audio/02632.mp3,,"in short, in brief, briefly, in summary, in a nutshell",mokʰtasar
n.m.,uchicago_S_Hassan,mokʰtι.mp3,https://dsal.uchicago.edu/dictionaries/hassan/audio/02633.mp3,,pearl,mokʰtι
v.,uchicago_S_Hassan,moklāwun.mp3,https://dsal.uchicago.edu/dictionaries/hassan/audio/02634.mp3,,"set free, release, free, unleash, let loose",moklāwun
adj.,uchicago_S_Hassan,moklʸōmut.mp3,https://dsal.uchicago.edu/dictionaries/hassan/audio/02635.mp3,,"emancipated, liberated, released, uninhibited",moklʸōmut
adj.,uchicago_S_Hassan,mokur.mp3,https://dsal.uchicago.edu/dictionaries/hassan/audio/02636.mp3,,"unclean, impure, polluted, dirty",mokur
n.m.,uchicago_S_Hassan,mōkι.mp3,https://dsal.uchicago.edu/dictionaries/hassan/audio/02637.mp3,,"chance, likelihood, opportunity, option, ability",mōkι
n.m.,uchicago_S_Hassan,mātāmāl.mp3,https://dsal.uchicago.edu/dictionaries/hassan/audio/02638.mp3,,maternal location,mātāmāl
n.m.,uchicago_S_Hassan,mokιjār.mp3,https://dsal.uchicago.edu/dictionaries/hassan/audio/02639.mp3,,"vacation, break , rest , retreat , leave , holiday",mokιjār
n.,uchicago_S_Hassan,mōci.mp3,https://dsal.uchicago.edu/dictionaries/hassan/audio/02640.mp3,,"guts, entrails, innards",mōci
n.m.,uchicago_S_Hassan,mōl.mp3,https://dsal.uchicago.edu/dictionaries/hassan/audio/02641.mp3,,father,mōl
n.,uchicago_S_Hassan,mol.mp3,https://dsal.uchicago.edu/dictionaries/hassan/audio/02642.mp3,,"price, cost, charge, worth, value",mol
n.m.,uchicago_S_Hassan,mə̄dι.mp3,https://dsal.uchicago.edu/dictionaries/hassan/audio/02643.mp3,,all purpose flour,mə̄dι
n.m.,uchicago_S_Hassan,mōl-mōj.mp3,https://dsal.uchicago.edu/dictionaries/hassan/audio/02644.mp3,,"parent, father, mother",mōl-mōj
adj.,uchicago_S_Hassan,molul.mp3,https://dsal.uchicago.edu/dictionaries/hassan/audio/02645.mp3,,"valuable, precious, expensive, costly, helpful, useful",molul
n.,uchicago_S_Hassan,mōm.mp3,https://dsal.uchicago.edu/dictionaries/hassan/audio/02646.mp3,,wax,mōm
n.f.,uchicago_S_Hassan,mōmbǝtʸ.mp3,https://dsal.uchicago.edu/dictionaries/hassan/audio/02647.mp3,,candle,mōmbǝtʸ
n.m.,uchicago_S_Hassan,moⁿḍ.mp3,https://dsal.uchicago.edu/dictionaries/hassan/audio/02648.mp3,,"block of wood, thicket, blunt, dull, lessen, moderate, rounded",moⁿḍ
n.,uchicago_S_Hassan,rohnι-moⁿḍ.mp3,https://dsal.uchicago.edu/dictionaries/hassan/audio/02649.mp3,,garlic root,rohnι-moⁿḍ
n.f.,uchicago_S_Hassan,mokʰtι māl.mp3,https://dsal.uchicago.edu/dictionaries/hassan/audio/02650.mp3,,pearl necklace,mokʰtι māl
n.m.,uchicago_S_Hassan,moⁿḍ.mp3,https://dsal.uchicago.edu/dictionaries/hassan/audio/02651.mp3,,stem,moⁿḍ
n.f.,uchicago_S_Hassan,mōⁿzι.mp3,https://dsal.uchicago.edu/dictionaries/hassan/audio/02652.mp3,,socks,mōⁿzι
n.m.,uchicago_S_Hassan,mōr.mp3,https://dsal.uchicago.edu/dictionaries/hassan/audio/02653.mp3,,peacock,mōr
v.,uchicago_S_Hassan,mōrmut.mp3,https://dsal.uchicago.edu/dictionaries/hassan/audio/02654.mp3,,"beaten, whip, thrash, slaughter",mōrmut
v.,uchicago_S_Hassan,mͻkʰι nērun.mp3,https://dsal.uchicago.edu/dictionaries/hassan/audio/02655.mp3,,"shine, show, twinkle",mͻkʰι nērun
n.,uchicago_S_Hassan,mōt.mp3,https://dsal.uchicago.edu/dictionaries/hassan/audio/02656.mp3,,"death, end, demise, ruin, fall, loss of life, mortality",mōt
adj.,uchicago_S_Hassan,mot.mp3,https://dsal.uchicago.edu/dictionaries/hassan/audio/02657.mp3,,"mad, absurd, crazy, foolish",mot
adj.,uchicago_S_Hassan,moṭ.mp3,https://dsal.uchicago.edu/dictionaries/hassan/audio/02658.mp3,,"thick, fat, bulky, solid",moṭ
n.f.,uchicago_S_Hassan,mōṭar.mp3,https://dsal.uchicago.edu/dictionaries/hassan/audio/02659.mp3,,"car, vehicle, van, automobile",mōṭar
v.,uchicago_S_Hassan,moṭʰ mutʰ.mp3,https://dsal.uchicago.edu/dictionaries/hassan/audio/02660.mp3,,"not remembered, not recall",moṭʰ mutʰ
n.m.,uchicago_S_Hassan,moṭ-kōḍ.mp3,https://dsal.uchicago.edu/dictionaries/hassan/audio/02661.mp3,,"cerebrum, the front of the brain of vertebrate",moṭ-kōḍ
n.,uchicago_S_Hassan,māv.mp3,https://dsal.uchicago.edu/dictionaries/hassan/audio/02662.mp3,,"palm, fist",māv
n.,uchicago_S_Hassan,mōzūr.mp3,https://dsal.uchicago.edu/dictionaries/hassan/audio/02663.mp3,,"cripple, disabled person",mōzūr
n.f.,uchicago_S_Hassan,makāy ʦoṭ.mp3,https://dsal.uchicago.edu/dictionaries/hassan/audio/02664.mp3,,corn flour roti,makāy ʦoṭ
v.,uchicago_S_Hassan,mubārak karun.mp3,https://dsal.uchicago.edu/dictionaries/hassan/audio/02665.mp3,,"congratulate, pass on good wishes to, cheer, applaud, praise",mubārak karun
adj.,uchicago_S_Hassan,mubārak.mp3,https://dsal.uchicago.edu/dictionaries/hassan/audio/02666.mp3,,"favourable, fortunate, good, lucky",mubārak
n.,uchicago_S_Hassan,mubārak bǝdī.mp3,https://dsal.uchicago.edu/dictionaries/hassan/audio/02667.mp3,,"welcome, greeting, reception , salutation",mubārak bǝdī
n.m.,uchicago_S_Hassan,mūcʰ.mp3,https://dsal.uchicago.edu/dictionaries/hassan/audio/02668.mp3,,"shoe-maker, cobbler",mūcʰ
adj.,uchicago_S_Hassan,mūdmut.mp3,https://dsal.uchicago.edu/dictionaries/hassan/audio/02669.mp3,,"dead, lifeless, deceased, dull, uninteresting",mūdmut
n.,uchicago_S_Hassan,muft.mp3,https://dsal.uchicago.edu/dictionaries/hassan/audio/02670.mp3,,"gratis, free, free of charge, complimentary",muft
adj.,uchicago_S_Hassan,muhabatī.mp3,https://dsal.uchicago.edu/dictionaries/hassan/audio/02671.mp3,,"loving, loyal, affectionate",muhabatī
v.,uchicago_S_Hassan,muhar karin.mp3,https://dsal.uchicago.edu/dictionaries/hassan/audio/02672.mp3,,"to seal, settle, close, wrap up",muhar karin
n.f.,uchicago_S_Hassan,muhar.mp3,https://dsal.uchicago.edu/dictionaries/hassan/audio/02673.mp3,,"seal, stamp, hallmark",muhar
n.m.,uchicago_S_Hassan,muhsūl.mp3,https://dsal.uchicago.edu/dictionaries/hassan/audio/02674.mp3,,"tax, toll, tariff",muhsūl
n.m.,uchicago_S_Hassan,muhul.mp3,https://dsal.uchicago.edu/dictionaries/hassan/audio/02675.mp3,,"pestle, crusher, rod, utensil",muhul
n.m.,uchicago_S_Hassan,mujrim.mp3,https://dsal.uchicago.edu/dictionaries/hassan/audio/02676.mp3,,"convict, offender, criminal, crook, villain",mujrim
v.,uchicago_S_Hassan,mujrim ṭʰǝrāwun.mp3,https://dsal.uchicago.edu/dictionaries/hassan/audio/02677.mp3,,"to convict, find guilty, send down, condemn, sentence",mujrim ṭʰǝrāwun
n.f.,uchicago_S_Hassan,mujι.mp3,https://dsal.uchicago.edu/dictionaries/hassan/audio/02678.mp3,,radish,mujι
v.,uchicago_S_Hassan,mukāblι karun.mp3,https://dsal.uchicago.edu/dictionaries/hassan/audio/02679.mp3,,"contrast, compare, stand out against",mukāblι karun
v.,uchicago_S_Hassan,mukāblι lagun.mp3,https://dsal.uchicago.edu/dictionaries/hassan/audio/02680.mp3,,"resist, oppose, defy, struggle, defend against, fight back, survive",mukāblι lagun
v.,uchicago_S_Hassan,mukarar karun.mp3,https://dsal.uchicago.edu/dictionaries/hassan/audio/02681.mp3,,"confirm, verify, validate, sanction, make firmer, settle",mukarar karun
v.,uchicago_S_Hassan,makru.mp3,https://dsal.uchicago.edu/dictionaries/hassan/audio/02682.mp3,,"refute, negate, contradict",makru
adj.,uchicago_S_Hassan,mukarar.mp3,https://dsal.uchicago.edu/dictionaries/hassan/audio/02683.mp3,,"decided, determined, resolute, firm, sure, certain, definite, absolute",mukarar
n.,uchicago_S_Hassan,mukdimι.mp3,https://dsal.uchicago.edu/dictionaries/hassan/audio/02684.mp3,,"argument, justification, to file case",mukdimι
adj.,uchicago_S_Hassan,mukʰtalif.mp3,https://dsal.uchicago.edu/dictionaries/hassan/audio/02685.mp3,,"different, dissimilar, diverse, unlike, poles apart, unusual",mukʰtalif
adj.,uchicago_S_Hassan,momut.mp3,https://dsal.uchicago.edu/dictionaries/hassan/audio/02686.mp3,,"dead, deceased, lifeless",momut
n.,uchicago_S_Hassan,mukʰə̄tib.mp3,https://dsal.uchicago.edu/dictionaries/hassan/audio/02687.mp3,,"presence, being there, existence",mukʰə̄tib
n.m.,uchicago_S_Hassan,mūl.mp3,https://dsal.uchicago.edu/dictionaries/hassan/audio/02688.mp3,,root,mūl
n.f.,uchicago_S_Hassan,mulākāt.mp3,https://dsal.uchicago.edu/dictionaries/hassan/audio/02689.mp3,,"meeting, appointment, go to see, stop with, pay a visit",mulākāt
n.f.,uchicago_S_Hassan,momιʦ.mp3,https://dsal.uchicago.edu/dictionaries/hassan/audio/02690.mp3,,"dead, lifeless",momιʦ
n.m.,uchicago_S_Hassan,mulk.mp3,https://dsal.uchicago.edu/dictionaries/hassan/audio/02691.mp3,,"country, nation, kingdom",mulk
n.m.,uchicago_S_Hassan,munιš.mp3,https://dsal.uchicago.edu/dictionaries/hassan/audio/02692.mp3,,clerk,munιš
n.,uchicago_S_Hassan,mūrat.mp3,https://dsal.uchicago.edu/dictionaries/hassan/audio/02693.mp3,,"idol, statue, deity, god",mūrat
n.m.,uchicago_S_Hassan,murīd.mp3,https://dsal.uchicago.edu/dictionaries/hassan/audio/02694.mp3,,"pupil, learner, beginner",murīd
n.m.,uchicago_S_Hassan,musāfīr.mp3,https://dsal.uchicago.edu/dictionaries/hassan/audio/02695.mp3,,"pilgrim, traveler, voyager, tourist",musāfīr
n.m.,uchicago_S_Hassan,mͻkʰtār.mp3,https://dsal.uchicago.edu/dictionaries/hassan/audio/02696.mp3,,"an agent, delegate, representative",mͻkʰtār
n.m.,uchicago_S_Hassan,musāpʰir-kʰānι.mp3,https://dsal.uchicago.edu/dictionaries/hassan/audio/02697.mp3,,caravansary,musāpʰir-kʰānι
adj.,uchicago_S_Hassan,musībat zad.mp3,https://dsal.uchicago.edu/dictionaries/hassan/audio/02698.mp3,,"distressed, upset, troubled, concerned, worried, unhappy, bothered",musībat zad
n.m.,uchicago_S_Hassan,musībat.mp3,https://dsal.uchicago.edu/dictionaries/hassan/audio/02699.mp3,,"distress, pain, suffering, sorrow, agony, grief",musībat
n.f.,uchicago_S_Hassan,kaṭι mongιr.mp3,https://dsal.uchicago.edu/dictionaries/hassan/audio/02700.mp3,,young ram,kaṭι mongιr
adj.f.,uchicago_S_Hassan,musībat-zadιdin.mp3,https://dsal.uchicago.edu/dictionaries/hassan/audio/02701.mp3,,"miserable, depressed, fed-up, wretched",musībat-zadιdin
n.,uchicago_S_Hassan,maṭar.mp3,https://dsal.uchicago.edu/dictionaries/hassan/audio/02702.mp3,,peas,maṭar
v.,uchicago_S_Hassan,muškʰas karun.mp3,https://dsal.uchicago.edu/dictionaries/hassan/audio/02703.mp3,,"ratify, approve, endorse",muškʰas karun
adv.,uchicago_S_Hassan,muškilan.mp3,https://dsal.uchicago.edu/dictionaries/hassan/audio/02704.mp3,,"scarcely, hardly, barely, not quite",muškilan
v.,uchicago_S_Hassan,muslι wālun.mp3,https://dsal.uchicago.edu/dictionaries/hassan/audio/02705.mp3,,"flay, criticize, thrash",muslι wālun
n.m.,uchicago_S_Hassan,mušrān.mp3,https://dsal.uchicago.edu/dictionaries/hassan/audio/02706.mp3,,"demon, evil spirit, fiend, sprite, mischievous sprite",mušrān
n.m.,uchicago_S_Hassan,muṭʰ.mp3,https://dsal.uchicago.edu/dictionaries/hassan/audio/02707.mp3,,soya beans,muṭʰ
n.,uchicago_S_Hassan,musrif.mp3,https://dsal.uchicago.edu/dictionaries/hassan/audio/02708.mp3,,"spendthrift, wastrel",musrif
n.,uchicago_S_Hassan,mustakbil.mp3,https://dsal.uchicago.edu/dictionaries/hassan/audio/02709.mp3,,"future, prospect, hope",mustakbil
v.,uchicago_S_Hassan,mušuk hʸun.mp3,https://dsal.uchicago.edu/dictionaries/hassan/audio/02710.mp3,,to smell,mušuk hʸun
n.m.,uchicago_S_Hassan,mušuk.mp3,https://dsal.uchicago.edu/dictionaries/hassan/audio/02711.mp3,,"smell, odor, stink, fragrance",mušuk
adj.,uchicago_S_Hassan,mušukdār.mp3,https://dsal.uchicago.edu/dictionaries/hassan/audio/02712.mp3,,fragrant,mušukdār
n.m.,uchicago_S_Hassan,marʦιwāⁿgun.mp3,https://dsal.uchicago.edu/dictionaries/hassan/audio/02713.mp3,,green or red chilly,marʦιwāⁿgun
adj.,uchicago_S_Hassan,mutabir.mp3,https://dsal.uchicago.edu/dictionaries/hassan/audio/02714.mp3,,"trustworthy, reliable, responsible, honest, truthful, honorable",mutabir
n.,uchicago_S_Hassan,mutarajum.mp3,https://dsal.uchicago.edu/dictionaries/hassan/audio/02715.mp3,,interpreter,mutarajum
n.,uchicago_S_Hassan,mutʰǝr.mp3,https://dsal.uchicago.edu/dictionaries/hassan/audio/02716.mp3,,urine,mutʰǝr
v.,uchicago_S_Hassan,muʦrāwun.mp3,https://dsal.uchicago.edu/dictionaries/hassan/audio/02717.mp3,,"release, discharge, liberate, make available, emit",muʦrāwun
v.,uchicago_S_Hassan,muvatǝl karun.mp3,https://dsal.uchicago.edu/dictionaries/hassan/audio/02718.mp3,,"suspend from service, dismiss",muvatǝl karun
adj.,uchicago_S_Hassan,muwə̄fik.mp3,https://dsal.uchicago.edu/dictionaries/hassan/audio/02719.mp3,,"convenient, suitable, opportune, fitting, well-located, well-situated",muwə̄fik
n.,uchicago_S_Hassan,mə̄ⁿz rāt.mp3,https://dsal.uchicago.edu/dictionaries/hassan/audio/02720.mp3,,"a night before wedding day, on which a bride's hands and feet are stained with henna",mə̄ⁿz rāt
n.m.,uchicago_S_Hassan,mʸoⁿḍ.mp3,https://dsal.uchicago.edu/dictionaries/hassan/audio/02721.mp3,,"bit, handful portion of food",mʸoⁿḍ
n.m.,uchicago_S_Hassan,zin-monḍ.mp3,https://dsal.uchicago.edu/dictionaries/hassan/audio/02722.mp3,,"logs, firewood, timber",zin-monḍ
n.m.,uchicago_S_Hassan,batι mʸoⁿḍ.mp3,https://dsal.uchicago.edu/dictionaries/hassan/audio/02723.mp3,,"morsel, mouthful",batι mʸoⁿḍ
v.,uchicago_S_Hassan,mʸūṭʰ karun.mp3,https://dsal.uchicago.edu/dictionaries/hassan/audio/02724.mp3,,to kiss,mʸūṭʰ karun
n.,uchicago_S_Hassan,mʸūṭʰ.mp3,https://dsal.uchicago.edu/dictionaries/hassan/audio/02725.mp3,,kiss,mʸūṭʰ
adj.,uchicago_S_Hassan,myūṭʰ.mp3,https://dsal.uchicago.edu/dictionaries/hassan/audio/02726.mp3,,"sweet, lovable, sugary, kind",myūṭʰ
n.f.,uchicago_S_Hassan,mῑfī.mp3,https://dsal.uchicago.edu/dictionaries/hassan/audio/02727.mp3,,"apology, confession, regret, act of contrition",mῑfī
v.,uchicago_S_Hassan,mιlʸ hʸun.mp3,https://dsal.uchicago.edu/dictionaries/hassan/audio/02728.mp3,,"buy, pay money for, purchase, acquire, obtain, get",mιlʸ hʸun
n.m.,uchicago_S_Hassan,mιslι.mp3,https://dsal.uchicago.edu/dictionaries/hassan/audio/02729.mp3,,"skin, fur, coat, covering",mιslι
v.,uchicago_S_Hassan,ganḍ mιʦrāwun.mp3,https://dsal.uchicago.edu/dictionaries/hassan/audio/02730.mp3,,"to open a knot, unwrap, untie, unbolt, unlock",ganḍ mιʦrāwun
n.m.,uchicago_S_Hassan,mə̄dān.mp3,https://dsal.uchicago.edu/dictionaries/hassan/audio/02731.mp3,,"ground, meadow",mə̄dān
n.f.,uchicago_S_Hassan,mιškι-tuj.mp3,https://dsal.uchicago.edu/dictionaries/hassan/audio/02732.mp3,,incense sticks,mιškι-tuj
v.,uchicago_S_Hassan,mə̄fī magin.mp3,https://dsal.uchicago.edu/dictionaries/hassan/audio/02733.mp3,,"to apologies, to beg",mə̄fī magin
n.,uchicago_S_Hassan,mə̄hir.mp3,https://dsal.uchicago.edu/dictionaries/hassan/audio/02734.mp3,,"skillful, competent, proficient, practiced, expert",mə̄hir
n.m.,uchicago_S_Hassan,mə̄lidιgar.mp3,https://dsal.uchicago.edu/dictionaries/hassan/audio/02735.mp3,,washerman of woolen things,mə̄lidιgar
n.m.,uchicago_S_Hassan,mə̄lik.mp3,https://dsal.uchicago.edu/dictionaries/hassan/audio/02736.mp3,,"possessor, owner",mə̄lik
v.,uchicago_S_Hassan,mə̄lūm karum.mp3,https://dsal.uchicago.edu/dictionaries/hassan/audio/02737.mp3,,"ascertain, find out, establish, determine, make certain",mə̄lūm karum
n.,uchicago_S_Hassan,mə̄lūm.mp3,https://dsal.uchicago.edu/dictionaries/hassan/audio/02738.mp3,,"finding, discovery, result, detection",mə̄lūm
adj.,uchicago_S_Hassan,mə̄lι.mp3,https://dsal.uchicago.edu/dictionaries/hassan/audio/02739.mp3,,"unclean, impure, contaminated, infected",mə̄lι
adj.,uchicago_S_Hassan,mə̄rmoⁿd.mp3,https://dsal.uchicago.edu/dictionaries/hassan/audio/02740.mp3,,"beautiful, good-looking, gorgeous, fine-looking, attractive, handsome",mə̄rmoⁿd
n.f.,uchicago_S_Hassan,mə̄š.mp3,https://dsal.uchicago.edu/dictionaries/hassan/audio/02741.mp3,,buffalo,mə̄š
n.m.,uchicago_S_Hassan,manjōlι.mp3,https://dsal.uchicago.edu/dictionaries/hassan/audio/02742.mp3,,"pan, saucepan",manjōlι
conj.,uchicago_S_Hassan,na.mp3,https://dsal.uchicago.edu/dictionaries/hassan/audio/02743.mp3,,"neither, nor, not either",na
interj.,uchicago_S_Hassan,na.mp3,https://dsal.uchicago.edu/dictionaries/hassan/audio/02744.mp3,,"no, not",na
n.m.,uchicago_S_Hassan,nab.mp3,https://dsal.uchicago.edu/dictionaries/hassan/audio/02745.mp3,,"sky, the blue, weather",nab
n.,uchicago_S_Hassan,nābud.mp3,https://dsal.uchicago.edu/dictionaries/hassan/audio/02746.mp3,,sugar,nābud
n.m.,uchicago_S_Hassan,nabuk nār.mp3,https://dsal.uchicago.edu/dictionaries/hassan/audio/02747.mp3,,"twilight, nightfall, sunset, sundown, dusk",nabuk nār
v.,uchicago_S_Hassan,nād diyun.mp3,https://dsal.uchicago.edu/dictionaries/hassan/audio/02748.mp3,,"call, call out",nād diyun
n.,uchicago_S_Hassan,nād.mp3,https://dsal.uchicago.edu/dictionaries/hassan/audio/02749.mp3,,"call, appeal, cry",nād
v.,uchicago_S_Hassan,nād lāyun.mp3,https://dsal.uchicago.edu/dictionaries/hassan/audio/02750.mp3,,"call out, give a call",nād lāyun
adj.,uchicago_S_Hassan,nādān.mp3,https://dsal.uchicago.edu/dictionaries/hassan/audio/02751.mp3,,"fool, idiot, silly, stupid, childish, ridiculous",nādān
adj.,uchicago_S_Hassan,nabιz.mp3,https://dsal.uchicago.edu/dictionaries/hassan/audio/02752.mp3,,"pulse, pulsation",nabιz
adj.,uchicago_S_Hassan,nādir.mp3,https://dsal.uchicago.edu/dictionaries/hassan/audio/02753.mp3,,"wonderful, superb, magnificent, amazing, great, brilliant",nādir
n.f.,uchicago_S_Hassan,nādə̄nī.mp3,https://dsal.uchicago.edu/dictionaries/hassan/audio/02754.mp3,,"foolishness, stupidity, idiocy",nādə̄nī
n.f.,uchicago_S_Hassan,nādə̄rī.mp3,https://dsal.uchicago.edu/dictionaries/hassan/audio/02755.mp3,,"poverty, neediness, hardship, deprivation",nādə̄rī
n.f.,uchicago_S_Hassan,nāf.mp3,https://dsal.uchicago.edu/dictionaries/hassan/audio/02756.mp3,,navel,nāf
v.,uchicago_S_Hassan,nafā yun.mp3,https://dsal.uchicago.edu/dictionaries/hassan/audio/02757.mp3,,"gain, increase, grow, reap",nafā yun
n.m.,uchicago_S_Hassan,nafā.mp3,https://dsal.uchicago.edu/dictionaries/hassan/audio/02758.mp3,,"gain, profit, acquire",nafā
n.m.,uchicago_S_Hassan,nabι dor.mp3,https://dsal.uchicago.edu/dictionaries/hassan/audio/02759.mp3,,"good weather condition, good climate",nabι dor
adj.,uchicago_S_Hassan,nafādār.mp3,https://dsal.uchicago.edu/dictionaries/hassan/audio/02760.mp3,,"usefulness, helpfulness, effectiveness, efficacy, worth",nafādār
n.m.,uchicago_S_Hassan,nā-farmə̄nī.mp3,https://dsal.uchicago.edu/dictionaries/hassan/audio/02761.mp3,,"disobedience, defiance, breaking the rules, insubordination, waywardness",nā-farmə̄nī
v.,uchicago_S_Hassan,nafrat karin.mp3,https://dsal.uchicago.edu/dictionaries/hassan/audio/02762.mp3,,"hate, despise, dislike, can't stand, can't bear",nafrat karin
n.f.,uchicago_S_Hassan,nemāz.mp3,https://dsal.uchicago.edu/dictionaries/hassan/audio/02763.mp3,,prayers offered by Muslims,nemāz
n.f.,uchicago_S_Hassan,nafrat.mp3,https://dsal.uchicago.edu/dictionaries/hassan/audio/02764.mp3,,"disgust, repulsion, distaste",nafrat
adj.,uchicago_S_Hassan,nafīz.mp3,https://dsal.uchicago.edu/dictionaries/hassan/audio/02765.mp3,,"fine, well, very well",nafīz
n.m.,uchicago_S_Hassan,nāg.mp3,https://dsal.uchicago.edu/dictionaries/hassan/audio/02766.mp3,,lead,nāg
n.m.,uchicago_S_Hassan,nāg.mp3,https://dsal.uchicago.edu/dictionaries/hassan/audio/02767.mp3,,spring of water,nāg
n.m.,uchicago_S_Hassan,nagār.mp3,https://dsal.uchicago.edu/dictionaries/hassan/audio/02768.mp3,,drummer,nagār
n.m.,uchicago_S_Hassan,nagar.mp3,https://dsal.uchicago.edu/dictionaries/hassan/audio/02769.mp3,,"town, city, also used as suffix with placenames",nagar
n.m.,uchicago_S_Hassan,nagārι.mp3,https://dsal.uchicago.edu/dictionaries/hassan/audio/02770.mp3,,drum,nagārι
v.,uchicago_S_Hassan,nagmι gewān.mp3,https://dsal.uchicago.edu/dictionaries/hassan/audio/02771.mp3,,"singing, playing, in performance, on stage",nagmι gewān
adj.,uchicago_S_Hassan,nakli.mp3,https://dsal.uchicago.edu/dictionaries/hassan/audio/02772.mp3,,"duplicate, replacement, replica",nakli
n.m.,uchicago_S_Hassan,nagmι.mp3,https://dsal.uchicago.edu/dictionaries/hassan/audio/02773.mp3,,"song, dance",nagmι
n.m.,uchicago_S_Hassan,nāgι āb.mp3,https://dsal.uchicago.edu/dictionaries/hassan/audio/02774.mp3,,spring water,nāgι āb
adj.,uchicago_S_Hassan,nāhak.mp3,https://dsal.uchicago.edu/dictionaries/hassan/audio/02775.mp3,,"unjust, biased, prejudiced, unfair",nāhak
adj.,uchicago_S_Hassan,nahekanwol.mp3,https://dsal.uchicago.edu/dictionaries/hassan/audio/02776.mp3,,"unable, not capable, powerless, incapable",nahekanwol
v.,uchicago_S_Hassan,najis karun.mp3,https://dsal.uchicago.edu/dictionaries/hassan/audio/02777.mp3,,to pollute,najis karun
n.m.,uchicago_S_Hassan,nak ṭaⁿg.mp3,https://dsal.uchicago.edu/dictionaries/hassan/audio/02778.mp3,,a special variety of pear,nak ṭaⁿg
adj.,uchicago_S_Hassan,nākārι.mp3,https://dsal.uchicago.edu/dictionaries/hassan/audio/02779.mp3,,"worthless, of no value, useless, meaningless",nākārι
adj.,uchicago_S_Hassan,nākə̄bil.mp3,https://dsal.uchicago.edu/dictionaries/hassan/audio/02780.mp3,,"disable, put out of action, stop the progress of",nākə̄bil
n.m.,uchicago_S_Hassan,nakǝd.mp3,https://dsal.uchicago.edu/dictionaries/hassan/audio/02781.mp3,,"cash, ready money, hard cash, money",nakǝd
n.m.,uchicago_S_Hassan,nakǝl.mp3,https://dsal.uchicago.edu/dictionaries/hassan/audio/02782.mp3,,"reproduction, duplicate, replica, print, fake, imitation",nakǝl
v.,uchicago_S_Hassan,nakǝl karun.mp3,https://dsal.uchicago.edu/dictionaries/hassan/audio/02783.mp3,,"reproduce, make a copy, duplicate, fake, clone, replicate, imitate, mimic",nakǝl karun
v.,uchicago_S_Hassan,nakʰι wālun.mp3,https://dsal.uchicago.edu/dictionaries/hassan/audio/02784.mp3,,"to pay, pay back, return, give money back, repay",nakʰι wālun
prep.,uchicago_S_Hassan,nakʰι.mp3,https://dsal.uchicago.edu/dictionaries/hassan/audio/02785.mp3,,"near, in close proximity to, by, close to",nakʰι
n.f.,uchicago_S_Hassan,nakkə̄šī.mp3,https://dsal.uchicago.edu/dictionaries/hassan/audio/02786.mp3,,papier-mâché,nakkə̄šī
v.,uchicago_S_Hassan,nakιl karān.mp3,https://dsal.uchicago.edu/dictionaries/hassan/audio/02787.mp3,,"reproduce, make a copy, duplicate, fake, replicate, imitate, mimic",nakιl karān
n.,uchicago_S_Hassan,naklι-gur.mp3,https://dsal.uchicago.edu/dictionaries/hassan/audio/02788.mp3,,"cheater, double dealer, one who copy or do unfair",naklι-gur
v.,uchicago_S_Hassan,nakš karun.mp3,https://dsal.uchicago.edu/dictionaries/hassan/audio/02789.mp3,,work of art,nakš karun
n.,uchicago_S_Hassan,nakši.mp3,https://dsal.uchicago.edu/dictionaries/hassan/audio/02790.mp3,,"map, plot, plan",nakši
n.,uchicago_S_Hassan,nakwōr.mp3,https://dsal.uchicago.edu/dictionaries/hassan/audio/02791.mp3,,nostril,nakwōr
adj.,uchicago_S_Hassan,nemə̄z.mp3,https://dsal.uchicago.edu/dictionaries/hassan/audio/02792.mp3,,one who offers prayer or worship,nemə̄z
n.m.,uchicago_S_Hassan,nakə̄š.mp3,https://dsal.uchicago.edu/dictionaries/hassan/audio/02793.mp3,,"artist, painter",nakə̄š
n.m.,uchicago_S_Hassan,nāl.mp3,https://dsal.uchicago.edu/dictionaries/hassan/audio/02794.mp3,,horse-shoe,nāl
n.m.,uchicago_S_Hassan,nāl.mp3,https://dsal.uchicago.edu/dictionaries/hassan/audio/02795.mp3,,"neckline, neck, collar",nāl
v.,uchicago_S_Hassan,nālas tʰapʰ din.mp3,https://dsal.uchicago.edu/dictionaries/hassan/audio/02796.mp3,,"grab, get hold of, catch, seize, nab, get your hands on",nālas tʰapʰ din
n.m.,uchicago_S_Hassan,nālbaⁿd.mp3,https://dsal.uchicago.edu/dictionaries/hassan/audio/02797.mp3,,ferrier,nālbaⁿd
n.,uchicago_S_Hassan,nāliš.mp3,https://dsal.uchicago.edu/dictionaries/hassan/audio/02798.mp3,,"complaint, objection",nāliš
n.m.,uchicago_S_Hassan,nālι.mp3,https://dsal.uchicago.edu/dictionaries/hassan/audio/02799.mp3,,stream,nālι
v.,uchicago_S_Hassan,nālιmot karun.mp3,https://dsal.uchicago.edu/dictionaries/hassan/audio/02800.mp3,,"embrace, hug, hold in your arms, hold close",nālιmot karun
n.m.,uchicago_S_Hassan,nam.mp3,https://dsal.uchicago.edu/dictionaries/hassan/audio/02801.mp3,,nail,nam
n.m.,uchicago_S_Hassan,nam.mp3,https://dsal.uchicago.edu/dictionaries/hassan/audio/02802.mp3,,"stern, the rare part of the boat or ship",nam
adj.,uchicago_S_Hassan,nāmard.mp3,https://dsal.uchicago.edu/dictionaries/hassan/audio/02803.mp3,,"eunuch, impotent, powerless, unable",nāmard
adj.,uchicago_S_Hassan,naklι ʦūr.mp3,https://dsal.uchicago.edu/dictionaries/hassan/audio/02804.mp3,,one who cheat or copy,naklι ʦūr
adj.,uchicago_S_Hassan,namardāngī.mp3,https://dsal.uchicago.edu/dictionaries/hassan/audio/02805.mp3,,unmanliness,namardāngī
n.,uchicago_S_Hassan,namatʰ.mp3,https://dsal.uchicago.edu/dictionaries/hassan/audio/02806.mp3,,ninety,namatʰ
adj.,uchicago_S_Hassan,nāmdār.mp3,https://dsal.uchicago.edu/dictionaries/hassan/audio/02807.mp3,,"renowned, famous, well-known, celebrated, prominent, popular",nāmdār
n.m.,uchicago_S_Hassan,namdιgor.mp3,https://dsal.uchicago.edu/dictionaries/hassan/audio/02808.mp3,,rug maker,namdιgor
adv.,uchicago_S_Hassan,nǝmitʰ.mp3,https://dsal.uchicago.edu/dictionaries/hassan/audio/02809.mp3,,"prone, lying face down, lying on your front",nǝmitʰ
n.,uchicago_S_Hassan,namnamatʰ.mp3,https://dsal.uchicago.edu/dictionaries/hassan/audio/02810.mp3,,ninety-nine,namnamatʰ
adj.,uchicago_S_Hassan,namnamatιhʸum.mp3,https://dsal.uchicago.edu/dictionaries/hassan/audio/02811.mp3,,ninety-ninetieth,namnamatιhʸum
adj.,uchicago_S_Hassan,namtιhum.mp3,https://dsal.uchicago.edu/dictionaries/hassan/audio/02812.mp3,,ninetieth,namtιhum
adj.,uchicago_S_Hassan,namūd.mp3,https://dsal.uchicago.edu/dictionaries/hassan/audio/02813.mp3,,"visible, observable, noticeable, evident, detectable, obvious",namūd
adj.,uchicago_S_Hassan,nāmumkin.mp3,https://dsal.uchicago.edu/dictionaries/hassan/audio/02814.mp3,,"impossible, impracticable, unachievable",nāmumkin
v.,uchicago_S_Hassan,namun.mp3,https://dsal.uchicago.edu/dictionaries/hassan/audio/02815.mp3,,"nod, stoop, bend down",namun
adj.,uchicago_S_Hassan,nāz.mp3,https://dsal.uchicago.edu/dictionaries/hassan/audio/02816.mp3,,"proud, self-important, egotistical, fulfilled",nāz
n.m.,uchicago_S_Hassan,namūnι.mp3,https://dsal.uchicago.edu/dictionaries/hassan/audio/02817.mp3,,"model, sample",namūnι
n.m.,uchicago_S_Hassan,nazar lagin.mp3,https://dsal.uchicago.edu/dictionaries/hassan/audio/02818.mp3,,"facing obstructions, get in the way, put paid to, weigh down",nazar lagin
n.f.,uchicago_S_Hassan,nānʸ.mp3,https://dsal.uchicago.edu/dictionaries/hassan/audio/02819.mp3,,grandmother,nānʸ
n.,uchicago_S_Hassan,nangι.mp3,https://dsal.uchicago.edu/dictionaries/hassan/audio/02820.mp3,,"impropriety, indecency, misdemeanor, immodesty, offensiveness, naked",nangι
v.,uchicago_S_Hassan,nāpāk karun.mp3,https://dsal.uchicago.edu/dictionaries/hassan/audio/02821.mp3,,"defile, pollute, ruin, corrupt, tarnish, dishonor",nāpāk karun
adj.,uchicago_S_Hassan,nār cʰakwun.mp3,https://dsal.uchicago.edu/dictionaries/hassan/audio/02822.mp3,,"incendiary, fire-raising, aggressive, rabble-rousing, rousing",nār cʰakwun
n.m.,uchicago_S_Hassan,nār.mp3,https://dsal.uchicago.edu/dictionaries/hassan/audio/02823.mp3,,fire,nār
n.f.,uchicago_S_Hassan,nār.mp3,https://dsal.uchicago.edu/dictionaries/hassan/audio/02824.mp3,,"glen, narrow valley",nār
n.m.,uchicago_S_Hassan,nar.mp3,https://dsal.uchicago.edu/dictionaries/hassan/audio/02825.mp3,,male,nar
n.m.,uchicago_S_Hassan,narakʰ.mp3,https://dsal.uchicago.edu/dictionaries/hassan/audio/02826.mp3,,hell,narakʰ
n.f.,uchicago_S_Hassan,nārang.mp3,https://dsal.uchicago.edu/dictionaries/hassan/audio/02827.mp3,,orange,nārang
adj.,uchicago_S_Hassan,nārāz.mp3,https://dsal.uchicago.edu/dictionaries/hassan/audio/02828.mp3,,"cross, oppose, annoyed, angry, fractious",nārāz
n.,uchicago_S_Hassan,nargis.mp3,https://dsal.uchicago.edu/dictionaries/hassan/audio/02829.mp3,,Narcissus,nargis
n.m.,uchicago_S_Hassan,narkōn.mp3,https://dsal.uchicago.edu/dictionaries/hassan/audio/02830.mp3,,reed,narkōn
adj.,uchicago_S_Hassan,narm.mp3,https://dsal.uchicago.edu/dictionaries/hassan/audio/02831.mp3,,"pliable, workable, flexible, bendable",narm
adj.,uchicago_S_Hassan,narm tǝbyet.mp3,https://dsal.uchicago.edu/dictionaries/hassan/audio/02832.mp3,,"soft natured, sober, clear-headed, thoughtful, self-disciplined",narm tǝbyet
adj.,uchicago_S_Hassan,narm mizāz.mp3,https://dsal.uchicago.edu/dictionaries/hassan/audio/02833.mp3,,"submissive, subservient, dutiful, humble",narm mizāz
n.,uchicago_S_Hassan,narmī.mp3,https://dsal.uchicago.edu/dictionaries/hassan/audio/02834.mp3,,"& adj. submissive, humbleness, humility, modesty, unassuming nature",narmī
n.m.,uchicago_S_Hassan,nāruʦ.mp3,https://dsal.uchicago.edu/dictionaries/hassan/audio/02835.mp3,,hook,nāruʦ
n.f.,uchicago_S_Hassan,nas.mp3,https://dsal.uchicago.edu/dictionaries/hassan/audio/02836.mp3,,nose,nas
n.f.,uchicago_S_Hassan,nasīhat.mp3,https://dsal.uchicago.edu/dictionaries/hassan/audio/02837.mp3,,"lesson, example, moral, warning, message",nasīhat
v.,uchicago_S_Hassan,našun.mp3,https://dsal.uchicago.edu/dictionaries/hassan/audio/02838.mp3,,"make a fuss of, make a fuss over, spoil, mess up",našun
n.m.,uchicago_S_Hassan,nāṭak.mp3,https://dsal.uchicago.edu/dictionaries/hassan/audio/02839.mp3,,"theater, the stage",nāṭak
n.f.,uchicago_S_Hassan,naṭʰ.mp3,https://dsal.uchicago.edu/dictionaries/hassan/audio/02840.mp3,,"tremor, trembling, shuddering, shaking,",naṭʰ
n.m.,uchicago_S_Hassan,nǝtījι.mp3,https://dsal.uchicago.edu/dictionaries/hassan/audio/02841.mp3,,"consequence, result, effect, outcome, end result",nǝtījι
n.,uchicago_S_Hassan,nātʸhīnι.mp3,https://dsal.uchicago.edu/dictionaries/hassan/audio/02842.mp3,,"meat pieces, mutton, chicken pieces",nātʸhīnι
n.m.,uchicago_S_Hassan,nāṭι.mp3,https://dsal.uchicago.edu/dictionaries/hassan/audio/02843.mp3,,"venison, red meat, mutton",nāṭι
v.,uchicago_S_Hassan,naṭun.mp3,https://dsal.uchicago.edu/dictionaries/hassan/audio/02844.mp3,,"tremble, shiver, shake, quiver",naṭun
conj.,uchicago_S_Hassan,natι.mp3,https://dsal.uchicago.edu/dictionaries/hassan/audio/02845.mp3,,"else, or, otherwise, or else",natι
adj.,uchicago_S_Hassan,naši.mp3,https://dsal.uchicago.edu/dictionaries/hassan/audio/02846.mp3,,"proud, bigheaded, egotistical",naši
v.,uchicago_S_Hassan,naʦnāwun.mp3,https://dsal.uchicago.edu/dictionaries/hassan/audio/02847.mp3,,"rotary motion, revolution, revolving, going round, turning round",naʦnāwun
v.,uchicago_S_Hassan,naʦun.mp3,https://dsal.uchicago.edu/dictionaries/hassan/audio/02848.mp3,,"dance, bop",naʦun
n.m.,uchicago_S_Hassan,nā-umīd.mp3,https://dsal.uchicago.edu/dictionaries/hassan/audio/02849.mp3,,"despair, misery, hopelessness, desolation",nā-umīd
n.f.,uchicago_S_Hassan,nā-umīdi.mp3,https://dsal.uchicago.edu/dictionaries/hassan/audio/02850.mp3,,"disappointment, dissatisfaction, displeasure, regret",nā-umīdi
v.,uchicago_S_Hassan,nāv hʸun.mp3,https://dsal.uchicago.edu/dictionaries/hassan/audio/02851.mp3,,to name,nāv hʸun
v.,uchicago_S_Hassan,nāv karun.mp3,https://dsal.uchicago.edu/dictionaries/hassan/audio/02852.mp3,,to give name,nāv karun
n.f.,uchicago_S_Hassan,nāv.mp3,https://dsal.uchicago.edu/dictionaries/hassan/audio/02853.mp3,,boat,nāv
n.,uchicago_S_Hassan,nāv.mp3,https://dsal.uchicago.edu/dictionaries/hassan/audio/02854.mp3,,"name, person's name, given name",nāv
n.,uchicago_S_Hassan,nav.mp3,https://dsal.uchicago.edu/dictionaries/hassan/audio/02855.mp3,,nine,nav
n.,uchicago_S_Hassan,naverʸ.mp3,https://dsal.uchicago.edu/dictionaries/hassan/audio/02856.mp3,,"newness, novelty, freshness, innovation",naverʸ
v.,uchicago_S_Hassan,navun.mp3,https://dsal.uchicago.edu/dictionaries/hassan/audio/02857.mp3,,"flourish, grow, prosper, do well, boom, to be new",navun
v.,uchicago_S_Hassan,nebar nērun.mp3,https://dsal.uchicago.edu/dictionaries/hassan/audio/02858.mp3,,"travel, move, proceed",nebar nērun
adj.,uchicago_S_Hassan,nanιwōr.mp3,https://dsal.uchicago.edu/dictionaries/hassan/audio/02859.mp3,,bare feet,nanιwōr
adv.,uchicago_S_Hassan,nay.mp3,https://dsal.uchicago.edu/dictionaries/hassan/audio/02860.mp3,,"unless, if not",nay
adj.,uchicago_S_Hassan,nāyāb.mp3,https://dsal.uchicago.edu/dictionaries/hassan/audio/02861.mp3,,"limited, rare, in short supply, scarce",nāyāb
adj.,uchicago_S_Hassan,nazākat.mp3,https://dsal.uchicago.edu/dictionaries/hassan/audio/02862.mp3,,"elegant, stylish, graceful, well-dressed",nazākat
n.f.,uchicago_S_Hassan,nazar.mp3,https://dsal.uchicago.edu/dictionaries/hassan/audio/02863.mp3,,"sight, eyesight, vision, view, prospect",nazar
adj.,uchicago_S_Hassan,nazdīk.mp3,https://dsal.uchicago.edu/dictionaries/hassan/audio/02864.mp3,,"contiguous, adjacent, adjoining, next, closest, close",nazdīk
n.f.,uchicago_S_Hassan,nic.mp3,https://dsal.uchicago.edu/dictionaries/hassan/audio/02865.mp3,,"young daughter, female child",nic
n.f.,uchicago_S_Hassan,nazm.mp3,https://dsal.uchicago.edu/dictionaries/hassan/audio/02866.mp3,,verse,nazm
adj.,uchicago_S_Hassan,nāznīn.mp3,https://dsal.uchicago.edu/dictionaries/hassan/audio/02867.mp3,,"beautiful woman, stylish, pleasing to the eye, elegant",nāznīn
n.f.,uchicago_S_Hassan,manoṭι.mp3,https://dsal.uchicago.edu/dictionaries/hassan/audio/02868.mp3,,"a weight of one and a half seers, three pounds",manoṭι
v.,uchicago_S_Hassan,nazri ḍalun.mp3,https://dsal.uchicago.edu/dictionaries/hassan/audio/02869.mp3,,"vanish, disappear, fade away, go",nazri ḍalun
v.,uchicago_S_Hassan,nazri yun.mp3,https://dsal.uchicago.edu/dictionaries/hassan/audio/02870.mp3,,"appear, come into view, emerge, come out, show",nazri yun
adj.,uchicago_S_Hassan,nāzuk.mp3,https://dsal.uchicago.edu/dictionaries/hassan/audio/02871.mp3,,"delicate, fragile, weak, flimsy, fine",nāzuk
n.,uchicago_S_Hassan,nͻksān.mp3,https://dsal.uchicago.edu/dictionaries/hassan/audio/02872.mp3,,"loss, shortfall, damage, cause detriment",nͻksān
n.,uchicago_S_Hassan,nɔks.mp3,https://dsal.uchicago.edu/dictionaries/hassan/audio/02873.mp3,,"defect, fault, flaw, shortcoming, deficiency",nɔks
adj.,uchicago_S_Hassan,nɔksānkun.mp3,https://dsal.uchicago.edu/dictionaries/hassan/audio/02874.mp3,,"unhealthy, harmful, bad for you, unhygienic, injurious, damaging",nɔksānkun
n.m.,uchicago_S_Hassan,nēb.mp3,https://dsal.uchicago.edu/dictionaries/hassan/audio/02875.mp3,,"address, residence",nēb
n.,uchicago_S_Hassan,nēb.mp3,https://dsal.uchicago.edu/dictionaries/hassan/audio/02876.mp3,,"token, coupon, voucher, trace",nēb
v.,uchicago_S_Hassan,nebar kaḍun.mp3,https://dsal.uchicago.edu/dictionaries/hassan/audio/02877.mp3,,draw out,nebar kaḍun
adj.,uchicago_S_Hassan,nebar kun.mp3,https://dsal.uchicago.edu/dictionaries/hassan/audio/02878.mp3,,outwards,nebar kun
n.f.,uchicago_S_Hassan,nēm.mp3,https://dsal.uchicago.edu/dictionaries/hassan/audio/02879.mp3,,mortar,nēm
n.,uchicago_S_Hassan,nebar.mp3,https://dsal.uchicago.edu/dictionaries/hassan/audio/02880.mp3,,"& prep. outside, exterior, outer surface beyond, out of, further than",nebar
n.m.,uchicago_S_Hassan,nābud noṭ.mp3,https://dsal.uchicago.edu/dictionaries/hassan/audio/02881.mp3,,a kind of solidified sugar in the form of pitcher used in wedding ceremony,nābud noṭ
n.m.,uchicago_S_Hassan,nebar.mp3,https://dsal.uchicago.edu/dictionaries/hassan/audio/02882.mp3,,stool (evacuation),nebar
n.m.,uchicago_S_Hassan,nǝbi.mp3,https://dsal.uchicago.edu/dictionaries/hassan/audio/02883.mp3,,name of the last Prophet of Muslims,nǝbi
n.,uchicago_S_Hassan,nebrʸum.mp3,https://dsal.uchicago.edu/dictionaries/hassan/audio/02884.mp3,,"foreigner, stranger, alien",nebrʸum
adj.,uchicago_S_Hassan,nebrʸum.mp3,https://dsal.uchicago.edu/dictionaries/hassan/audio/02885.mp3,,"outer, exterior, external",nebrʸum
n.m.,uchicago_S_Hassan,nikι.mp3,https://dsal.uchicago.edu/dictionaries/hassan/audio/02886.mp3,,"baby-boy, kid, child, son",nikι
n.m.,uchicago_S_Hassan,necuv.mp3,https://dsal.uchicago.edu/dictionaries/hassan/audio/02887.mp3,,son,necuv
n.m.,uchicago_S_Hassan,nιlʸci.mp3,https://dsal.uchicago.edu/dictionaries/hassan/audio/02888.mp3,,pipe of hukka,nιlʸci
v.,uchicago_S_Hassan,nedιr karin.mp3,https://dsal.uchicago.edu/dictionaries/hassan/audio/02889.mp3,,"to sleep, be asleep, take a nap",nedιr karin
n.f.,uchicago_S_Hassan,nedιr zol.mp3,https://dsal.uchicago.edu/dictionaries/hassan/audio/02890.mp3,,"nap, doze",nedιr zol
n.f.,uchicago_S_Hassan,nedιr.mp3,https://dsal.uchicago.edu/dictionaries/hassan/audio/02891.mp3,,"sleep, nap",nedιr
v.,uchicago_S_Hassan,negιlun.mp3,https://dsal.uchicago.edu/dictionaries/hassan/audio/02892.mp3,,"swallow, gulp, swig",negιlun
adv.,uchicago_S_Hassan,nǝkʰ-nǝkʰ.mp3,https://dsal.uchicago.edu/dictionaries/hassan/audio/02893.mp3,,shoulder to shoulder,nǝkʰ-nǝkʰ
v.,uchicago_S_Hassan,nǝkʰrι karin.mp3,https://dsal.uchicago.edu/dictionaries/hassan/audio/02894.mp3,,"coquet, make fancy, exaggerate",nǝkʰrι karin
,uchicago_S_Hassan,nǝkʰrι.mp3,https://dsal.uchicago.edu/dictionaries/hassan/audio/02895.mp3,,"""n.f., adj. & v."" blandishment, flatter in order to coax",nǝkʰrι
adv.,uchicago_S_Hassan,nakʰι.mp3,https://dsal.uchicago.edu/dictionaries/hassan/audio/02896.mp3,,"& adj. nearby, adjacent, local, on your doorstep, within walking distance, close",nakʰι
adj.,uchicago_S_Hassan,nēknām.mp3,https://dsal.uchicago.edu/dictionaries/hassan/audio/02897.mp3,,"illustrious, well-known, memorable, famous",nēknām
n.f.,uchicago_S_Hassan,nēkniyetī.mp3,https://dsal.uchicago.edu/dictionaries/hassan/audio/02898.mp3,,"probity, goodness, decency, honesty, saintliness",nēkniyetī
n.m.,uchicago_S_Hassan,nemāz rād.mp3,https://dsal.uchicago.edu/dictionaries/hassan/audio/02899.mp3,,prayer carpets used to offer prayers in Muslim community,nemāz rād
v.,uchicago_S_Hassan,nǝman.mp3,https://dsal.uchicago.edu/dictionaries/hassan/audio/02900.mp3,,"bend, bow",nǝman
adj.,uchicago_S_Hassan,nǝⁿgay.mp3,https://dsal.uchicago.edu/dictionaries/hassan/audio/02901.mp3,,"naked, bare, nude, undressed, open",nǝⁿgay
adj.,uchicago_S_Hassan,nenιmι.mp3,https://dsal.uchicago.edu/dictionaries/hassan/audio/02902.mp3,,"worthless, of no value, useless, meaningless",nenιmι
n.f.,uchicago_S_Hassan,nǝr.mp3,https://dsal.uchicago.edu/dictionaries/hassan/audio/02903.mp3,,"arm, appendage, armrest, wing, limb",nǝr
n.m.,uchicago_S_Hassan,nor.mp3,https://dsal.uchicago.edu/dictionaries/hassan/audio/02904.mp3,,sleeve of garments,nor
v.,uchicago_S_Hassan,nerun.mp3,https://dsal.uchicago.edu/dictionaries/hassan/audio/02905.mp3,,"come out, became, visible, emerge, appear",nerun
v.,uchicago_S_Hassan,nebar gaʦʰun.mp3,https://dsal.uchicago.edu/dictionaries/hassan/audio/02906.mp3,,"to go outside the state, to go abroad",nebar gaʦʰun
n.f.,uchicago_S_Hassan,nǝsīhat.mp3,https://dsal.uchicago.edu/dictionaries/hassan/audio/02907.mp3,,"advice, admonition, warning, caution, vigilance, concern",nǝsīhat
v.,uchicago_S_Hassan,nǝsīhat karin.mp3,https://dsal.uchicago.edu/dictionaries/hassan/audio/02908.mp3,,"advise, counsel, guidance, opinion, suggestion, recommend",nǝsīhat karin
adj.,uchicago_S_Hassan,netʰnun.mp3,https://dsal.uchicago.edu/dictionaries/hassan/audio/02909.mp3,,"naked, bare, nude, unclothed, undressed",netʰnun
v.,uchicago_S_Hassan,netʰιr karun.mp3,https://dsal.uchicago.edu/dictionaries/hassan/audio/02910.mp3,,to marry,netʰιr karun
n.m.,uchicago_S_Hassan,nētʰιr.mp3,https://dsal.uchicago.edu/dictionaries/hassan/audio/02911.mp3,,"marriage, wedding, nuptials, matrimony",nētʰιr
adj.,uchicago_S_Hassan,nǝṭin.mp3,https://dsal.uchicago.edu/dictionaries/hassan/audio/02912.mp3,,"shivering, shaking, trembling",nǝṭin
v.,uchicago_S_Hassan,netun.mp3,https://dsal.uchicago.edu/dictionaries/hassan/audio/02913.mp3,,shear,netun
v.,uchicago_S_Hassan,netι lagun.mp3,https://dsal.uchicago.edu/dictionaries/hassan/audio/02914.mp3,,"stumble, hesitate, stammer",netι lagun
v.,uchicago_S_Hassan,nǝvrāvun.mp3,https://dsal.uchicago.edu/dictionaries/hassan/audio/02915.mp3,,to be flourished,nǝvrāvun
adj.,uchicago_S_Hassan,nǝvyum.mp3,https://dsal.uchicago.edu/dictionaries/hassan/audio/02916.mp3,,ninth,nǝvyum
adj.,uchicago_S_Hassan,nǝzdīk.mp3,https://dsal.uchicago.edu/dictionaries/hassan/audio/02917.mp3,,"close, near, nearby, close by, adjacent, handy, local, on your doorstep",nǝzdīk
n.,uchicago_S_Hassan,nǝzl.mp3,https://dsal.uchicago.edu/dictionaries/hassan/audio/02918.mp3,,"cold, a virus infection of the respiratory tract",nǝzl
adj.,uchicago_S_Hassan,nǝzuk.mp3,https://dsal.uchicago.edu/dictionaries/hassan/audio/02919.mp3,,"tender, sensitive, immature",nǝzuk
n.m.,uchicago_S_Hassan,nēzι.mp3,https://dsal.uchicago.edu/dictionaries/hassan/audio/02920.mp3,,"lancet, spear, lance, spike",nēzι
n.m.,uchicago_S_Hassan,nalkι.mp3,https://dsal.uchicago.edu/dictionaries/hassan/audio/02921.mp3,,tap of water,nalkι
n.,uchicago_S_Hassan,nǝzιl šōr.mp3,https://dsal.uchicago.edu/dictionaries/hassan/audio/02922.mp3,,syphilis,nǝzιl šōr
n.m.,uchicago_S_Hassan,nicēr.mp3,https://dsal.uchicago.edu/dictionaries/hassan/audio/02923.mp3,,leaniness,nicēr
v.,uchicago_S_Hassan,nakʰan kʰotmut.mp3,https://dsal.uchicago.edu/dictionaries/hassan/audio/02924.mp3,,"be soft on, bow to, pander to, pamper",nakʰan kʰotmut
n.,uchicago_S_Hassan,nigrə̄niwōl.mp3,https://dsal.uchicago.edu/dictionaries/hassan/audio/02925.mp3,,"superintendent, officer, administrator, supervisor",nigrə̄niwōl
n.m.,uchicago_S_Hassan,nikāb.mp3,https://dsal.uchicago.edu/dictionaries/hassan/audio/02926.mp3,,veil,nikāb
v.,uchicago_S_Hassan,nikun.mp3,https://dsal.uchicago.edu/dictionaries/hassan/audio/02927.mp3,,"to be thin, put off weight",nikun
adj.,uchicago_S_Hassan,nīlām.mp3,https://dsal.uchicago.edu/dictionaries/hassan/audio/02928.mp3,,"in debt, ruined, bankrupt, cleaned out, out of cash",nīlām
n.m.,uchicago_S_Hassan,nīlam.mp3,https://dsal.uchicago.edu/dictionaries/hassan/audio/02929.mp3,,"sapphire, amethyst, pale purple, violet, lavender",nīlam
n.,uchicago_S_Hassan,nīlιwaṭʰ.mp3,https://dsal.uchicago.edu/dictionaries/hassan/audio/02930.mp3,,marble,nīlιwaṭʰ
prep.,uchicago_S_Hassan,niš.mp3,https://dsal.uchicago.edu/dictionaries/hassan/audio/02931.mp3,,"at, next to, adjacent to, besides, close to,, next to, at the side of, alongside",niš
n.,uchicago_S_Hassan,nišāt.mp3,https://dsal.uchicago.edu/dictionaries/hassan/audio/02932.mp3,,name of one of the Mughal gardens in Kasmir,nišāt
conj.,uchicago_S_Hassan,niš.mp3,https://dsal.uchicago.edu/dictionaries/hassan/audio/02933.mp3,,"than, in comparison",niš
n.m.,uchicago_S_Hassan,nišān.mp3,https://dsal.uchicago.edu/dictionaries/hassan/audio/02934.mp3,,"target, goal, mark, trace, sign",nišān
n.f.,uchicago_S_Hassan,nišə̄nʸ.mp3,https://dsal.uchicago.edu/dictionaries/hassan/audio/02935.mp3,,"betrothal, engagement, commitment",nišə̄nʸ
n.f.,uchicago_S_Hassan,niyet.mp3,https://dsal.uchicago.edu/dictionaries/hassan/audio/02936.mp3,,"intention, aim, purpose, intent",niyet
n.m.,uchicago_S_Hassan,nōkar.mp3,https://dsal.uchicago.edu/dictionaries/hassan/audio/02937.mp3,,servant,nōkar
n.f.,uchicago_S_Hassan,nōkrī.mp3,https://dsal.uchicago.edu/dictionaries/hassan/audio/02938.mp3,,"service, assistance",nōkrī
adj.,uchicago_S_Hassan,non.mp3,https://dsal.uchicago.edu/dictionaries/hassan/audio/02939.mp3,,"apparent, evident, seeming, deceptive",non
n.pl.,uchicago_S_Hassan,nǝrʸ.mp3,https://dsal.uchicago.edu/dictionaries/hassan/audio/02940.mp3,,sleeves,nǝrʸ
n.f.,uchicago_S_Hassan,nͻš.mp3,https://dsal.uchicago.edu/dictionaries/hassan/audio/02941.mp3,,daughter-in-law,nͻš
n.m.,uchicago_S_Hassan,noṭ.mp3,https://dsal.uchicago.edu/dictionaries/hassan/audio/02942.mp3,,"pot, urn, bucket, pitcher",noṭ
n.f.,uchicago_S_Hassan,ābι noṭ.mp3,https://dsal.uchicago.edu/dictionaries/hassan/audio/02943.mp3,,"pitcher, water pot, water-vessel",ābι noṭ
n.m.,uchicago_S_Hassan,ḍul.mp3,https://dsal.uchicago.edu/dictionaries/hassan/audio/02944.mp3,,pitcher usually to store curd,ḍul
n.m.,uchicago_S_Hassan,nal.mp3,https://dsal.uchicago.edu/dictionaries/hassan/audio/02945.mp3,,"stalk, stem",nal
adj.,uchicago_S_Hassan,nov.mp3,https://dsal.uchicago.edu/dictionaries/hassan/audio/02946.mp3,,"fresh, new, brand new, novel, innovative",nov
adj.,uchicago_S_Hassan,nālāyak.mp3,https://dsal.uchicago.edu/dictionaries/hassan/audio/02947.mp3,,"unworthy, not fit for, shameful, disreputable, worthless",nālāyak
v.,uchicago_S_Hassan,nuksān.mp3,https://dsal.uchicago.edu/dictionaries/hassan/audio/02948.mp3,,"damage, spoil, harm, injure",nuksān
prep.,uchicago_S_Hassan,mānand.mp3,https://dsal.uchicago.edu/dictionaries/hassan/audio/02949.mp3,,"like, resembling, after the likeness of",mānand
v.,uchicago_S_Hassan,nendι karin.mp3,https://dsal.uchicago.edu/dictionaries/hassan/audio/02950.mp3,,to sow seedlings of rice,nendι karin
adj.,uchicago_S_Hassan,nuksānlǝd.mp3,https://dsal.uchicago.edu/dictionaries/hassan/audio/02951.mp3,,"destructive, damaging, devastating, harmful, hurtful, disparaging",nuksānlǝd
n.m.,uchicago_S_Hassan,nūl.mp3,https://dsal.uchicago.edu/dictionaries/hassan/audio/02952.mp3,,mongoose,nūl
n.f.,uchicago_S_Hassan,nūj.mp3,https://dsal.uchicago.edu/dictionaries/hassan/audio/02953.mp3,,weasel,nūj
v.,uchicago_S_Hassan,nūn hāwun.mp3,https://dsal.uchicago.edu/dictionaries/hassan/audio/02954.mp3,,"taste, experiment, try out, check out",nūn hāwun
n.m.,uchicago_S_Hassan,nūn.mp3,https://dsal.uchicago.edu/dictionaries/hassan/audio/02955.mp3,,salt,nūn
adj.,uchicago_S_Hassan,nundιbə̄n.mp3,https://dsal.uchicago.edu/dictionaries/hassan/audio/02956.mp3,,"pretty, attractive, beautiful, charming",nundιbə̄n
n.,uchicago_S_Hassan,nūr.mp3,https://dsal.uchicago.edu/dictionaries/hassan/audio/02957.mp3,,light,nūr
n.f.,uchicago_S_Hassan,mͻnʸ.mp3,https://dsal.uchicago.edu/dictionaries/hassan/audio/02958.mp3,,a kiss,mͻnʸ
n.m.,uchicago_S_Hassan,nʸɔṭʰ.mp3,https://dsal.uchicago.edu/dictionaries/hassan/audio/02959.mp3,,thumb,nʸɔṭʰ
n.m.,uchicago_S_Hassan,nag.mp3,https://dsal.uchicago.edu/dictionaries/hassan/audio/02960.mp3,,"stud, precious stones",nag
adj.,uchicago_S_Hassan,nʸendιri hot.mp3,https://dsal.uchicago.edu/dictionaries/hassan/audio/02961.mp3,,"sleepy, drowsy, heavy-eyed, sluggish",nʸendιri hot
n.m.,uchicago_S_Hassan,nʸǝṭʰ.mp3,https://dsal.uchicago.edu/dictionaries/hassan/audio/02962.mp3,,big toe,nʸǝṭʰ
adj.,uchicago_S_Hassan,nʸǝtʰιnun.mp3,https://dsal.uchicago.edu/dictionaries/hassan/audio/02963.mp3,,"bare, naked, nude, exposed, uncovered, undressed, unclothed, stripped",nʸǝtʰιnun
n.f.,uchicago_S_Hassan,nʸilιmonḍij.mp3,https://dsal.uchicago.edu/dictionaries/hassan/audio/02964.mp3,,frog,nʸilιmonḍij
adj.,uchicago_S_Hassan,nʸuk.mp3,https://dsal.uchicago.edu/dictionaries/hassan/audio/02965.mp3,,"thin, skinny, lean",nʸuk
adj.,uchicago_S_Hassan,nic.mp3,https://dsal.uchicago.edu/dictionaries/hassan/audio/02966.mp3,,"lean, thin, skinny",nic
adj.,uchicago_S_Hassan,nʸūl.mp3,https://dsal.uchicago.edu/dictionaries/hassan/audio/02967.mp3,,"blue, sapphire, indigo, cobalt, azure, indigo",nʸūl
n.f.,uchicago_S_Hassan,nʸīj.mp3,https://dsal.uchicago.edu/dictionaries/hassan/audio/02968.mp3,,weeds or feed for cattle,nʸīj
v.,uchicago_S_Hassan,nʸun.mp3,https://dsal.uchicago.edu/dictionaries/hassan/audio/02969.mp3,,"to take, obtain, steal, take away",nʸun
v.,uchicago_S_Hassan,nʸānāvunι.mp3,https://dsal.uchicago.edu/dictionaries/hassan/audio/02970.mp3,,"make to carry away, take away, carry off, cart off, eject, remove, banish",nʸānāvunι
n.f.,uchicago_S_Hassan,nʸūr.mp3,https://dsal.uchicago.edu/dictionaries/hassan/audio/02971.mp3,,hoof,nʸūr
n.f.,uchicago_S_Hassan,nə̄r.mp3,https://dsal.uchicago.edu/dictionaries/hassan/audio/02972.mp3,,tea-pot,nə̄r
v.,uchicago_S_Hassan,nə̄l ʦʰunun.mp3,https://dsal.uchicago.edu/dictionaries/hassan/audio/02973.mp3,,"put on, dress in, wear, change into",nə̄l ʦʰunun
n.f.,uchicago_S_Hassan,nə̄r.mp3,https://dsal.uchicago.edu/dictionaries/hassan/audio/02974.mp3,,"tendon, ligament",nə̄r
n.m.,uchicago_S_Hassan,nə̄r.mp3,https://dsal.uchicago.edu/dictionaries/hassan/audio/02975.mp3,,valley,nə̄r
n.f.,uchicago_S_Hassan,nə̄r.mp3,https://dsal.uchicago.edu/dictionaries/hassan/audio/02976.mp3,,vein,nə̄r
n.m.,uchicago_S_Hassan,nə̄vid.mp3,https://dsal.uchicago.edu/dictionaries/hassan/audio/02977.mp3,,barber,nə̄vid
n.,uchicago_S_Hassan,nə̄zir.mp3,https://dsal.uchicago.edu/dictionaries/hassan/audio/02978.mp3,,"superintendent, officer, administrator, supervisor",nə̄zir
n.f.,uchicago_S_Hassan,ōbrǝy.mp3,https://dsal.uchicago.edu/dictionaries/hassan/audio/02979.mp3,,honour,ōbrǝy
n.m.,uchicago_S_Hassan,oḍ.mp3,https://dsal.uchicago.edu/dictionaries/hassan/audio/02980.mp3,,"half, semi",oḍ
v.,uchicago_S_Hassan,odrāwun.mp3,https://dsal.uchicago.edu/dictionaries/hassan/audio/02981.mp3,,"make wet, moisten, soak, spray",odrāwun
adj.,uchicago_S_Hassan,odur.mp3,https://dsal.uchicago.edu/dictionaries/hassan/audio/02982.mp3,,"damp, moist, clammy, wet",odur
n.f.,uchicago_S_Hassan,ǝdrιkʰal.mp3,https://dsal.uchicago.edu/dictionaries/hassan/audio/02983.mp3,,"extreme insult, giving extreme dishonour, consigning to destruction",ǝdrιkʰal
n.m.,uchicago_S_Hassan,obrι lang.mp3,https://dsal.uchicago.edu/dictionaries/hassan/audio/02984.mp3,,"cloud, mist",obrι lang
n.m.,uchicago_S_Hassan,ōkʰun.mp3,https://dsal.uchicago.edu/dictionaries/hassan/audio/02985.mp3,,"tutor, teacher, educator",ōkʰun
n.m.,uchicago_S_Hassan,ōl.mp3,https://dsal.uchicago.edu/dictionaries/hassan/audio/02986.mp3,,nest,ōl
adj.,uchicago_S_Hassan,ōm.mp3,https://dsal.uchicago.edu/dictionaries/hassan/audio/02987.mp3,,"uncooked, raw, lightly cooked, unprepared",ōm
n.m.,uchicago_S_Hassan,ōm dͻd.mp3,https://dsal.uchicago.edu/dictionaries/hassan/audio/02988.mp3,,milk,ōm dͻd
n.m.,uchicago_S_Hassan,on.mp3,https://dsal.uchicago.edu/dictionaries/hassan/audio/02989.mp3,,"blind, sightless, unsighted",on
n.m.,uchicago_S_Hassan,onjūr kul.mp3,https://dsal.uchicago.edu/dictionaries/hassan/audio/02990.mp3,,kig tree,onjūr kul
n.,uchicago_S_Hassan,onjūr.mp3,https://dsal.uchicago.edu/dictionaries/hassan/audio/02991.mp3,,fig,onjūr
v.,uchicago_S_Hassan,ōr yōr pakun.mp3,https://dsal.uchicago.edu/dictionaries/hassan/audio/02992.mp3,,"wander, roam, stray",ōr yōr pakun
adj.,uchicago_S_Hassan,or.mp3,https://dsal.uchicago.edu/dictionaries/hassan/audio/02993.mp3,,"healthy, fit, healthful, in good physical shape",or
n.m.,uchicago_S_Hassan,or zuv.mp3,https://dsal.uchicago.edu/dictionaries/hassan/audio/02994.mp3,,"healthiness, physical condition, robustness, health",or zuv
v.,uchicago_S_Hassan,oš trāwun.mp3,https://dsal.uchicago.edu/dictionaries/hassan/audio/02995.mp3,,"tears, moan, cry",oš trāwun
v.,uchicago_S_Hassan,ōs.mp3,https://dsal.uchicago.edu/dictionaries/hassan/audio/02996.mp3,,(3rd per.sing.m.) (he) was,ōs
v.,uchicago_S_Hassan,oš hārun.mp3,https://dsal.uchicago.edu/dictionaries/hassan/audio/02997.mp3,,"cry, weep, moan",oš hārun
v.,uchicago_S_Hassan,ōsus.mp3,https://dsal.uchicago.edu/dictionaries/hassan/audio/02998.mp3,,"(1st per.sing.) (I) was, exist , happen, be situated",ōsus
n.f.,uchicago_S_Hassan,ōtanjī.mp3,https://dsal.uchicago.edu/dictionaries/hassan/audio/02999.mp3,,female teacher,ōtanjī
n.,uchicago_S_Hassan,ōṭʰ.mp3,https://dsal.uchicago.edu/dictionaries/hassan/audio/03000.mp3,,flour,ōṭʰ
adv.,uchicago_S_Hassan,ōtrι.mp3,https://dsal.uchicago.edu/dictionaries/hassan/audio/03001.mp3,,day before yesterday,ōtrι
n.m.,uchicago_S_Hassan,pacʰ.mp3,https://dsal.uchicago.edu/dictionaries/hassan/audio/03002.mp3,,fortnight,pacʰ
n.m.,uchicago_S_Hassan,pacʰtāv.mp3,https://dsal.uchicago.edu/dictionaries/hassan/audio/03003.mp3,,"remorse, regret, repentance, penitence, guilt",pacʰtāv
n.m.,uchicago_S_Hassan,pād.mp3,https://dsal.uchicago.edu/dictionaries/hassan/audio/03004.mp3,,feet,pād
n.f.,uchicago_S_Hassan,padcʰā katʰ.mp3,https://dsal.uchicago.edu/dictionaries/hassan/audio/03005.mp3,,"story, fable",padcʰā katʰ
n.m.,uchicago_S_Hassan,pādǝr sιh.mp3,https://dsal.uchicago.edu/dictionaries/hassan/audio/03006.mp3,,lion,pādǝr sιh
n.m.,uchicago_S_Hassan,pādšah.mp3,https://dsal.uchicago.edu/dictionaries/hassan/audio/03007.mp3,,king,pādšah
n.f.,uchicago_S_Hassan,pādšə̄hi.mp3,https://dsal.uchicago.edu/dictionaries/hassan/audio/03008.mp3,,kingdom,pādšə̄hi
n.m.,uchicago_S_Hassan,paḍur.mp3,https://dsal.uchicago.edu/dictionaries/hassan/audio/03009.mp3,,hoof,paḍur
adv.,uchicago_S_Hassan,padι pat padι.mp3,https://dsal.uchicago.edu/dictionaries/hassan/audio/03010.mp3,,step by step,padι pat padι
v.,uchicago_S_Hassan,par.mp3,https://dsal.uchicago.edu/dictionaries/hassan/audio/03011.mp3,,"read, understand writing, study",par
n.,uchicago_S_Hassan,pagah.mp3,https://dsal.uchicago.edu/dictionaries/hassan/audio/03012.mp3,,"& adv. tomorrow, the day after today, the future",pagah
n.f.,uchicago_S_Hassan,pagιr.mp3,https://dsal.uchicago.edu/dictionaries/hassan/audio/03013.mp3,,turban,pagιr
n.,uchicago_S_Hassan,pah.mp3,https://dsal.uchicago.edu/dictionaries/hassan/audio/03014.mp3,,excreta,pah
v.,uchicago_S_Hassan,paha hʸon.mp3,https://dsal.uchicago.edu/dictionaries/hassan/audio/03015.mp3,,"have a loan of, make use of",paha hʸon
n.,uchicago_S_Hassan,paha.mp3,https://dsal.uchicago.edu/dictionaries/hassan/audio/03016.mp3,,"loan, mortgage, credit",paha
adj.,uchicago_S_Hassan,pāk.mp3,https://dsal.uchicago.edu/dictionaries/hassan/audio/03017.mp3,,"boiling, broiling, sweltering, steaming",pāk
n.,uchicago_S_Hassan,pāk.mp3,https://dsal.uchicago.edu/dictionaries/hassan/audio/03018.mp3,,pus,pāk
adj.,uchicago_S_Hassan,pākʰ.mp3,https://dsal.uchicago.edu/dictionaries/hassan/audio/03019.mp3,,"uncontaminated, clean, pure, uncorrupted, undamaged",pākʰ
adj.,uchicago_S_Hassan,pākʰ dāman.mp3,https://dsal.uchicago.edu/dictionaries/hassan/audio/03020.mp3,,"unadulterated, uncorrupted",pākʰ dāman
n.f.,uchicago_S_Hassan,pakʰ.mp3,https://dsal.uchicago.edu/dictionaries/hassan/audio/03021.mp3,,wing,pakʰ
v.,uchicago_S_Hassan,pakun.mp3,https://dsal.uchicago.edu/dictionaries/hassan/audio/03022.mp3,,to walk,pakun
adv.,uchicago_S_Hassan,pakān pakān.mp3,https://dsal.uchicago.edu/dictionaries/hassan/audio/03023.mp3,,"walking, on foot",pakān pakān
v.,uchicago_S_Hassan,pakιnāwun.mp3,https://dsal.uchicago.edu/dictionaries/hassan/audio/03024.mp3,,to drive,pakιnāwun
n.f.,uchicago_S_Hassan,pal.mp3,https://dsal.uchicago.edu/dictionaries/hassan/audio/03025.mp3,,stone,pal
n.f.,uchicago_S_Hassan,pālak.mp3,https://dsal.uchicago.edu/dictionaries/hassan/audio/03026.mp3,,spinach,pālak
n.m.,uchicago_S_Hassan,palaw.mp3,https://dsal.uchicago.edu/dictionaries/hassan/audio/03027.mp3,,garments,palaw
n.m.,uchicago_S_Hassan,paltis.mp3,https://dsal.uchicago.edu/dictionaries/hassan/audio/03028.mp3,,poultice,paltis
v.,uchicago_S_Hassan,pālun.mp3,https://dsal.uchicago.edu/dictionaries/hassan/audio/03029.mp3,,"look after, take care of, see to, watch over, guard, tend",pālun
n.m.,uchicago_S_Hassan,pālan wōl.mp3,https://dsal.uchicago.edu/dictionaries/hassan/audio/03030.mp3,,"one who look after, rear, tame, or like",pālan wōl
v.,uchicago_S_Hassan,pām din.mp3,https://dsal.uchicago.edu/dictionaries/hassan/audio/03031.mp3,,"reproach, criticize, chide, blame",pām din
n.f.,uchicago_S_Hassan,pām.mp3,https://dsal.uchicago.edu/dictionaries/hassan/audio/03032.mp3,,"criticism, blame, accusation, scolding",pām
v.,uchicago_S_Hassan,pamāl karun.mp3,https://dsal.uchicago.edu/dictionaries/hassan/audio/03033.mp3,,"grow, prosper, flourish, boom",pamāl karun
n.m.,uchicago_S_Hassan,pambι hāh.mp3,https://dsal.uchicago.edu/dictionaries/hassan/audio/03034.mp3,,Rhubarb,pambι hāh
n.m.,uchicago_S_Hassan,pambι ʦālan.mp3,https://dsal.uchicago.edu/dictionaries/hassan/audio/03035.mp3,,"Rhubarb root, anti-inflamatory",pambι ʦālan
n.m.,uchicago_S_Hassan,pampōš.mp3,https://dsal.uchicago.edu/dictionaries/hassan/audio/03036.mp3,,Lotus,pampōš
n.m.,uchicago_S_Hassan,pān.mp3,https://dsal.uchicago.edu/dictionaries/hassan/audio/03037.mp3,,body,pān
n.,uchicago_S_Hassan,pān.mp3,https://dsal.uchicago.edu/dictionaries/hassan/audio/03038.mp3,,one’s self,pān
n.f.,uchicago_S_Hassan,pan.mp3,https://dsal.uchicago.edu/dictionaries/hassan/audio/03039.mp3,,thread,pan
n.,uchicago_S_Hassan,panāgah.mp3,https://dsal.uchicago.edu/dictionaries/hassan/audio/03040.mp3,,"refuge, shelter, protection, place of safety",panāgah
n.m.,uchicago_S_Hassan,panah.mp3,https://dsal.uchicago.edu/dictionaries/hassan/audio/03041.mp3,,"breadth, width, wideness, size, girth",panah
n.,uchicago_S_Hassan,panah.mp3,https://dsal.uchicago.edu/dictionaries/hassan/audio/03042.mp3,,"refuge, protection",panah
n.m.,uchicago_S_Hassan,pan-bιrg.mp3,https://dsal.uchicago.edu/dictionaries/hassan/audio/03043.mp3,,leaf,pan-bιrg
n.,uchicago_S_Hassan,pandah.mp3,https://dsal.uchicago.edu/dictionaries/hassan/audio/03044.mp3,,fifteen,pandah
adj.,uchicago_S_Hassan,pandhǝyum.mp3,https://dsal.uchicago.edu/dictionaries/hassan/audio/03045.mp3,,fifteenth,pandhǝyum
n.f.,uchicago_S_Hassan,panj.mp3,https://dsal.uchicago.edu/dictionaries/hassan/audio/03046.mp3,,"committee, board, commission, ruling body, congress, meeting",panj
n.m.,uchicago_S_Hassan,panji.mp3,https://dsal.uchicago.edu/dictionaries/hassan/audio/03047.mp3,,"talon, claw of a bird",panji
n.m.,uchicago_S_Hassan,panjirι.mp3,https://dsal.uchicago.edu/dictionaries/hassan/audio/03048.mp3,,"cage, barred, enclosure, crate, trellis, grille, frame",panjirι
v.,uchicago_S_Hassan,paⁿjι dʸun.mp3,https://dsal.uchicago.edu/dictionaries/hassan/audio/03049.mp3,,"to claw, scrape, scratch, scrabble, tear",paⁿjι dʸun
adj.,uchicago_S_Hassan,paⁿjə̄b.mp3,https://dsal.uchicago.edu/dictionaries/hassan/audio/03050.mp3,,"outsider, one from other parts of India",paⁿjə̄b
n.m.,uchicago_S_Hassan,banjə̄r.mp3,https://dsal.uchicago.edu/dictionaries/hassan/audio/03051.mp3,,person who sell hosiery from village to village,banjə̄r
n.f.,uchicago_S_Hassan,tīr.mp3,https://dsal.uchicago.edu/dictionaries/hassan/audio/03052.mp3,,"feather, quill",tīr
n.f.,uchicago_S_Hassan,paⁿkʰι.mp3,https://dsal.uchicago.edu/dictionaries/hassan/audio/03053.mp3,,fan,paⁿkʰι
n.,uchicago_S_Hassan,pāⁿsatat.mp3,https://dsal.uchicago.edu/dictionaries/hassan/audio/03054.mp3,,seventy-five,pāⁿsatat
adj.,uchicago_S_Hassan,pāⁿsatʰʸum.mp3,https://dsal.uchicago.edu/dictionaries/hassan/audio/03055.mp3,,seventy-fifth,pāⁿsatʰʸum
n.,uchicago_S_Hassan,pāⁿʦ.mp3,https://dsal.uchicago.edu/dictionaries/hassan/audio/03056.mp3,,five,pāⁿʦ
n.f.,uchicago_S_Hassan,pāⁿʦādar.mp3,https://dsal.uchicago.edu/dictionaries/hassan/audio/03057.mp3,,"waterfall, cascade",pāⁿʦādar
n.,uchicago_S_Hassan,panʦah.mp3,https://dsal.uchicago.edu/dictionaries/hassan/audio/03058.mp3,,fifty,panʦah
adj.,uchicago_S_Hassan,panʦhǝyum.mp3,https://dsal.uchicago.edu/dictionaries/hassan/audio/03059.mp3,,fiftieth,panʦhǝyum
n.,uchicago_S_Hassan,pāⁿʦhə̄ṭʰ.mp3,https://dsal.uchicago.edu/dictionaries/hassan/audio/03060.mp3,,sixty-five,pāⁿʦhə̄ṭʰ
adj.,uchicago_S_Hassan,pāⁿʦhə̄ṭʰʸum.mp3,https://dsal.uchicago.edu/dictionaries/hassan/audio/03061.mp3,,sixty-fifth,pāⁿʦhə̄ṭʰʸum
n.,uchicago_S_Hassan,paⁿʦnamatʰ.mp3,https://dsal.uchicago.edu/dictionaries/hassan/audio/03062.mp3,,ninety-five,paⁿʦnamatʰ
adj.,uchicago_S_Hassan,paⁿʦnamthʸum.mp3,https://dsal.uchicago.edu/dictionaries/hassan/audio/03063.mp3,,ninety-fifth,paⁿʦnamthʸum
n.,uchicago_S_Hassan,pāⁿʦšītʰ.mp3,https://dsal.uchicago.edu/dictionaries/hassan/audio/03064.mp3,,eighty-five,pāⁿʦšītʰ
adj.,uchicago_S_Hassan,pāⁿʦ šītʰhʸum.mp3,https://dsal.uchicago.edu/dictionaries/hassan/audio/03065.mp3,,eighty-fifth,pāⁿʦ šītʰhʸum
n.,uchicago_S_Hassan,pāⁿʦtrιh.mp3,https://dsal.uchicago.edu/dictionaries/hassan/audio/03066.mp3,,thirty-five,pāⁿʦtrιh
n.,uchicago_S_Hassan,pāⁿʦtə̄jih.mp3,https://dsal.uchicago.edu/dictionaries/hassan/audio/03067.mp3,,forty-five,pāⁿʦtə̄jih
adj.,uchicago_S_Hassan,pāⁿʦtə̄jihʸum.mp3,https://dsal.uchicago.edu/dictionaries/hassan/audio/03068.mp3,,forty-fifth,pāⁿʦtə̄jihʸum
n.,uchicago_S_Hassan,panʦwanzah.mp3,https://dsal.uchicago.edu/dictionaries/hassan/audio/03069.mp3,,fifty-five,panʦwanzah
adj.,uchicago_S_Hassan,panʦwanzǝhʸum.mp3,https://dsal.uchicago.edu/dictionaries/hassan/audio/03070.mp3,,fifty-fifth,panʦwanzǝhʸum
n.,uchicago_S_Hassan,panunpān.mp3,https://dsal.uchicago.edu/dictionaries/hassan/audio/03071.mp3,,self,panunpān
adv.,uchicago_S_Hassan,pānwə̄nʸ.mp3,https://dsal.uchicago.edu/dictionaries/hassan/audio/03072.mp3,,"together, jointly, mutually, collectively",pānwə̄nʸ
n.m.,uchicago_S_Hassan,panʸūr.mp3,https://dsal.uchicago.edu/dictionaries/hassan/audio/03073.mp3,,water-carrier,panʸūr
n.m.,uchicago_S_Hassan,panιdīⁿg.mp3,https://dsal.uchicago.edu/dictionaries/hassan/audio/03074.mp3,,reel of thread,panιdīⁿg
n.m.,uchicago_S_Hassan,panιgoṭι.mp3,https://dsal.uchicago.edu/dictionaries/hassan/audio/03075.mp3,,reel of thread,panιgoṭι
n.m.,uchicago_S_Hassan,pāp.mp3,https://dsal.uchicago.edu/dictionaries/hassan/audio/03076.mp3,,"crime, offense, wrong, sin, misdeed, misdemeanor",pāp
n.m.,uchicago_S_Hassan,pipal marʦιwāⁿgun.mp3,https://dsal.uchicago.edu/dictionaries/hassan/audio/03077.mp3,,capsicum,pipal marʦιwāⁿgun
n.m.,uchicago_S_Hassan,par.mp3,https://dsal.uchicago.edu/dictionaries/hassan/audio/03078.mp3,,wing,par
n.,uchicago_S_Hassan,pardι.mp3,https://dsal.uchicago.edu/dictionaries/hassan/audio/03079.mp3,,"curtain, blind, shade",pardι
v.,uchicago_S_Hassan,pardι karun.mp3,https://dsal.uchicago.edu/dictionaries/hassan/audio/03080.mp3,,to cover,pardι karun
v.,uchicago_S_Hassan,parēšān gaʦʰun.mp3,https://dsal.uchicago.edu/dictionaries/hassan/audio/03081.mp3,,"perplex, puzzle, baffle",parēšān gaʦʰun
v.,uchicago_S_Hassan,parēšān karun.mp3,https://dsal.uchicago.edu/dictionaries/hassan/audio/03082.mp3,,to puzzle someone,parēšān karun
adj.,uchicago_S_Hassan,parēšān.mp3,https://dsal.uchicago.edu/dictionaries/hassan/audio/03083.mp3,,"disheveled, ragged, poorly maintained",parēšān
n.,uchicago_S_Hassan,parēšānī.mp3,https://dsal.uchicago.edu/dictionaries/hassan/audio/03084.mp3,,"problem, perplexed, puzzled, at a loss, confused, baffled",parēšānī
v.,uchicago_S_Hassan,parhēz.mp3,https://dsal.uchicago.edu/dictionaries/hassan/audio/03085.mp3,,"abstain, give up, desist, cease, discontinue, abstain from",parhēz
adj.,uchicago_S_Hassan,parhēzgār.mp3,https://dsal.uchicago.edu/dictionaries/hassan/audio/03086.mp3,,"abstemious, self-denying, ascetic, Spartan",parhēzgār
adv.,uchicago_S_Hassan,parhēzgə̄rī.mp3,https://dsal.uchicago.edu/dictionaries/hassan/audio/03087.mp3,,"temperate, self-control",parhēzgə̄rī
adj.,uchicago_S_Hassan,pari hiš.mp3,https://dsal.uchicago.edu/dictionaries/hassan/audio/03088.mp3,,fairy like,pari hiš
n.f.,uchicago_S_Hassan,parī.mp3,https://dsal.uchicago.edu/dictionaries/hassan/audio/03089.mp3,,fairy,parī
v.,uchicago_S_Hassan,parnāwun.mp3,https://dsal.uchicago.edu/dictionaries/hassan/audio/03090.mp3,,"to teach, to impart knowledge, educate",parnāwun
n.,uchicago_S_Hassan,pārsang.mp3,https://dsal.uchicago.edu/dictionaries/hassan/audio/03091.mp3,,equipoise,pārsang
n.,uchicago_S_Hassan,parsuk.mp3,https://dsal.uchicago.edu/dictionaries/hassan/audio/03092.mp3,,"last year’s, of last year",parsuk
n.m.,uchicago_S_Hassan,pārūd.mp3,https://dsal.uchicago.edu/dictionaries/hassan/audio/03093.mp3,,"mercury, quicksilver",pārūd
n.,uchicago_S_Hassan,parus.mp3,https://dsal.uchicago.edu/dictionaries/hassan/audio/03094.mp3,,last year,parus
n.m.,uchicago_S_Hassan,pə̄rus.mp3,https://dsal.uchicago.edu/dictionaries/hassan/audio/03095.mp3,,year before last year,pə̄rus
adv.,uchicago_S_Hassan,parus wιryuk.mp3,https://dsal.uchicago.edu/dictionaries/hassan/audio/03096.mp3,,yesteryear’s,parus wιryuk
v.,uchicago_S_Hassan,parwā karun.mp3,https://dsal.uchicago.edu/dictionaries/hassan/audio/03097.mp3,,"be concerned, worry, think about, be bothered, mind",parwā karun
n.m.,uchicago_S_Hassan,parwā.mp3,https://dsal.uchicago.edu/dictionaries/hassan/audio/03098.mp3,,"care, concern, worry, bother, attention",parwā
v.,uchicago_S_Hassan,parwah barun.mp3,https://dsal.uchicago.edu/dictionaries/hassan/audio/03099.mp3,,"think, take into account, consider, stare",parwah barun
n.,uchicago_S_Hassan,pardēs.mp3,https://dsal.uchicago.edu/dictionaries/hassan/audio/03100.mp3,,"foreign, outside your native place, non-native place",pardēs
v.,uchicago_S_Hassan,parwǝriš karin.mp3,https://dsal.uchicago.edu/dictionaries/hassan/audio/03101.mp3,,"to sustain, nourish, keep you going, support, feed, help, aid",parwǝriš karin
n.m.,uchicago_S_Hassan,paš.mp3,https://dsal.uchicago.edu/dictionaries/hassan/audio/03102.mp3,,"roof, top",paš
n.,uchicago_S_Hassan,pasand.mp3,https://dsal.uchicago.edu/dictionaries/hassan/audio/03103.mp3,,"choice, preference, pick, option, selection",pasand
v.,uchicago_S_Hassan,pašpun.mp3,https://dsal.uchicago.edu/dictionaries/hassan/audio/03104.mp3,,"ooze, drip, seep",pašpun
v.,uchicago_S_Hassan,pašpιnāwun.mp3,https://dsal.uchicago.edu/dictionaries/hassan/audio/03105.mp3,,keep to drop or strain,pašpιnāwun
adj.,uchicago_S_Hassan,past.mp3,https://dsal.uchicago.edu/dictionaries/hassan/audio/03106.mp3,,low,past
n.m.,uchicago_S_Hassan,patā.mp3,https://dsal.uchicago.edu/dictionaries/hassan/audio/03107.mp3,,address,patā
prep.,uchicago_S_Hassan,patʰ.mp3,https://dsal.uchicago.edu/dictionaries/hassan/audio/03108.mp3,,"behind, at the back of, after",patʰ
v.,uchicago_S_Hassan,patʰar pʸun.mp3,https://dsal.uchicago.edu/dictionaries/hassan/audio/03109.mp3,,"fall, drop, descend, fall over, fall down",patʰar pʸun
adv.,uchicago_S_Hassan,patʰι kanʸ.mp3,https://dsal.uchicago.edu/dictionaries/hassan/audio/03110.mp3,,"at the back, at the rear, in the rear, after, following",patʰι kanʸ
n.m.,uchicago_S_Hassan,patilι.mp3,https://dsal.uchicago.edu/dictionaries/hassan/audio/03111.mp3,,pan to make tea or like,patilι
adv.,uchicago_S_Hassan,patιpat.mp3,https://dsal.uchicago.edu/dictionaries/hassan/audio/03112.mp3,,"running or walking after someone, follow",patιpat
adv.,uchicago_S_Hassan,patolākan.mp3,https://dsal.uchicago.edu/dictionaries/hassan/audio/03113.mp3,,"at last, after a long wait, finally, after a long wait",patolākan
n.m.,uchicago_S_Hassan,patul.mp3,https://dsal.uchicago.edu/dictionaries/hassan/audio/03114.mp3,,"statue, effigy, model",patul
adj.,uchicago_S_Hassan,paṭʸuw.mp3,https://dsal.uchicago.edu/dictionaries/hassan/audio/03115.mp3,,woolen cloth,paṭʸuw
,uchicago_S_Hassan,patι patι pakun.mp3,https://dsal.uchicago.edu/dictionaries/hassan/audio/03116.mp3,,"phrase go along, to follow, understand, be a fan of, admire",patι patι pakun
v.,uchicago_S_Hassan,patι yun.mp3,https://dsal.uchicago.edu/dictionaries/hassan/audio/03117.mp3,,"follow, go after, pursue",patι yun
prep.,uchicago_S_Hassan,patι.mp3,https://dsal.uchicago.edu/dictionaries/hassan/audio/03118.mp3,,"after, behind, following, subsequent to",patι
v.,uchicago_S_Hassan,paʦʰ anιn.mp3,https://dsal.uchicago.edu/dictionaries/hassan/audio/03119.mp3,,"to assure, promise, guarantee, give surety",paʦʰ anιn
v.,uchicago_S_Hassan,paʦʰ karinʸ.mp3,https://dsal.uchicago.edu/dictionaries/hassan/audio/03120.mp3,,"confide, entrust, trust",paʦʰ karinʸ
n.f.,uchicago_S_Hassan,paʦʰ.mp3,https://dsal.uchicago.edu/dictionaries/hassan/audio/03121.mp3,,"confidence, belief, faith, trust, support, loyalty, self-assurance, firmness, sureness, reliance",paʦʰ
n.,uchicago_S_Hassan,pāv.mp3,https://dsal.uchicago.edu/dictionaries/hassan/audio/03122.mp3,,"quarter, fourth of something",pāv
n.,uchicago_S_Hassan,pāv.mp3,https://dsal.uchicago.edu/dictionaries/hassan/audio/03123.mp3,,step,pāv
n.m.,uchicago_S_Hassan,nalam.mp3,https://dsal.uchicago.edu/dictionaries/hassan/audio/03124.mp3,,false denial,nalam
adj.,uchicago_S_Hassan,pawitrι.mp3,https://dsal.uchicago.edu/dictionaries/hassan/audio/03125.mp3,,"unadulterated, uncontaminated, pure, unpolluted, uncorrupted",pawitrι
v.,uchicago_S_Hassan,pāwun.mp3,https://dsal.uchicago.edu/dictionaries/hassan/audio/03126.mp3,,cause to fall,pāwun
n.m.,uchicago_S_Hassan,pāydān.mp3,https://dsal.uchicago.edu/dictionaries/hassan/audio/03127.mp3,,stirrup,pāydān
v.,uchicago_S_Hassan,pay patah.mp3,https://dsal.uchicago.edu/dictionaries/hassan/audio/03128.mp3,,"trace, track, mark out, map out",pay patah
n.m.,uchicago_S_Hassan,pazar.mp3,https://dsal.uchicago.edu/dictionaries/hassan/audio/03129.mp3,,"truth, fact, reality, certainty",pazar
n.,uchicago_S_Hassan,pɔⁿd pʸen.mp3,https://dsal.uchicago.edu/dictionaries/hassan/audio/03130.mp3,,sneezing,pɔⁿd pʸen
v.,uchicago_S_Hassan,pɔⁿd trāwin.mp3,https://dsal.uchicago.edu/dictionaries/hassan/audio/03131.mp3,,to sneeze,pɔⁿd trāwin
n.f.,uchicago_S_Hassan,pɔpʰ.mp3,https://dsal.uchicago.edu/dictionaries/hassan/audio/03132.mp3,,"paternal aunt, father’s sister",pɔpʰ
n.m.,uchicago_S_Hassan,pɔpʰtur bōy.mp3,https://dsal.uchicago.edu/dictionaries/hassan/audio/03133.mp3,,paternal cousin-brother,pɔpʰtur bōy
n.f.,uchicago_S_Hassan,pɔpʰtιr beni.mp3,https://dsal.uchicago.edu/dictionaries/hassan/audio/03134.mp3,,paternal cousin-sister,pɔpʰtιr beni
n.m.,uchicago_S_Hassan,pɔpʰu.mp3,https://dsal.uchicago.edu/dictionaries/hassan/audio/03135.mp3,,"paternal aunt’s husband, father’s sister’s husband",pɔpʰu
n.,uchicago_S_Hassan,pɔpʸtιr.mp3,https://dsal.uchicago.edu/dictionaries/hassan/audio/03136.mp3,,relatives in father’s sister’s relation,pɔpʸtιr
n.,uchicago_S_Hassan,pɔʦʰlōw.mp3,https://dsal.uchicago.edu/dictionaries/hassan/audio/03137.mp3,,fox,pɔʦʰlōw
n.m.,uchicago_S_Hassan,pēc kaš.mp3,https://dsal.uchicago.edu/dictionaries/hassan/audio/03138.mp3,,screwdriver,pēc kaš
v.,uchicago_S_Hassan,pēc.mp3,https://dsal.uchicago.edu/dictionaries/hassan/audio/03139.mp3,,"stomach-ache, gripes",pēc
n.m.,uchicago_S_Hassan,pēc.mp3,https://dsal.uchicago.edu/dictionaries/hassan/audio/03140.mp3,,"screw, rivet",pēc
adj.,uchicago_S_Hassan,pēcdār.mp3,https://dsal.uchicago.edu/dictionaries/hassan/audio/03141.mp3,,intricate,pēcdār
n.f.,uchicago_S_Hassan,pecenʸ.mp3,https://dsal.uchicago.edu/dictionaries/hassan/audio/03142.mp3,,"paternal uncle’s wife, aunt",pecenʸ
n.,uchicago_S_Hassan,pǝcʰim.mp3,https://dsal.uchicago.edu/dictionaries/hassan/audio/03143.mp3,,west,pǝcʰim
n.m.,uchicago_S_Hassan,pecʸkʸul.mp3,https://dsal.uchicago.edu/dictionaries/hassan/audio/03144.mp3,,screw,pecʸkʸul
n.m.,uchicago_S_Hassan,pēgambar.mp3,https://dsal.uchicago.edu/dictionaries/hassan/audio/03145.mp3,,"messenger, disciple, follower, promoter",pēgambar
n.f.,uchicago_S_Hassan,pǝhar.mp3,https://dsal.uchicago.edu/dictionaries/hassan/audio/03146.mp3,,"cottage, hut, small house, log, cabin",pǝhar
n.m.,uchicago_S_Hassan,pǝhrιdār.mp3,https://dsal.uchicago.edu/dictionaries/hassan/audio/03147.mp3,,"doorkeeper, watchman",pǝhrιdār
n.m.,uchicago_S_Hassan,peⁿḍ.mp3,https://dsal.uchicago.edu/dictionaries/hassan/audio/03148.mp3,,"stage, playhouse",peⁿḍ
n.m.,uchicago_S_Hassan,penšan.mp3,https://dsal.uchicago.edu/dictionaries/hassan/audio/03149.mp3,,"pension, retirement fund",penšan
n.f.,uchicago_S_Hassan,pāⁿzēb.mp3,https://dsal.uchicago.edu/dictionaries/hassan/audio/03150.mp3,,anklet,pāⁿzēb
n.m.,uchicago_S_Hassan,permēšwar.mp3,https://dsal.uchicago.edu/dictionaries/hassan/audio/03151.mp3,,"God, Deity",permēšwar
adj.,uchicago_S_Hassan,pērʸzān.mp3,https://dsal.uchicago.edu/dictionaries/hassan/audio/03152.mp3,,"acquainted, up to date, aware, familiar",pērʸzān
n.,uchicago_S_Hassan,pešābι.mp3,https://dsal.uchicago.edu/dictionaries/hassan/audio/03153.mp3,,urine,pešābι
n.f.,uchicago_S_Hassan,pēšbə̄ni.mp3,https://dsal.uchicago.edu/dictionaries/hassan/audio/03154.mp3,,"prudence, forethought, cautiousness",pēšbə̄ni
n.m.,uchicago_S_Hassan,peši.mp3,https://dsal.uchicago.edu/dictionaries/hassan/audio/03155.mp3,,"trade, job, profession, occupation, line of work",peši
n.m.,uchicago_S_Hassan,pēšin nǝmāz.mp3,https://dsal.uchicago.edu/dictionaries/hassan/audio/03156.mp3,,afternoon prayer,pēšin nǝmāz
adv.,uchicago_S_Hassan,pešin.mp3,https://dsal.uchicago.edu/dictionaries/hassan/audio/03157.mp3,,"one o’clock, above twelve o’clock",pešin
n.m.,uchicago_S_Hassan,pēšwa.mp3,https://dsal.uchicago.edu/dictionaries/hassan/audio/03158.mp3,,leader,pēšwa
n.m.,uchicago_S_Hassan,parwardigār.mp3,https://dsal.uchicago.edu/dictionaries/hassan/audio/03159.mp3,,"creator of the world, God",parwardigār
n.,uchicago_S_Hassan,pǝṭ.mp3,https://dsal.uchicago.edu/dictionaries/hassan/audio/03160.mp3,,"shelf, ridge",pǝṭ
prep.,uchicago_S_Hassan,peṭʰʸ.mp3,https://dsal.uchicago.edu/dictionaries/hassan/audio/03161.mp3,,upon,peṭʰʸ
adj.,uchicago_S_Hassan,pemut.mp3,https://dsal.uchicago.edu/dictionaries/hassan/audio/03162.mp3,,"fall, collapse, dropped, failed, botched",pemut
adj.,uchicago_S_Hassan,pǝtʸum.mp3,https://dsal.uchicago.edu/dictionaries/hassan/audio/03163.mp3,,"last, final, previous, only remaining, most recent, very last, after everything else, end",pǝtʸum
n.f.,uchicago_S_Hassan,pǝtιr.mp3,https://dsal.uchicago.edu/dictionaries/hassan/audio/03164.mp3,,leaf,pǝtιr
n.m.,uchicago_S_Hassan,petιr.mp3,https://dsal.uchicago.edu/dictionaries/hassan/audio/03165.mp3,,"paternal uncle, father’s brother",petιr
n.f.,uchicago_S_Hassan,peʦ.mp3,https://dsal.uchicago.edu/dictionaries/hassan/audio/03166.mp3,,reed,peʦ
n.m.,uchicago_S_Hassan,pevιn sitārι.mp3,https://dsal.uchicago.edu/dictionaries/hassan/audio/03167.mp3,,meteorite,pevιn sitārι
adv.,uchicago_S_Hassan,pǝz pʸῑṭʰ.mp3,https://dsal.uchicago.edu/dictionaries/hassan/audio/03168.mp3,,"certainly, surely, positively, definitely, without doubt, undoubtedly",pǝz pʸῑṭʰ
adj.,uchicago_S_Hassan,pǝz-zʸōr.mp3,https://dsal.uchicago.edu/dictionaries/hassan/audio/03169.mp3,,"truthful, sincere, honest, earnest",pǝz-zʸōr
n.,uchicago_S_Hassan,pʰāgun.mp3,https://dsal.uchicago.edu/dictionaries/hassan/audio/03170.mp3,,February,pʰāgun
n.,uchicago_S_Hassan,pʰākι.mp3,https://dsal.uchicago.edu/dictionaries/hassan/audio/03171.mp3,,"fasting, starve yourself, go on hunger strike, refuse to eat",pʰākι
n.m.,uchicago_S_Hassan,pʰak.mp3,https://dsal.uchicago.edu/dictionaries/hassan/audio/03172.mp3,,"stink, stench, reek, tang, smell",pʰak
adj.,uchicago_S_Hassan,pʰaklad.mp3,https://dsal.uchicago.edu/dictionaries/hassan/audio/03173.mp3,,stinking,pʰaklad
v.,uchicago_S_Hassan,pʰākι dʸun.mp3,https://dsal.uchicago.edu/dictionaries/hassan/audio/03174.mp3,,refuse to eat,pʰākι dʸun
n.,uchicago_S_Hassan,pʰal tīl.mp3,https://dsal.uchicago.edu/dictionaries/hassan/audio/03175.mp3,,vegetable oil,pʰal tīl
n.m.,uchicago_S_Hassan,pʰal.mp3,https://dsal.uchicago.edu/dictionaries/hassan/audio/03176.mp3,,grain,pʰal
adj.,uchicago_S_Hassan,pʰalwā.mp3,https://dsal.uchicago.edu/dictionaries/hassan/audio/03177.mp3,,"aggravated, irritated, perturbed, annoyed",pʰalwā
n.m.,uchicago_S_Hassan,pʰal.mp3,https://dsal.uchicago.edu/dictionaries/hassan/audio/03178.mp3,,ploughshare,pʰal
n.m.,uchicago_S_Hassan,pʰal.mp3,https://dsal.uchicago.edu/dictionaries/hassan/audio/03179.mp3,,"result, outcome, product, fruit",pʰal
adj.,uchicago_S_Hassan,pʰalbǝrit.mp3,https://dsal.uchicago.edu/dictionaries/hassan/audio/03180.mp3,,fertile,pʰalbǝrit
v.,uchicago_S_Hassan,pʰalun.mp3,https://dsal.uchicago.edu/dictionaries/hassan/audio/03181.mp3,,"flourish, grow, prosper, do well",pʰalun
n.m.,uchicago_S_Hassan,pʰamb.mp3,https://dsal.uchicago.edu/dictionaries/hassan/audio/03182.mp3,,"cotton, yarn, fiber, wool",pʰamb
v.,uchicago_S_Hassan,pʰamb katun.mp3,https://dsal.uchicago.edu/dictionaries/hassan/audio/03183.mp3,,weaving of wool,pʰamb katun
n.m.,uchicago_S_Hassan,pʰaringistān.mp3,https://dsal.uchicago.edu/dictionaries/hassan/audio/03184.mp3,,Europe,pʰaringistān
v.,uchicago_S_Hassan,pʰark tʰāwun.mp3,https://dsal.uchicago.edu/dictionaries/hassan/audio/03185.mp3,,"differ, be different, vary, clash, diverge, disagree, hold opposing views, be at odds",pʰark tʰāwun
v.,uchicago_S_Hassan,pʰaš dʸun.mp3,https://dsal.uchicago.edu/dictionaries/hassan/audio/03186.mp3,,"rub, massage, polish, pat",pʰaš dʸun
v.,uchicago_S_Hassan,pʰatah karun.mp3,https://dsal.uchicago.edu/dictionaries/hassan/audio/03187.mp3,,"conquer, defeat, beat, overpower, overthrow, vanquish, confound",pʰatah karun
v.,uchicago_S_Hassan,pʰaṭun.mp3,https://dsal.uchicago.edu/dictionaries/hassan/audio/03188.mp3,,"burst, rupture, split open, break open, rip open, explode, erupt",pʰaṭun
adv.,uchicago_S_Hassan,pʰāṭun.mp3,https://dsal.uchicago.edu/dictionaries/hassan/audio/03189.mp3,,"falling, tumbling, tumbling, dropping, dipping, plummeting, sinking",pʰāṭun
v.,uchicago_S_Hassan,pʰāṭιwun.mp3,https://dsal.uchicago.edu/dictionaries/hassan/audio/03190.mp3,,"to cleave, to ax, smash into, crash into",pʰāṭιwun
n.m.,uchicago_S_Hassan,pʰɔvlād.mp3,https://dsal.uchicago.edu/dictionaries/hassan/audio/03191.mp3,,steel,pʰɔvlād
v.,uchicago_S_Hassan,pʰǝlun.mp3,https://dsal.uchicago.edu/dictionaries/hassan/audio/03192.mp3,,"bear fruits, cause, bring about",pʰǝlun
n.,uchicago_S_Hassan,pʰǝlrāwun.mp3,https://dsal.uchicago.edu/dictionaries/hassan/audio/03193.mp3,,"bloom, blossom, best, cream",pʰǝlrāwun
v.,uchicago_S_Hassan,pʰǝlunāvun.mp3,https://dsal.uchicago.edu/dictionaries/hassan/audio/03194.mp3,,"to be bloom, flourish, thrive, blossom, be a picture of health, be radiant, grow",pʰǝlunāvun
n.f.,uchicago_S_Hassan,pʰǝlʸsιʦan.mp3,https://dsal.uchicago.edu/dictionaries/hassan/audio/03195.mp3,,pin,pʰǝlʸsιʦan
n.,uchicago_S_Hassan,pʰeran.mp3,https://dsal.uchicago.edu/dictionaries/hassan/audio/03196.mp3,,apparel,pʰeran
n.m.,uchicago_S_Hassan,pʰērān.mp3,https://dsal.uchicago.edu/dictionaries/hassan/audio/03197.mp3,,"remorse, regret, repentance, penitence, guilt",pʰērān
n.m.,uchicago_S_Hassan,pʰͻt.mp3,https://dsal.uchicago.edu/dictionaries/hassan/audio/03198.mp3,,big basket,pʰͻt
v.,uchicago_S_Hassan,pʰērnāwun.mp3,https://dsal.uchicago.edu/dictionaries/hassan/audio/03199.mp3,,"to make to revolve, turn, spin, roll",pʰērnāwun
v.,uchicago_S_Hassan,pʰērun.mp3,https://dsal.uchicago.edu/dictionaries/hassan/audio/03200.mp3,,"circulate, travel, disseminate, move, go, sadden, dishearten",pʰērun
v.,uchicago_S_Hassan,saḍki pʰērun.mp3,https://dsal.uchicago.edu/dictionaries/hassan/audio/03201.mp3,,"roving, wandering, roaming",saḍki pʰērun
n.,uchicago_S_Hassan,pʰērun tʰōrun.mp3,https://dsal.uchicago.edu/dictionaries/hassan/audio/03202.mp3,,"wander, roam, excursion, outing, day away, jaunt",pʰērun tʰōrun
n.,uchicago_S_Hassan,pʰǝryād.mp3,https://dsal.uchicago.edu/dictionaries/hassan/audio/03203.mp3,,"complain, call, demand, appeal, application",pʰǝryād
v.,uchicago_S_Hassan,pʰǝṭrāwun.mp3,https://dsal.uchicago.edu/dictionaries/hassan/audio/03204.mp3,,"sink, go under, go under the surface, drop",pʰǝṭrāwun
n.f.,uchicago_S_Hassan,pʰikǝr.mp3,https://dsal.uchicago.edu/dictionaries/hassan/audio/03205.mp3,,"anxiety, concern, fear",pʰikǝr
adv.,uchicago_S_Hassan,pʰiri.mp3,https://dsal.uchicago.edu/dictionaries/hassan/audio/03206.mp3,,how many times,pʰiri
v.,uchicago_S_Hassan,pʰīritʰ yun.mp3,https://dsal.uchicago.edu/dictionaries/hassan/audio/03207.mp3,,"to come back, return, flood back, reappear",pʰīritʰ yun
v.,uchicago_S_Hassan,pʰirun.mp3,https://dsal.uchicago.edu/dictionaries/hassan/audio/03208.mp3,,"to pour, turn, rotate, spin, roll, circle",pʰirun
v.,uchicago_S_Hassan,nal pʰirun.mp3,https://dsal.uchicago.edu/dictionaries/hassan/audio/03209.mp3,,"break promise, take words back, negate",nal pʰirun
v.,uchicago_S_Hassan,pʰīrιt.mp3,https://dsal.uchicago.edu/dictionaries/hassan/audio/03210.mp3,,"retreat, move back, draw back, withdraw",pʰīrιt
n.f.,uchicago_S_Hassan,pʰikʸir karin.mp3,https://dsal.uchicago.edu/dictionaries/hassan/audio/03211.mp3,,"care, concern, worry, bother, attention",pʰikʸir karin
n.m.,uchicago_S_Hassan,pʰōj.mp3,https://dsal.uchicago.edu/dictionaries/hassan/audio/03212.mp3,,"army, military, armed forces, soldiers",pʰōj
adj.,uchicago_S_Hassan,pʰolmut.mp3,https://dsal.uchicago.edu/dictionaries/hassan/audio/03213.mp3,,"flourishing, prosperous, successful, affluent, boom",pʰolmut
v.,uchicago_S_Hassan,pʰolun.mp3,https://dsal.uchicago.edu/dictionaries/hassan/audio/03214.mp3,,"flourish, thrive, blossom",pʰolun
n.f.,uchicago_S_Hassan,pʰotιr.mp3,https://dsal.uchicago.edu/dictionaries/hassan/audio/03215.mp3,,small basket,pʰotιr
v.,uchicago_S_Hassan,pʰoṭmut.mp3,https://dsal.uchicago.edu/dictionaries/hassan/audio/03216.mp3,,"drown, sink, die, go down",pʰoṭmut
n.m.,uchicago_S_Hassan,pʰrast.mp3,https://dsal.uchicago.edu/dictionaries/hassan/audio/03217.mp3,,poplar,pʰrast
n.,uchicago_S_Hassan,pʰrāṭ.mp3,https://dsal.uchicago.edu/dictionaries/hassan/audio/03218.mp3,,"craft, break, fracture",pʰrāṭ
adv.,uchicago_S_Hassan,pʰrekʰ.mp3,https://dsal.uchicago.edu/dictionaries/hassan/audio/03219.mp3,,breathlessness,pʰrekʰ
adj.,uchicago_S_Hassan,pʰrūʦ.mp3,https://dsal.uchicago.edu/dictionaries/hassan/audio/03220.mp3,,"auspicious, favourable, fortunate, good, lucky",pʰrūʦ
adj.,uchicago_S_Hassan,pʰrūʦ peyun.mp3,https://dsal.uchicago.edu/dictionaries/hassan/audio/03221.mp3,,"good fortune, chance, luck, good luck",pʰrūʦ peyun
n.m.,uchicago_S_Hassan,pʰūr.mp3,https://dsal.uchicago.edu/dictionaries/hassan/audio/03222.mp3,,droplet,pʰūr
adj.,uchicago_S_Hassan,pʰuhar.mp3,https://dsal.uchicago.edu/dictionaries/hassan/audio/03223.mp3,,"coarse, crude, uneven, rough, bristly, bumpy, stiff, abrasive",pʰuhar
n.m.,uchicago_S_Hassan,pʰuhιr.mp3,https://dsal.uchicago.edu/dictionaries/hassan/audio/03224.mp3,,burnt or overcooked rice at the bottom,pʰuhιr
n.m.,uchicago_S_Hassan,pʰūrʸ.mp3,https://dsal.uchicago.edu/dictionaries/hassan/audio/03225.mp3,,"full stop, point, dot, spot, punctuation mark",pʰūrʸ
adj.,uchicago_S_Hassan,pʰuṭmut.mp3,https://dsal.uchicago.edu/dictionaries/hassan/audio/03226.mp3,,"broken, out of order, broken down, smashed, damaged, ruined",pʰuṭmut
v.,uchicago_S_Hassan,pʰʸārun.mp3,https://dsal.uchicago.edu/dictionaries/hassan/audio/03227.mp3,,"sieve, strain, separate, put through a sieve",pʰʸārun
n.f.,uchicago_S_Hassan,pʰʸek.mp3,https://dsal.uchicago.edu/dictionaries/hassan/audio/03228.mp3,,powder,pʰʸek
n.pl.,uchicago_S_Hassan,pʰʸepʰar.mp3,https://dsal.uchicago.edu/dictionaries/hassan/audio/03229.mp3,,"abscess, swelling, eruption, pustule",pʰʸepʰar
n.sg.,uchicago_S_Hassan,pʰʸepʰur.mp3,https://dsal.uchicago.edu/dictionaries/hassan/audio/03230.mp3,,"abscess, eruption, pustule",pʰʸepʰur
n.m.,uchicago_S_Hassan,pʰʸuk.mp3,https://dsal.uchicago.edu/dictionaries/hassan/audio/03231.mp3,,shoulder,pʰʸuk
v.,uchicago_S_Hassan,pʰʸār.mp3,https://dsal.uchicago.edu/dictionaries/hassan/audio/03232.mp3,,"strain, sieve",pʰʸār
n.m.,uchicago_S_Hassan,pʰιcʸer.mp3,https://dsal.uchicago.edu/dictionaries/hassan/audio/03233.mp3,,"fracture, break, crevice, cleft",pʰιcʸer
n.f.,uchicago_S_Hassan,pʰιl.mp3,https://dsal.uchicago.edu/dictionaries/hassan/audio/03234.mp3,,"soda, sodium bicarbonate",pʰιl
n.f.,uchicago_S_Hassan,pʰιley.mp3,https://dsal.uchicago.edu/dictionaries/hassan/audio/03235.mp3,,"blossom, flower, sprout",pʰιley
v.,uchicago_S_Hassan,pʰιṭ.mp3,https://dsal.uchicago.edu/dictionaries/hassan/audio/03236.mp3,,"fold, crinkle, wrinkle",pʰιṭ
v.,uchicago_S_Hassan,pʰιṭrāwun.mp3,https://dsal.uchicago.edu/dictionaries/hassan/audio/03237.mp3,,"to break, smash, rupture, split",pʰιṭrāwun
n.m.,uchicago_S_Hassan,pʰιṭrǝn.mp3,https://dsal.uchicago.edu/dictionaries/hassan/audio/03238.mp3,,"stop, interrupt, end, counsel, warning",pʰιṭrǝn
v.,uchicago_S_Hassan,pʰιṭun.mp3,https://dsal.uchicago.edu/dictionaries/hassan/audio/03239.mp3,,"fracture, rupture, shatter, split, crack, break",pʰιṭun
v.,uchicago_S_Hassan,pilun.mp3,https://dsal.uchicago.edu/dictionaries/hassan/audio/03240.mp3,,"touch, get to, get hold of, get a message to, access",pilun
n.m.,uchicago_S_Hassan,pingι.mp3,https://dsal.uchicago.edu/dictionaries/hassan/audio/03241.mp3,,millet,pingι
n.m.,uchicago_S_Hassan,pīr.mp3,https://dsal.uchicago.edu/dictionaries/hassan/audio/03242.mp3,,"priest (Muslim), saint",pīr
n.m.,uchicago_S_Hassan,piš.mp3,https://dsal.uchicago.edu/dictionaries/hassan/audio/03243.mp3,,"flea, mite",piš
adj.,uchicago_S_Hassan,pišil.mp3,https://dsal.uchicago.edu/dictionaries/hassan/audio/03244.mp3,,"delicate, fine, slick, smooth",pišil
n.m.,uchicago_S_Hassan,pistān.mp3,https://dsal.uchicago.edu/dictionaries/hassan/audio/03245.mp3,,nipple,pistān
n.m.,uchicago_S_Hassan,pitrāt.mp3,https://dsal.uchicago.edu/dictionaries/hassan/audio/03246.mp3,,"enmity, hotility",pitrāt
n.m.,uchicago_S_Hassan,pitur bōy.mp3,https://dsal.uchicago.edu/dictionaries/hassan/audio/03247.mp3,,paternal cousin-brother,pitur bōy
n.f.,uchicago_S_Hassan,pitιr beni.mp3,https://dsal.uchicago.edu/dictionaries/hassan/audio/03248.mp3,,paternal cousin-sister,pitιr beni
n.m.,uchicago_S_Hassan,piyālι.mp3,https://dsal.uchicago.edu/dictionaries/hassan/audio/03249.mp3,,cup,piyālι
n.m.,uchicago_S_Hassan,pod.mp3,https://dsal.uchicago.edu/dictionaries/hassan/audio/03250.mp3,,"foot, foot step",pod
n.f.,uchicago_S_Hassan,pōḍar.mp3,https://dsal.uchicago.edu/dictionaries/hassan/audio/03251.mp3,,talcum powder,pōḍar
n.m.,uchicago_S_Hassan,pιdιnι.mp3,https://dsal.uchicago.edu/dictionaries/hassan/audio/03252.mp3,,mint,pιdιnι
n.m.,uchicago_S_Hassan,poh.mp3,https://dsal.uchicago.edu/dictionaries/hassan/audio/03253.mp3,,spleen,poh
n.m.,uchicago_S_Hassan,pokʰrāj.mp3,https://dsal.uchicago.edu/dictionaries/hassan/audio/03254.mp3,,topaz,pokʰrāj
v.,uchicago_S_Hassan,pokʰtι karun.mp3,https://dsal.uchicago.edu/dictionaries/hassan/audio/03255.mp3,,"settle on, find out, confirm, validate, make sure, clarify",pokʰtι karun
adj.,uchicago_S_Hassan,pokʰιr.mp3,https://dsal.uchicago.edu/dictionaries/hassan/audio/03256.mp3,,small untidy place,pokʰιr
adj.,uchicago_S_Hassan,pokʰtι.mp3,https://dsal.uchicago.edu/dictionaries/hassan/audio/03257.mp3,,"ripe, mature, fully grown",pokʰtι
n.m.,uchicago_S_Hassan,pōnʸ.mp3,https://dsal.uchicago.edu/dictionaries/hassan/audio/03258.mp3,,water,pōnʸ
n.m.,uchicago_S_Hassan,poⁿz.mp3,https://dsal.uchicago.edu/dictionaries/hassan/audio/03259.mp3,,monkey,poⁿz
adj.,uchicago_S_Hassan,pop.mp3,https://dsal.uchicago.edu/dictionaries/hassan/audio/03260.mp3,,"ripe, mature, fully grown",pop
n.m.,uchicago_S_Hassan,pōš.mp3,https://dsal.uchicago.edu/dictionaries/hassan/audio/03261.mp3,,flower,pōš
n.m.,uchicago_S_Hassan,pos.mp3,https://dsal.uchicago.edu/dictionaries/hassan/audio/03262.mp3,,foam,pos
n.m.,uchicago_S_Hassan,pōš.mp3,https://dsal.uchicago.edu/dictionaries/hassan/audio/03263.mp3,,testicle,pōš
n.,uchicago_S_Hassan,pošāk.mp3,https://dsal.uchicago.edu/dictionaries/hassan/audio/03264.mp3,,"apparel, attire, clothes, clothing, outfit, dress, garments",pošāk
n.m.,uchicago_S_Hassan,pošι ṭūr.mp3,https://dsal.uchicago.edu/dictionaries/hassan/audio/03265.mp3,,"internal part of flower, inside of flower",pošι ṭūr
v.,uchicago_S_Hassan,pōšāk lāgun.mp3,https://dsal.uchicago.edu/dictionaries/hassan/audio/03266.mp3,,"get dressed, clothe, dress up",pōšāk lāgun
n.m.,uchicago_S_Hassan,pōš tʰιr.mp3,https://dsal.uchicago.edu/dictionaries/hassan/audio/03267.mp3,,stem containing flower,pōš tʰιr
n.,uchicago_S_Hassan,pōšibāg.mp3,https://dsal.uchicago.edu/dictionaries/hassan/audio/03268.mp3,,flower garden,pōšibāg
n.f.,uchicago_S_Hassan,pōšι lǝnḍ.mp3,https://dsal.uchicago.edu/dictionaries/hassan/audio/03269.mp3,,flowering stem,pōšι lǝnḍ
v.,uchicago_S_Hassan,pōšīdι sapdun.mp3,https://dsal.uchicago.edu/dictionaries/hassan/audio/03270.mp3,,"disappear, hide, veil, bury, conceal",pōšīdι sapdun
adj.,uchicago_S_Hassan,pōšīdι.mp3,https://dsal.uchicago.edu/dictionaries/hassan/audio/03271.mp3,,"concealed, hidden, out of sight, veiled, secreted",pōšīdι
n.m.,uchicago_S_Hassan,pōšigoⁿd.mp3,https://dsal.uchicago.edu/dictionaries/hassan/audio/03272.mp3,,"bouquet, bunch of flower, wreath of flowers",pōšigoⁿd
n.f.,uchicago_S_Hassan,pōšimāl.mp3,https://dsal.uchicago.edu/dictionaries/hassan/audio/03273.mp3,,garland,pōšimāl
n.m.,uchicago_S_Hassan,pōstul.mp3,https://dsal.uchicago.edu/dictionaries/hassan/audio/03274.mp3,,yew,pōstul
v.,uchicago_S_Hassan,pōšun.mp3,https://dsal.uchicago.edu/dictionaries/hassan/audio/03275.mp3,,"prevail, succeed, win through",pōšun
n.,uchicago_S_Hassan,pot katʰ.mp3,https://dsal.uchicago.edu/dictionaries/hassan/audio/03276.mp3,,"slander, gossip, a false and malicious statement about another",pot katʰ
adv.,uchicago_S_Hassan,pot pʰiritʰ.mp3,https://dsal.uchicago.edu/dictionaries/hassan/audio/03277.mp3,,"once more, another time, anew, over, for a second time",pot pʰiritʰ
v.,uchicago_S_Hassan,pot pʰīrιt yun.mp3,https://dsal.uchicago.edu/dictionaries/hassan/audio/03278.mp3,,"retreat, move back, draw back, withdraw, give ground",pot pʰīrιt yun
n.m.,uchicago_S_Hassan,potʰur.mp3,https://dsal.uchicago.edu/dictionaries/hassan/audio/03279.mp3,,"boy, son, child",potʰur
n.m.,uchicago_S_Hassan,potur.mp3,https://dsal.uchicago.edu/dictionaries/hassan/audio/03280.mp3,,son,potur
n.,uchicago_S_Hassan,poʦʰ.mp3,https://dsal.uchicago.edu/dictionaries/hassan/audio/03281.mp3,,guest,poʦʰ
adv.,uchicago_S_Hassan,pιz pə̄ṭʰ.mp3,https://dsal.uchicago.edu/dictionaries/hassan/audio/03282.mp3,,"verily, truly, extremely",pιz pə̄ṭʰ
adj.,uchicago_S_Hassan,poz.mp3,https://dsal.uchicago.edu/dictionaries/hassan/audio/03283.mp3,,"true, factual, real, accurate, authentic, bona fide, correct",poz
n.m.,uchicago_S_Hassan,pōzār.mp3,https://dsal.uchicago.edu/dictionaries/hassan/audio/03284.mp3,,shoe,pōzār
n.f.,uchicago_S_Hassan,poz katʰ.mp3,https://dsal.uchicago.edu/dictionaries/hassan/audio/03285.mp3,,"fact, truth, reality",poz katʰ
n.,uchicago_S_Hassan,prabāt.mp3,https://dsal.uchicago.edu/dictionaries/hassan/audio/03286.mp3,,sunrise,prabāt
n.,uchicago_S_Hassan,prakāš.mp3,https://dsal.uchicago.edu/dictionaries/hassan/audio/03287.mp3,,"glory, splendor, brilliance",prakāš
n.,uchicago_S_Hassan,prān.mp3,https://dsal.uchicago.edu/dictionaries/hassan/audio/03288.mp3,,"leek, a type of onions, it is not eaten by Hindus in Kashmir",prān
n.m.,uchicago_S_Hassan,prān.mp3,https://dsal.uchicago.edu/dictionaries/hassan/audio/03289.mp3,,"the life, the breath of life, the breath",prān
v.,uchicago_S_Hassan,prārun.mp3,https://dsal.uchicago.edu/dictionaries/hassan/audio/03290.mp3,,"wait, stay, pass the time, hang around",prārun
adj.,uchicago_S_Hassan,prasan.mp3,https://dsal.uchicago.edu/dictionaries/hassan/audio/03291.mp3,,"glad, pleased",prasan
adv.,uchicago_S_Hassan,pratʰ doh.mp3,https://dsal.uchicago.edu/dictionaries/hassan/audio/03292.mp3,,"daily, every day, each day, on a daily basis",pratʰ doh
n.,uchicago_S_Hassan,pratʰ kaⁿh.mp3,https://dsal.uchicago.edu/dictionaries/hassan/audio/03293.mp3,,"every, every one, each one, all",pratʰ kaⁿh
n.,uchicago_S_Hassan,pratʰ akʰ.mp3,https://dsal.uchicago.edu/dictionaries/hassan/audio/03294.mp3,,"everything, all, the whole thing, the whole lot",pratʰ akʰ
adv.,uchicago_S_Hassan,pratʰ warī.mp3,https://dsal.uchicago.edu/dictionaries/hassan/audio/03295.mp3,,"per annum, yearly, annually, every year, once a year",pratʰ warī
adj.,uchicago_S_Hassan,pratʰ.mp3,https://dsal.uchicago.edu/dictionaries/hassan/audio/03296.mp3,,"each, all",pratʰ
n.f.,uchicago_S_Hassan,prāʦ.mp3,https://dsal.uchicago.edu/dictionaries/hassan/audio/03297.mp3,,corner of mouth,prāʦ
v.,uchicago_S_Hassan,prāwun.mp3,https://dsal.uchicago.edu/dictionaries/hassan/audio/03298.mp3,,"to embroider, decorate, make fancy",prāwun
v.,uchicago_S_Hassan,prazalnāwun.mp3,https://dsal.uchicago.edu/dictionaries/hassan/audio/03299.mp3,,cause to shine,prazalnāwun
v.,uchicago_S_Hassan,prazlun.mp3,https://dsal.uchicago.edu/dictionaries/hassan/audio/03300.mp3,,"to shine, excel, stand out, be good at, be skilled at",prazlun
v.,uchicago_S_Hassan,prɔn sapdun.mp3,https://dsal.uchicago.edu/dictionaries/hassan/audio/03301.mp3,,to become old,prɔn sapdun
n.m.,uchicago_S_Hassan,prǝsun.mp3,https://dsal.uchicago.edu/dictionaries/hassan/audio/03302.mp3,,"delivery, birth, labor, nativity, incarceration",prǝsun
adv.,uchicago_S_Hassan,prǝtʰ sātι.mp3,https://dsal.uchicago.edu/dictionaries/hassan/audio/03303.mp3,,"all the time, everytime, each and every year",prǝtʰ sātι
adv.,uchicago_S_Hassan,prāni kālι.mp3,https://dsal.uchicago.edu/dictionaries/hassan/audio/03304.mp3,,"in olden time, in former days",prāni kālι
n.f.,uchicago_S_Hassan,prǝʦ.mp3,https://dsal.uchicago.edu/dictionaries/hassan/audio/03305.mp3,,"enigma, riddle, puzzle",prǝʦ
n.,uchicago_S_Hassan,puštι.mp3,https://dsal.uchicago.edu/dictionaries/hassan/audio/03306.mp3,,"support, posterior, back, hindmost, fund",puštι
n.f.,uchicago_S_Hassan,prǝvι.mp3,https://dsal.uchicago.edu/dictionaries/hassan/audio/03307.mp3,,"beam, glimmer, gleam, ray",prǝvι
adj.,uchicago_S_Hassan,prezlān.mp3,https://dsal.uchicago.edu/dictionaries/hassan/audio/03308.mp3,,"shiny, polished, luminous, glinting, gleaming",prezlān
v.,uchicago_S_Hassan,priʦʰgə̄r karin.mp3,https://dsal.uchicago.edu/dictionaries/hassan/audio/03309.mp3,,"to inquire, query, make inquiries, find out, see if",priʦʰgə̄r karin
n.f.,uchicago_S_Hassan,priʦʰgə̄r.mp3,https://dsal.uchicago.edu/dictionaries/hassan/audio/03310.mp3,,"inquiry, investigation, inquest, question",priʦʰgə̄r
n.,uchicago_S_Hassan,priʦʰ.mp3,https://dsal.uchicago.edu/dictionaries/hassan/audio/03311.mp3,,"to enquire query, analysis, probe, study",priʦʰ
v.,uchicago_S_Hassan,priʦʰun.mp3,https://dsal.uchicago.edu/dictionaries/hassan/audio/03312.mp3,,"ask, raise, invite, ask over, have over",priʦʰun
adj.,uchicago_S_Hassan,prōn.mp3,https://dsal.uchicago.edu/dictionaries/hassan/audio/03313.mp3,,"fair complexion, white",prōn
n.m.,uchicago_S_Hassan,puhal.mp3,https://dsal.uchicago.edu/dictionaries/hassan/audio/03314.mp3,,shepherd,puhal
n.m.,uchicago_S_Hassan,puj.mp3,https://dsal.uchicago.edu/dictionaries/hassan/audio/03315.mp3,,butcher,puj
n.f.,uchicago_S_Hassan,pujbāy.mp3,https://dsal.uchicago.edu/dictionaries/hassan/audio/03316.mp3,,butcher’s wife,pujbāy
n.m.,uchicago_S_Hassan,pulhōr.mp3,https://dsal.uchicago.edu/dictionaries/hassan/audio/03317.mp3,,a special type of shoe used in grass,pulhōr
n.m.,uchicago_S_Hassan,pulsι sipa.mp3,https://dsal.uchicago.edu/dictionaries/hassan/audio/03318.mp3,,constable,pulsι sipa
n.m.,uchicago_S_Hassan,pulsιwōl.mp3,https://dsal.uchicago.edu/dictionaries/hassan/audio/03319.mp3,,police-man,pulsιwōl
adj.,uchicago_S_Hassan,pūⁿʦʸum.mp3,https://dsal.uchicago.edu/dictionaries/hassan/audio/03320.mp3,,fifth,pūⁿʦʸum
v.,uchicago_S_Hassan,pur karun.mp3,https://dsal.uchicago.edu/dictionaries/hassan/audio/03321.mp3,,"discharge, fulfill, perform, exercise, meet, fill",pur karun
n.,uchicago_S_Hassan,pūr.mp3,https://dsal.uchicago.edu/dictionaries/hassan/audio/03322.mp3,,east,pūr
n.,uchicago_S_Hassan,pūr.mp3,https://dsal.uchicago.edu/dictionaries/hassan/audio/03323.mp3,,footsteps,pūr
v.,uchicago_S_Hassan,pūrun.mp3,https://dsal.uchicago.edu/dictionaries/hassan/audio/03324.mp3,,to complete,pūrun
adj.,uchicago_S_Hassan,purι.mp3,https://dsal.uchicago.edu/dictionaries/hassan/audio/03325.mp3,,"complete, total, whole, entire, full",purι
adv.,uchicago_S_Hassan,pūrιpə̄ṭʰ.mp3,https://dsal.uchicago.edu/dictionaries/hassan/audio/03326.mp3,,"fully, thoroughly, completely",pūrιpə̄ṭʰ
v.,uchicago_S_Hassan,pušrāwun.mp3,https://dsal.uchicago.edu/dictionaries/hassan/audio/03327.mp3,,"consign, relegate, pack off, dispatch, transfer, send, send off",pušrāwun
v.,uchicago_S_Hassan,pušer.mp3,https://dsal.uchicago.edu/dictionaries/hassan/audio/03328.mp3,,"entrust, hand over, assign",pušer
v.,uchicago_S_Hassan,pušrōwmut.mp3,https://dsal.uchicago.edu/dictionaries/hassan/audio/03329.mp3,,to hold somebody accountable or responsible,pušrōwmut
adj.,uchicago_S_Hassan,puštpanah.mp3,https://dsal.uchicago.edu/dictionaries/hassan/audio/03330.mp3,,"entrust, trust, hand over",puštpanah
v.,uchicago_S_Hassan,puzā karin.mp3,https://dsal.uchicago.edu/dictionaries/hassan/audio/03331.mp3,,"to worship, adore, pray to",puzā karin
n.f.,uchicago_S_Hassan,puzā.mp3,https://dsal.uchicago.edu/dictionaries/hassan/audio/03332.mp3,,worship,puzā
n.m.,uchicago_S_Hassan,pʸālι nōr.mp3,https://dsal.uchicago.edu/dictionaries/hassan/audio/03333.mp3,,copper basket for cups,pʸālι nōr
v.,uchicago_S_Hassan,pʸeṭʰ trāwun.mp3,https://dsal.uchicago.edu/dictionaries/hassan/audio/03334.mp3,,"don, put on, dress yourself in, throw on",pʸeṭʰ trāwun
prep.,uchicago_S_Hassan,pʸeṭʰ.mp3,https://dsal.uchicago.edu/dictionaries/hassan/audio/03335.mp3,,"above, on the top, over, higher than",pʸeṭʰ
prep.,uchicago_S_Hassan,pōṭ.mp3,https://dsal.uchicago.edu/dictionaries/hassan/audio/03336.mp3,,silk thread for carpets,pōṭ
n.m.,uchicago_S_Hassan,pʸeṭʰgar.mp3,https://dsal.uchicago.edu/dictionaries/hassan/audio/03337.mp3,,one who deals in distribution and sale of silk thread for weaving carpets,pʸeṭʰgar
n.,uchicago_S_Hassan,pʸeʦ.mp3,https://dsal.uchicago.edu/dictionaries/hassan/audio/03338.mp3,,bulrush,pʸeʦ
n.m.,uchicago_S_Hassan,pʸūnt.mp3,https://dsal.uchicago.edu/dictionaries/hassan/audio/03339.mp3,,"bit, fragment, trace, small piece, speck",pʸūnt
n.m.,uchicago_S_Hassan,pʸūr.mp3,https://dsal.uchicago.edu/dictionaries/hassan/audio/03340.mp3,,gravestone,pʸūr
n.m.,uchicago_S_Hassan,pašmīnι.mp3,https://dsal.uchicago.edu/dictionaries/hassan/audio/03341.mp3,,shawl or like of woolen stuff,pašmīnι
n.m.,uchicago_S_Hassan,pʸut.mp3,https://dsal.uchicago.edu/dictionaries/hassan/audio/03342.mp3,,point,pʸut
n.f.,uchicago_S_Hassan,pιhaj.mp3,https://dsal.uchicago.edu/dictionaries/hassan/audio/03343.mp3,,shepherdess,pιhaj
n.m.,uchicago_S_Hassan,pῑⁿsι.mp3,https://dsal.uchicago.edu/dictionaries/hassan/audio/03344.mp3,,"cash, coins, money",pῑⁿsι
n.,uchicago_S_Hassan,pιnʦǝh.mp3,https://dsal.uchicago.edu/dictionaries/hassan/audio/03345.mp3,,twenty-five,pιnʦǝh
adj.,uchicago_S_Hassan,pιnʦιhʸum.mp3,https://dsal.uchicago.edu/dictionaries/hassan/audio/03346.mp3,,twenty-fifth,pιnʦιhʸum
n.f.,uchicago_S_Hassan,pιⁿz.mp3,https://dsal.uchicago.edu/dictionaries/hassan/audio/03347.mp3,,monkey,pιⁿz
adj.,uchicago_S_Hassan,pιšul.mp3,https://dsal.uchicago.edu/dictionaries/hassan/audio/03348.mp3,,"silky, smooth, silky-smooth",pιšul
adj.,uchicago_S_Hassan,pιšjyār.mp3,https://dsal.uchicago.edu/dictionaries/hassan/audio/03349.mp3,,"silky-smooth, slippery, greasy, slick",pιšjyār
n.m.,uchicago_S_Hassan,bāⁿḍι pə̄tʰǝr.mp3,https://dsal.uchicago.edu/dictionaries/hassan/audio/03350.mp3,,"act, drama, comedy, stage show, play",bāⁿḍι pə̄tʰǝr
v.,uchicago_S_Hassan,pə̄dι gomut.mp3,https://dsal.uchicago.edu/dictionaries/hassan/audio/03351.mp3,,"created, produced, formed, originated",pə̄dι gomut
n.,uchicago_S_Hassan,pə̄dι karanwōl.mp3,https://dsal.uchicago.edu/dictionaries/hassan/audio/03352.mp3,,"creator, maker, originator, producer",pə̄dι karanwōl
v.,uchicago_S_Hassan,pə̄dι karun.mp3,https://dsal.uchicago.edu/dictionaries/hassan/audio/03353.mp3,,"create, make, generate, produce",pə̄dι karun
n.m.,uchicago_S_Hassan,pə̄gambarī.mp3,https://dsal.uchicago.edu/dictionaries/hassan/audio/03354.mp3,,Prophecy,pə̄gambarī
n.m.,uchicago_S_Hassan,pə̄jāmι.mp3,https://dsal.uchicago.edu/dictionaries/hassan/audio/03355.mp3,,trousers,pə̄jāmι
n.m.,uchicago_S_Hassan,pə̄ⁿsι ṭūk.mp3,https://dsal.uchicago.edu/dictionaries/hassan/audio/03356.mp3,,money,pə̄ⁿsι ṭūk
adj.,uchicago_S_Hassan,pə̄r.mp3,https://dsal.uchicago.edu/dictionaries/hassan/audio/03357.mp3,,"direction, side",pə̄r
v.,uchicago_S_Hassan,pə̄run.mp3,https://dsal.uchicago.edu/dictionaries/hassan/audio/03358.mp3,,"to ornament, prettify, beautify, smarten up",pə̄run
v.,uchicago_S_Hassan,pə̄rzān karin.mp3,https://dsal.uchicago.edu/dictionaries/hassan/audio/03359.mp3,,"be familiar with, distinguish, identify, understand, recognize",pə̄rzān karin
n.,uchicago_S_Hassan,pə̄rzān.mp3,https://dsal.uchicago.edu/dictionaries/hassan/audio/03360.mp3,,"recognition, be familiar with, recall, remembering, identification",pə̄rzān
v.,uchicago_S_Hassan,parzun.mp3,https://dsal.uchicago.edu/dictionaries/hassan/audio/03361.mp3,,"to know, be acquainted with, be familiar with, recognize",parzun
n.f.,uchicago_S_Hassan,pə̄tʰιr.mp3,https://dsal.uchicago.edu/dictionaries/hassan/audio/03362.mp3,,"farce, mockery, circus",pə̄tʰιr
n.m.,uchicago_S_Hassan,pə̄vι.mp3,https://dsal.uchicago.edu/dictionaries/hassan/audio/03363.mp3,,"stairs, steps",pə̄vι
v.,uchicago_S_Hassan,pə̄zār din.mp3,https://dsal.uchicago.edu/dictionaries/hassan/audio/03364.mp3,,"dishonour, disgrace, shame, humiliation, public disgrace",pə̄zār din
n.m.,uchicago_S_Hassan,pə̄zār.mp3,https://dsal.uchicago.edu/dictionaries/hassan/audio/03365.mp3,,shoes,pə̄zār
n.,uchicago_S_Hassan,yeʦ tι paʦ.mp3,https://dsal.uchicago.edu/dictionaries/hassan/audio/03366.mp3,,"faith, dependence, reliance, trust, belief",yeʦ tι paʦ
n.f.,uchicago_S_Hassan,rab.mp3,https://dsal.uchicago.edu/dictionaries/hassan/audio/03367.mp3,,mud,rab
n.,uchicago_S_Hassan,rabat.mp3,https://dsal.uchicago.edu/dictionaries/hassan/audio/03368.mp3,,"intercourse, contact",rabat
v.,uchicago_S_Hassan,racʰun.mp3,https://dsal.uchicago.edu/dictionaries/hassan/audio/03369.mp3,,"nourish, foster, nurture",racʰun
n.,uchicago_S_Hassan,rafīk.mp3,https://dsal.uchicago.edu/dictionaries/hassan/audio/03370.mp3,,"friend, pal, buddy, companion",rafīk
n.m.,uchicago_S_Hassan,rafūgar.mp3,https://dsal.uchicago.edu/dictionaries/hassan/audio/03371.mp3,,darner,rafūgar
n.m.,uchicago_S_Hassan,rafgar.mp3,https://dsal.uchicago.edu/dictionaries/hassan/audio/03372.mp3,,shawl-mender,rafgar
n.m.,uchicago_S_Hassan,rag.mp3,https://dsal.uchicago.edu/dictionaries/hassan/audio/03373.mp3,,"artery, vein",rag
n.m.,uchicago_S_Hassan,rāhat.mp3,https://dsal.uchicago.edu/dictionaries/hassan/audio/03374.mp3,,"break, breather, time-out, rest, relaxation, respite",rāhat
adj.,uchicago_S_Hassan,rahīm.mp3,https://dsal.uchicago.edu/dictionaries/hassan/audio/03375.mp3,,"compassionate, sympathetic, feeling, empathetic, kind, concerned, kindhearted",rahīm
adj.,uchicago_S_Hassan,rahm dil.mp3,https://dsal.uchicago.edu/dictionaries/hassan/audio/03376.mp3,,"kindhearted, caring, sympathetic, nice, gentle, compassionate",rahm dil
n.m.,uchicago_S_Hassan,rahm.mp3,https://dsal.uchicago.edu/dictionaries/hassan/audio/03377.mp3,,"compassion, sympathy, empathy, kindness, consideration, care",rahm
n.,uchicago_S_Hassan,rahmat.mp3,https://dsal.uchicago.edu/dictionaries/hassan/audio/03378.mp3,,mercy of God,rahmat
v.,uchicago_S_Hassan,rāj trāwun.mp3,https://dsal.uchicago.edu/dictionaries/hassan/audio/03379.mp3,,"abdicate to, step down from, resign",rāj trāwun
n.f.,uchicago_S_Hassan,ralιwāngin.mp3,https://dsal.uchicago.edu/dictionaries/hassan/audio/03380.mp3,,egg plant,ralιwāngin
n.f.,uchicago_S_Hassan,ram ram badrin būnʸ.mp3,https://dsal.uchicago.edu/dictionaries/hassan/audio/03381.mp3,,rainbow,ram ram badrin būnʸ
n.m.,uchicago_S_Hassan,rāmι hūn.mp3,https://dsal.uchicago.edu/dictionaries/hassan/audio/03382.mp3,,wolf,rāmι hūn
n.f.,uchicago_S_Hassan,rān.mp3,https://dsal.uchicago.edu/dictionaries/hassan/audio/03383.mp3,,thigh,rān
n.m.,uchicago_S_Hassan,randι.mp3,https://dsal.uchicago.edu/dictionaries/hassan/audio/03384.mp3,,plane –a tool with a steel blade for smoothing level of wooden surface,randι
adj.,uchicago_S_Hassan,rāⁿḍι.mp3,https://dsal.uchicago.edu/dictionaries/hassan/audio/03385.mp3,,"vile, quarrelsome, dreadful, horrid, horrible, wicked, low, degraded",rāⁿḍι
v.,uchicago_S_Hassan,raⁿg dʸun.mp3,https://dsal.uchicago.edu/dictionaries/hassan/audio/03386.mp3,,"tint, dye, paint",raⁿg dʸun
n.,uchicago_S_Hassan,raⁿg.mp3,https://dsal.uchicago.edu/dictionaries/hassan/audio/03387.mp3,,"colour, paint, dye, tint, dye",raⁿg
n.,uchicago_S_Hassan,raⁿg-raⁿg.mp3,https://dsal.uchicago.edu/dictionaries/hassan/audio/03388.mp3,,"complexion, skin, nature, character, facial appearance, skin texture, features",raⁿg-raⁿg
v.,uchicago_S_Hassan,rangun.mp3,https://dsal.uchicago.edu/dictionaries/hassan/audio/03389.mp3,,dye,rangun
n.m.,uchicago_S_Hassan,rangur.mp3,https://dsal.uchicago.edu/dictionaries/hassan/audio/03390.mp3,,dyer,rangur
n.m.,uchicago_S_Hassan,raⁿgsāz.mp3,https://dsal.uchicago.edu/dictionaries/hassan/audio/03391.mp3,,painter,raⁿgsāz
adj.,uchicago_S_Hassan,rangι rangι.mp3,https://dsal.uchicago.edu/dictionaries/hassan/audio/03392.mp3,,"various, a variety of, a range of, diverse",rangι rangι
n.f.,uchicago_S_Hassan,rangιʦǝr.mp3,https://dsal.uchicago.edu/dictionaries/hassan/audio/03393.mp3,,"pheasant, a coloured game bird",rangιʦǝr
n.f.,uchicago_S_Hassan,rānī.mp3,https://dsal.uchicago.edu/dictionaries/hassan/audio/03394.mp3,,queen,rānī
n.m.,uchicago_S_Hassan,ranj.mp3,https://dsal.uchicago.edu/dictionaries/hassan/audio/03395.mp3,,"sorrow, grief, mourning, regret",ranj
v.,uchicago_S_Hassan,ranun.mp3,https://dsal.uchicago.edu/dictionaries/hassan/audio/03396.mp3,,"to cook, food preparation, cater",ranun
v.,uchicago_S_Hassan,ranιnāwun.mp3,https://dsal.uchicago.edu/dictionaries/hassan/audio/03397.mp3,,cause to cook,ranιnāwun
n.m.,uchicago_S_Hassan,ras.mp3,https://dsal.uchicago.edu/dictionaries/hassan/audio/03398.mp3,,"juice, sap, liquid, fruit drink, fruit juice, fluid, serum",ras
n.m.,uchicago_S_Hassan,māz ras.mp3,https://dsal.uchicago.edu/dictionaries/hassan/audio/03399.mp3,,meat soup,māz ras
adj.,uchicago_S_Hassan,rasdār.mp3,https://dsal.uchicago.edu/dictionaries/hassan/audio/03400.mp3,,juicy,rasdār
n.m.,uchicago_S_Hassan,rasīd.mp3,https://dsal.uchicago.edu/dictionaries/hassan/audio/03401.mp3,,"receipt, proof of payment, voucher",rasīd
n.m.,uchicago_S_Hassan,rašk.mp3,https://dsal.uchicago.edu/dictionaries/hassan/audio/03402.mp3,,"envy, jealousy, desire, resentment, greed",rašk
v.,uchicago_S_Hassan,raškι karun.mp3,https://dsal.uchicago.edu/dictionaries/hassan/audio/03403.mp3,,"to envy, be jealous of, covet",raškι karun
n.m.,uchicago_S_Hassan,rasūl.mp3,https://dsal.uchicago.edu/dictionaries/hassan/audio/03404.mp3,,Prophet,rasūl
adv.,uchicago_S_Hassan,rāt kʸutʰ.mp3,https://dsal.uchicago.edu/dictionaries/hassan/audio/03405.mp3,,at night,rāt kʸutʰ
n.m.,uchicago_S_Hassan,rāt.mp3,https://dsal.uchicago.edu/dictionaries/hassan/audio/03406.mp3,,"night, hours of darkness , dark",rāt
n.,uchicago_S_Hassan,rātas.mp3,https://dsal.uchicago.edu/dictionaries/hassan/audio/03407.mp3,,"by nights, night time",rātas
v.,uchicago_S_Hassan,ratʰ kǝdun.mp3,https://dsal.uchicago.edu/dictionaries/hassan/audio/03408.mp3,,blood to draw,ratʰ kǝdun
n.m.,uchicago_S_Hassan,ratʰ.mp3,https://dsal.uchicago.edu/dictionaries/hassan/audio/03409.mp3,,blood,ratʰ
adv.,uchicago_S_Hassan,rātʰ.mp3,https://dsal.uchicago.edu/dictionaries/hassan/audio/03410.mp3,,"yesterday, previous day",rātʰ
n.m.,uchicago_S_Hassan,rattan.mp3,https://dsal.uchicago.edu/dictionaries/hassan/audio/03411.mp3,,ruby,rattan
v.,uchicago_S_Hassan,raṭ.mp3,https://dsal.uchicago.edu/dictionaries/hassan/audio/03412.mp3,,"catch, grab, hold, take, grip, seize",raṭ
v.,uchicago_S_Hassan,ranι karni.mp3,https://dsal.uchicago.edu/dictionaries/hassan/audio/03413.mp3,,"obtain, get, acquire, grasp, grab",ranι karni
n.,uchicago_S_Hassan,rūdι rāṭʰ.mp3,https://dsal.uchicago.edu/dictionaries/hassan/audio/03414.mp3,,heavy rain,rūdι rāṭʰ
n.m.,uchicago_S_Hassan,rātι-krīl.mp3,https://dsal.uchicago.edu/dictionaries/hassan/audio/03415.mp3,,bat,rātι-krīl
n.m.,uchicago_S_Hassan,rātι-maⁿgul.mp3,https://dsal.uchicago.edu/dictionaries/hassan/audio/03416.mp3,,owl,rātι-maⁿgul
n.m.,uchicago_S_Hassan,rātιrə̄cʰ.mp3,https://dsal.uchicago.edu/dictionaries/hassan/audio/03417.mp3,,"sentry, guard",rātιrə̄cʰ
adv.,uchicago_S_Hassan,raʦʰi raʦʰi.mp3,https://dsal.uchicago.edu/dictionaries/hassan/audio/03418.mp3,,"by little, not much, lesser",raʦʰi raʦʰi
v.,uchicago_S_Hassan,rāwrun.mp3,https://dsal.uchicago.edu/dictionaries/hassan/audio/03419.mp3,,to lose,rāwrun
n.f.,uchicago_S_Hassan,raz.mp3,https://dsal.uchicago.edu/dictionaries/hassan/audio/03420.mp3,,"rope, string, cord",raz
n.m.,uchicago_S_Hassan,rāz.mp3,https://dsal.uchicago.edu/dictionaries/hassan/audio/03421.mp3,,"secret, mystery",rāz
n.f.,uchicago_S_Hassan,razə̄y.mp3,https://dsal.uchicago.edu/dictionaries/hassan/audio/03422.mp3,,"coverlet, quilt, comforter",razə̄y
n.m.,uchicago_S_Hassan,rɔpʰ.mp3,https://dsal.uchicago.edu/dictionaries/hassan/audio/03423.mp3,,silver,rɔpʰ
v.,uchicago_S_Hassan,rǝcʰun.mp3,https://dsal.uchicago.edu/dictionaries/hassan/audio/03424.mp3,,"to cherish, attach importance to, treasure, revere, relish",rǝcʰun
n.f.,uchicago_S_Hassan,rih.mp3,https://dsal.uchicago.edu/dictionaries/hassan/audio/03425.mp3,,Arthritis,rih
n.,uchicago_S_Hassan,reh.mp3,https://dsal.uchicago.edu/dictionaries/hassan/audio/03426.mp3,,"flame, light",reh
n.m.,uchicago_S_Hassan,rehbar.mp3,https://dsal.uchicago.edu/dictionaries/hassan/audio/03427.mp3,,guide,rehbar
n.m.,uchicago_S_Hassan,rey.mp3,https://dsal.uchicago.edu/dictionaries/hassan/audio/03428.mp3,,ant,rey
n.f.,uchicago_S_Hassan,rekʰ.mp3,https://dsal.uchicago.edu/dictionaries/hassan/audio/03429.mp3,,droppings,rekʰ
n.m.,uchicago_S_Hassan,rēš.mp3,https://dsal.uchicago.edu/dictionaries/hassan/audio/03430.mp3,,beard,rēš
n.,uchicago_S_Hassan,reši.mp3,https://dsal.uchicago.edu/dictionaries/hassan/audio/03431.mp3,,fibre,reši
n.m.,uchicago_S_Hassan,rǝsm.mp3,https://dsal.uchicago.edu/dictionaries/hassan/audio/03432.mp3,,"ceremony, rite, ritual, observance, formal procedure",rǝsm
n.f.,uchicago_S_Hassan,raʦʰ.mp3,https://dsal.uchicago.edu/dictionaries/hassan/audio/03433.mp3,,a very small amount of anything,raʦʰ
adv.,uchicago_S_Hassan,retʰah.mp3,https://dsal.uchicago.edu/dictionaries/hassan/audio/03434.mp3,,"about a month, approximately in a month",retʰah
n.,uchicago_S_Hassan,rettun.mp3,https://dsal.uchicago.edu/dictionaries/hassan/audio/03435.mp3,,month’s old,rettun
n.f.,uchicago_S_Hassan,retι.mp3,https://dsal.uchicago.edu/dictionaries/hassan/audio/03436.mp3,,"pay, salary, wages",retι
n.,uchicago_S_Hassan,raš.mp3,https://dsal.uchicago.edu/dictionaries/hassan/audio/03437.mp3,,"crowd, chaos",raš
n.m.,uchicago_S_Hassan,retιkōl.mp3,https://dsal.uchicago.edu/dictionaries/hassan/audio/03438.mp3,,summer,retιkōl
n.f.,uchicago_S_Hassan,reʦʰ.mp3,https://dsal.uchicago.edu/dictionaries/hassan/audio/03439.mp3,,nickname,reʦʰ
n.,uchicago_S_Hassan,rǝʦar.mp3,https://dsal.uchicago.edu/dictionaries/hassan/audio/03440.mp3,,"goodness, righteousness, rectitude, correctness",rǝʦar
n.m.,uchicago_S_Hassan,reyι ōl.mp3,https://dsal.uchicago.edu/dictionaries/hassan/audio/03441.mp3,,ant hill,reyι ōl
n.m.,uchicago_S_Hassan,rezar.mp3,https://dsal.uchicago.edu/dictionaries/hassan/audio/03442.mp3,,"razor, blade",rezar
n.f.,uchicago_S_Hassan,rezι.mp3,https://dsal.uchicago.edu/dictionaries/hassan/audio/03443.mp3,,"bit, small piece, trace, piece",rezι
n.f.,uchicago_S_Hassan,rikʰ.mp3,https://dsal.uchicago.edu/dictionaries/hassan/audio/03444.mp3,,"line, contour",rikʰ
v.,uchicago_S_Hassan,rikinʸ.mp3,https://dsal.uchicago.edu/dictionaries/hassan/audio/03445.mp3,,"slip, fall, lose your balance, lose your footing",rikinʸ
n.f.,uchicago_S_Hassan,rikə̄b.mp3,https://dsal.uchicago.edu/dictionaries/hassan/audio/03446.mp3,,"plate, dish, cover, shield",rikə̄b
adj.,uchicago_S_Hassan,rindι.mp3,https://dsal.uchicago.edu/dictionaries/hassan/audio/03447.mp3,,"clever, quick, fast, speedy, witty",rindι
n.f.,uchicago_S_Hassan,rušwat.mp3,https://dsal.uchicago.edu/dictionaries/hassan/audio/03448.mp3,,"ill will, bribe",rušwat
n.f.,uchicago_S_Hassan,riš.mp3,https://dsal.uchicago.edu/dictionaries/hassan/audio/03449.mp3,,"spite, ill feeling, nastiness, unkindness, malevolence, malice",riš
n.m.,uchicago_S_Hassan,rīšam tʰān.mp3,https://dsal.uchicago.edu/dictionaries/hassan/audio/03450.mp3,,silk cloth,rīšam tʰān
n.f.,uchicago_S_Hassan,rīšam.mp3,https://dsal.uchicago.edu/dictionaries/hassan/audio/03451.mp3,,silk fabric,rīšam
adj.,uchicago_S_Hassan,rīšǝmi.mp3,https://dsal.uchicago.edu/dictionaries/hassan/audio/03452.mp3,,silky,rīšǝmi
n.m.,uchicago_S_Hassan,rišī.mp3,https://dsal.uchicago.edu/dictionaries/hassan/audio/03453.mp3,,"sage, guru, intellectual",rišī
n.m.,uchicago_S_Hassan,rīšm kʰānι.mp3,https://dsal.uchicago.edu/dictionaries/hassan/audio/03454.mp3,,silk-cottage,rīšm kʰānι
n.f.,uchicago_S_Hassan,rīt.mp3,https://dsal.uchicago.edu/dictionaries/hassan/audio/03455.mp3,,"ceremonial, observance, ritual",rīt
n.f.,uchicago_S_Hassan,rewāj.mp3,https://dsal.uchicago.edu/dictionaries/hassan/audio/03456.mp3,,"custom, tradition, convention, norm, ritual, habit",rewāj
v.,uchicago_S_Hassan,riwun.mp3,https://dsal.uchicago.edu/dictionaries/hassan/audio/03457.mp3,,mourn,riwun
n.f.,uchicago_S_Hassan,riyāsat.mp3,https://dsal.uchicago.edu/dictionaries/hassan/audio/03458.mp3,,"state, nation, land, territory",riyāsat
n.m.,uchicago_S_Hassan,roḍι.mp3,https://dsal.uchicago.edu/dictionaries/hassan/audio/03459.mp3,,bowels,roḍι
n.,uchicago_S_Hassan,rōk.mp3,https://dsal.uchicago.edu/dictionaries/hassan/audio/03460.mp3,,"hindrance, obstruction, barrier",rōk
n.m.,uchicago_S_Hassan,rōⁿkʰ.mp3,https://dsal.uchicago.edu/dictionaries/hassan/audio/03461.mp3,,hip,rōⁿkʰ
v.,uchicago_S_Hassan,rokʰsat.mp3,https://dsal.uchicago.edu/dictionaries/hassan/audio/03462.mp3,,"departure, leaving, going away",rokʰsat
v.,uchicago_S_Hassan,rōkun.mp3,https://dsal.uchicago.edu/dictionaries/hassan/audio/03463.mp3,,"restrain, hold back, control, bring under control",rōkun
n.m.,uchicago_S_Hassan,roⁿg.mp3,https://dsal.uchicago.edu/dictionaries/hassan/audio/03464.mp3,,clove,roⁿg
n.f.,uchicago_S_Hassan,rͻnʸi.mp3,https://dsal.uchicago.edu/dictionaries/hassan/audio/03465.mp3,,bell,rͻnʸi
n.f.,uchicago_S_Hassan,ropāy.mp3,https://dsal.uchicago.edu/dictionaries/hassan/audio/03466.mp3,,rupee,ropāy
n.m.,uchicago_S_Hassan,ropʰ.mp3,https://dsal.uchicago.edu/dictionaries/hassan/audio/03467.mp3,,"repair, darning",ropʰ
v.,uchicago_S_Hassan,rošan karun.mp3,https://dsal.uchicago.edu/dictionaries/hassan/audio/03468.mp3,,to lighten,rošan karun
v.,uchicago_S_Hassan,rōzun.mp3,https://dsal.uchicago.edu/dictionaries/hassan/audio/03469.mp3,,"continue, carry on, persist, go on, prolong, maintain, go on with, remain, stay",rōzun
v.,uchicago_S_Hassan,rōzān.mp3,https://dsal.uchicago.edu/dictionaries/hassan/audio/03470.mp3,,"dwell, reside, stay, inhabit, settle",rōzān
v.,uchicago_S_Hassan,rōzdār.mp3,https://dsal.uchicago.edu/dictionaries/hassan/audio/03471.mp3,,one who fasts in Muslims,rōzdār
v.,uchicago_S_Hassan,rozι tʰāwin.mp3,https://dsal.uchicago.edu/dictionaries/hassan/audio/03472.mp3,,to fast,rozι tʰāwin
n.m.,uchicago_S_Hassan,rozι.mp3,https://dsal.uchicago.edu/dictionaries/hassan/audio/03473.mp3,,"fasting, a religious practice in Muslims",rozι
v.,uchicago_S_Hassan,rūd pʸun.mp3,https://dsal.uchicago.edu/dictionaries/hassan/audio/03474.mp3,,"rain, fall, shower",rūd pʸun
n.,uchicago_S_Hassan,rūd.mp3,https://dsal.uchicago.edu/dictionaries/hassan/audio/03475.mp3,,"rain, rainfall, shower",rūd
n.m.,uchicago_S_Hassan,ruh.mp3,https://dsal.uchicago.edu/dictionaries/hassan/audio/03476.mp3,,"spirit, soul, inner self, life-force",ruh
n.m.,uchicago_S_Hassan,ruhan.mp3,https://dsal.uchicago.edu/dictionaries/hassan/audio/03477.mp3,,garlic,ruhan
n.,uchicago_S_Hassan,rukʰ.mp3,https://dsal.uchicago.edu/dictionaries/hassan/audio/03478.mp3,,"aspect, facet, phase, side",rukʰ
v.,uchicago_S_Hassan,rukʰsat karun.mp3,https://dsal.uchicago.edu/dictionaries/hassan/audio/03479.mp3,,send away,rukʰsat karun
n.m.,uchicago_S_Hassan,rukʰsat.mp3,https://dsal.uchicago.edu/dictionaries/hassan/audio/03480.mp3,,"farewell, send-off, goodbye",rukʰsat
n.f.,uchicago_S_Hassan,rum.mp3,https://dsal.uchicago.edu/dictionaries/hassan/audio/03481.mp3,,"crack, slit, rift, gap, break, fissure",rum
n.m.,uchicago_S_Hassan,rōm.mp3,https://dsal.uchicago.edu/dictionaries/hassan/audio/03482.mp3,,Turkey,rōm
n.f.,uchicago_S_Hassan,rumāl.mp3,https://dsal.uchicago.edu/dictionaries/hassan/audio/03483.mp3,,handkerchief,rumāl
n.m.,uchicago_S_Hassan,rūn.mp3,https://dsal.uchicago.edu/dictionaries/hassan/audio/03484.mp3,,husband,rūn
n.m.,uchicago_S_Hassan,ruⁿgāwun.mp3,https://dsal.uchicago.edu/dictionaries/hassan/audio/03485.mp3,,tomato,ruⁿgāwun
n.m.,uchicago_S_Hassan,rūp.mp3,https://dsal.uchicago.edu/dictionaries/hassan/audio/03486.mp3,,"disguise, mask, costume",rūp
prep.,uchicago_S_Hassan,rust.mp3,https://dsal.uchicago.edu/dictionaries/hassan/audio/03487.mp3,,"without, with no, lacking, not including",rust
adj.,uchicago_S_Hassan,ruswā gomut.mp3,https://dsal.uchicago.edu/dictionaries/hassan/audio/03488.mp3,,"disgraced, embarrassed, dishonored, mortified, shamed",ruswā gomut
v.,uchicago_S_Hassan,rušwat dʸun.mp3,https://dsal.uchicago.edu/dictionaries/hassan/audio/03489.mp3,,"to corrupt, bribe, buy off, pay off",rušwat dʸun
v.,uchicago_S_Hassan,rušwat raṭun.mp3,https://dsal.uchicago.edu/dictionaries/hassan/audio/03490.mp3,,"bribe, corrupt, buying-off, paying-off, enticement",rušwat raṭun
n.f.,uchicago_S_Hassan,rūsʸ kǝṭ.mp3,https://dsal.uchicago.edu/dictionaries/hassan/audio/03491.mp3,,musk deer,rūsʸ kǝṭ
adj.,uchicago_S_Hassan,rιʦ.mp3,https://dsal.uchicago.edu/dictionaries/hassan/audio/03492.mp3,,"admirable, commendable, venerable, respected, honoured",rιʦ
adj.,uchicago_S_Hassan,rupyiwōl.mp3,https://dsal.uchicago.edu/dictionaries/hassan/audio/03493.mp3,,"rich, wealthy, well off",rupyiwōl
n.f.,uchicago_S_Hassan,rιʦǝr.mp3,https://dsal.uchicago.edu/dictionaries/hassan/audio/03494.mp3,,"benevolence, kindness, generosity, goodwill",rιʦǝr
n.f.,uchicago_S_Hassan,rə̄cʰ.mp3,https://dsal.uchicago.edu/dictionaries/hassan/audio/03495.mp3,,"protector, guard, guardian, shield, defender",rə̄cʰ
v.,uchicago_S_Hassan,rə̄cʰ karin.mp3,https://dsal.uchicago.edu/dictionaries/hassan/audio/03496.mp3,,"watch over, observe, look at, look after, guard, take care of",rə̄cʰ karin
v.,uchicago_S_Hassan,rə̄cʰ rozun.mp3,https://dsal.uchicago.edu/dictionaries/hassan/audio/03497.mp3,,"preserve, protect, conserve, safeguard, care for",rə̄cʰ rozun
n.,uchicago_S_Hassan,rīⁿṭʰ.mp3,https://dsal.uchicago.edu/dictionaries/hassan/audio/03498.mp3,,"crying, howling",rīⁿṭʰ
n.m.,uchicago_S_Hassan,rōšan.mp3,https://dsal.uchicago.edu/dictionaries/hassan/audio/03499.mp3,,bright,rōšan
n.m.,uchicago_S_Hassan,rāzdār.mp3,https://dsal.uchicago.edu/dictionaries/hassan/audio/03500.mp3,,with whom secrets are shared,rāzdār
adv.,uchicago_S_Hassan,rə̄ʦ patι rə̄ʦ.mp3,https://dsal.uchicago.edu/dictionaries/hassan/audio/03501.mp3,,night after night,rə̄ʦ patι rə̄ʦ
adj.,uchicago_S_Hassan,rə̄zʸ.mp3,https://dsal.uchicago.edu/dictionaries/hassan/audio/03502.mp3,,"content, happy satisfied, pleased, comfortable",rə̄zʸ
n.,uchicago_S_Hassan,sa.mp3,https://dsal.uchicago.edu/dictionaries/hassan/audio/03503.mp3,,"sir, madam",sa
v.,uchicago_S_Hassan,sabab.mp3,https://dsal.uchicago.edu/dictionaries/hassan/audio/03504.mp3,,"cause, produce, set off, begin, affect",sabab
n.f.,uchicago_S_Hassan,sab.mp3,https://dsal.uchicago.edu/dictionaries/hassan/audio/03505.mp3,,serving of feast,sab
n.m.,uchicago_S_Hassan,sabak.mp3,https://dsal.uchicago.edu/dictionaries/hassan/audio/03506.mp3,,"lesson, message, moral, lecture",sabak
n.f.,uchicago_S_Hassan,sābanʸ.mp3,https://dsal.uchicago.edu/dictionaries/hassan/audio/03507.mp3,,soap,sābanʸ
interj.,uchicago_S_Hassan,šabāš.mp3,https://dsal.uchicago.edu/dictionaries/hassan/audio/03508.mp3,,"well done, bravo, congratulations, good for you, good job",šabāš
n.f.,uchicago_S_Hassan,sābni pʰʸekʰ.mp3,https://dsal.uchicago.edu/dictionaries/hassan/audio/03509.mp3,,washing powder,sābni pʰʸekʰ
n.f.,uchicago_S_Hassan,šabnum.mp3,https://dsal.uchicago.edu/dictionaries/hassan/audio/03510.mp3,,"dew drop, bead of moisture, droplet",šabnum
n.f.,uchicago_S_Hassan,sabιr.mp3,https://dsal.uchicago.edu/dictionaries/hassan/audio/03511.mp3,,"patience, tolerance, staying power, lack of complaint, endurance",sabιr
n.m.,uchicago_S_Hassan,sabūt.mp3,https://dsal.uchicago.edu/dictionaries/hassan/audio/03512.mp3,,"proof, facts, evidence",sabūt
adj.,uchicago_S_Hassan,sabz.mp3,https://dsal.uchicago.edu/dictionaries/hassan/audio/03513.mp3,,green,sabz
n.m.,uchicago_S_Hassan,sabιz krāⁿk.mp3,https://dsal.uchicago.edu/dictionaries/hassan/audio/03514.mp3,,emerald,sabιz krāⁿk
adj.,uchicago_S_Hassan,šād.mp3,https://dsal.uchicago.edu/dictionaries/hassan/audio/03515.mp3,,"merry, happy, joyous",šād
n.,uchicago_S_Hassan,sɔ̄d.mp3,https://dsal.uchicago.edu/dictionaries/hassan/audio/03516.mp3,,"quarter, fourth part",sɔ̄d
n.,uchicago_S_Hassan,sadā.mp3,https://dsal.uchicago.edu/dictionaries/hassan/audio/03517.mp3,,"sound, ring out, signal",sadā
n.,uchicago_S_Hassan,sadah.mp3,https://dsal.uchicago.edu/dictionaries/hassan/audio/03518.mp3,,seventeen,sadah
n.f.,uchicago_S_Hassan,saḍakʰ.mp3,https://dsal.uchicago.edu/dictionaries/hassan/audio/03519.mp3,,"road, street, way",saḍakʰ
adj.,uchicago_S_Hassan,sadǝhʸum.mp3,https://dsal.uchicago.edu/dictionaries/hassan/audio/03520.mp3,,seventeenth,sadǝhʸum
adj.,uchicago_S_Hassan,sādik.mp3,https://dsal.uchicago.edu/dictionaries/hassan/audio/03521.mp3,,"sincere, truthful, honest, earnest",sādik
n.m.,uchicago_S_Hassan,sādū.mp3,https://dsal.uchicago.edu/dictionaries/hassan/audio/03522.mp3,,ascetic,sādū
adj.,uchicago_S_Hassan,sādι.mp3,https://dsal.uchicago.edu/dictionaries/hassan/audio/03523.mp3,,"blank, clean, uniform, plain",sādι
v.,uchicago_S_Hassan,sāf karun.mp3,https://dsal.uchicago.edu/dictionaries/hassan/audio/03524.mp3,,"wipe, rub, wipe down, swab clean",sāf karun
adj.,uchicago_S_Hassan,sāf.mp3,https://dsal.uchicago.edu/dictionaries/hassan/audio/03525.mp3,,"clear, clean, spotless, dirt free, fresh, unpolluted, uncontaminated",sāf
n.m.,uchicago_S_Hassan,šafak.mp3,https://dsal.uchicago.edu/dictionaries/hassan/audio/03526.mp3,,"twilight, nightfall, sunset, sundown, dusk",šafak
v.,uchicago_S_Hassan,safar karun.mp3,https://dsal.uchicago.edu/dictionaries/hassan/audio/03527.mp3,,"to travel, journey, take a trip, move",safar karun
v.,uchicago_S_Hassan,safar.mp3,https://dsal.uchicago.edu/dictionaries/hassan/audio/03528.mp3,,"journey, travel, trip",safar
n.,uchicago_S_Hassan,safēd.mp3,https://dsal.uchicago.edu/dictionaries/hassan/audio/03529.mp3,,white,safēd
adj.,uchicago_S_Hassan,safēd-šīn.mp3,https://dsal.uchicago.edu/dictionaries/hassan/audio/03530.mp3,,of the colour of snow,safēd-šīn
adj.,uchicago_S_Hassan,safēd-poš.mp3,https://dsal.uchicago.edu/dictionaries/hassan/audio/03531.mp3,,"dressed in white, poor, unfortunate",safēd-poš
n.m.,uchicago_S_Hassan,safēd-sɔn.mp3,https://dsal.uchicago.edu/dictionaries/hassan/audio/03532.mp3,,white-gold,safēd-sɔn
n.m.,uchicago_S_Hassan,šāgird.mp3,https://dsal.uchicago.edu/dictionaries/hassan/audio/03533.mp3,,"disciple, learner, scholar, pupil, student, follower",šāgird
v.,uchicago_S_Hassan,šah hʸun.mp3,https://dsal.uchicago.edu/dictionaries/hassan/audio/03534.mp3,,"to breathe, take breaths, respire, inhale, exhale, suck in air, take in air",šah hʸun
n.,uchicago_S_Hassan,šah.mp3,https://dsal.uchicago.edu/dictionaries/hassan/audio/03535.mp3,,"breath, inhalation, gulp of air, breathing, lungful of air, mouthful of air",šah
n.f.,uchicago_S_Hassan,šahādat.mp3,https://dsal.uchicago.edu/dictionaries/hassan/audio/03536.mp3,,"testimony, proof, evidence, indication",šahādat
n.f.,uchicago_S_Hassan,safə̄yī.mp3,https://dsal.uchicago.edu/dictionaries/hassan/audio/03537.mp3,,"cleanliness, sanitation, purity, hygiene",safə̄yī
n.f.,uchicago_S_Hassan,sahal pə̄ṭʰ.mp3,https://dsal.uchicago.edu/dictionaries/hassan/audio/03538.mp3,,"easily, with ease, effortlessness, no difficulty, straightforwardness",sahal pə̄ṭʰ
adj.,uchicago_S_Hassan,sahal.mp3,https://dsal.uchicago.edu/dictionaries/hassan/audio/03539.mp3,,"easy, effortless, unproblematic, simple",sahal
v.,uchicago_S_Hassan,šahmāt dʸun.mp3,https://dsal.uchicago.edu/dictionaries/hassan/audio/03540.mp3,,"to place in checkmate, defeat, the winning position in chess",šahmāt dʸun
n.m.,uchicago_S_Hassan,šahmār.mp3,https://dsal.uchicago.edu/dictionaries/hassan/audio/03541.mp3,,cobra,šahmār
n.m.,uchicago_S_Hassan,šahar.mp3,https://dsal.uchicago.edu/dictionaries/hassan/audio/03542.mp3,,"& adj. city, municipality, capital, urban, town, metropolitan",šahar
n.m.,uchicago_S_Hassan,sahar.mp3,https://dsal.uchicago.edu/dictionaries/hassan/audio/03543.mp3,,before dawn or daybreak,sahar
n.m.,uchicago_S_Hassan,šahrī.mp3,https://dsal.uchicago.edu/dictionaries/hassan/audio/03544.mp3,,"citizen, inhabitant, resident, civilian, city dweller",šahrī
adj.,uchicago_S_Hassan,šahruk.mp3,https://dsal.uchicago.edu/dictionaries/hassan/audio/03545.mp3,,"urban people, town people, metropolitan people",šahruk
n.f.,uchicago_S_Hassan,sahūliyet.mp3,https://dsal.uchicago.edu/dictionaries/hassan/audio/03546.mp3,,"ease, effortlessness, no difficulty, straightforwardness",sahūliyet
n.m.,uchicago_S_Hassan,šə̄j.mp3,https://dsal.uchicago.edu/dictionaries/hassan/audio/03547.mp3,,jackal,šə̄j
v.,uchicago_S_Hassan,sajāwun.mp3,https://dsal.uchicago.edu/dictionaries/hassan/audio/03548.mp3,,"to embellish, decorate",sajāwun
v.,uchicago_S_Hassan,sə̄zis.mp3,https://dsal.uchicago.edu/dictionaries/hassan/audio/03549.mp3,,"to plot, plan, conspire",sə̄zis
n.m.,uchicago_S_Hassan,sakι.mp3,https://dsal.uchicago.edu/dictionaries/hassan/audio/03550.mp3,,water-carrier,sakι
adj.,uchicago_S_Hassan,sakʰ dil.mp3,https://dsal.uchicago.edu/dictionaries/hassan/audio/03551.mp3,,"heartless, merciless, unfeeling, unkind",sakʰ dil
v.,uchicago_S_Hassan,šakʰ karun.mp3,https://dsal.uchicago.edu/dictionaries/hassan/audio/03552.mp3,,"to doubt, mistrust, suspect, distrust, question",šakʰ karun
n.m.,uchicago_S_Hassan,šakʰ.mp3,https://dsal.uchicago.edu/dictionaries/hassan/audio/03553.mp3,,"doubt, distrust, disbelief, suspicion, skepticism",šakʰ
adj.,uchicago_S_Hassan,šakī.mp3,https://dsal.uchicago.edu/dictionaries/hassan/audio/03554.mp3,,"doubtful, uncertain, suspicious, unpromising",šakī
n.m.,uchicago_S_Hassan,šakʰdar.mp3,https://dsal.uchicago.edu/dictionaries/hassan/audio/03555.mp3,,"spy, secret agent, detective",šakʰdar
adj.,uchicago_S_Hassan,sāki.mp3,https://dsal.uchicago.edu/dictionaries/hassan/audio/03556.mp3,,cup-bearer,sāki
adj.,uchicago_S_Hassan,sakʰt.mp3,https://dsal.uchicago.edu/dictionaries/hassan/audio/03557.mp3,,"stern, severe, strong, cruel",sakʰt
n.m.,uchicago_S_Hassan,sakābι.mp3,https://dsal.uchicago.edu/dictionaries/hassan/audio/03558.mp3,,"name of a disease, a type of influenza",sakābι
v.,uchicago_S_Hassan,šakʰι kaḍun.mp3,https://dsal.uchicago.edu/dictionaries/hassan/audio/03559.mp3,,"to convince, talk into, induce, satisfy",šakʰι kaḍun
n.,uchicago_S_Hassan,šakʰιs.mp3,https://dsal.uchicago.edu/dictionaries/hassan/audio/03560.mp3,,"person, human being, individual, one, someone, anyone",šakʰιs
n.m.,uchicago_S_Hassan,šakl.mp3,https://dsal.uchicago.edu/dictionaries/hassan/audio/03561.mp3,,"expression, look, appearance, countenance",šakl
adv.,uchicago_S_Hassan,šakι-rustι.mp3,https://dsal.uchicago.edu/dictionaries/hassan/audio/03562.mp3,,"doubtless, no doubt, without a doubt, beyond question",šakι-rustι
n.m.,uchicago_S_Hassan,sikι.mp3,https://dsal.uchicago.edu/dictionaries/hassan/audio/03563.mp3,,"a stamp, seal",sikι
n.m.,uchicago_S_Hassan,sāl.mp3,https://dsal.uchicago.edu/dictionaries/hassan/audio/03564.mp3,,"invitation, feast, banquet, dinner, formal meal",sāl
n.m.,uchicago_S_Hassan,šal.mp3,https://dsal.uchicago.edu/dictionaries/hassan/audio/03565.mp3,,"jackal, wolf",šal
n.f.,uchicago_S_Hassan,sāl.mp3,https://dsal.uchicago.edu/dictionaries/hassan/audio/03566.mp3,,"wife’s sister, sister-in-law",sāl
v.,uchicago_S_Hassan,salah karun.mp3,https://dsal.uchicago.edu/dictionaries/hassan/audio/03567.mp3,,"consult, talk to, discuss with, seek advice from, see",salah karun
n.m.,uchicago_S_Hassan,salah.mp3,https://dsal.uchicago.edu/dictionaries/hassan/audio/03568.mp3,,"peace, end of war, harmony, reconciliation, freedom from strife",salah
n.m.,uchicago_S_Hassan,salah karanwōl.mp3,https://dsal.uchicago.edu/dictionaries/hassan/audio/03569.mp3,,"advisor, counselor, mediator, mentor, expert",salah karanwōl
n.f.,uchicago_S_Hassan,šə̄yirī.mp3,https://dsal.uchicago.edu/dictionaries/hassan/audio/03570.mp3,,poetry,šə̄yirī
n.,uchicago_S_Hassan,sə̄juv.mp3,https://dsal.uchicago.edu/dictionaries/hassan/audio/03571.mp3,,"the husband of a wife's sister, a wife's brother-in-law",sə̄juv
n.m.,uchicago_S_Hassan,salah mašwarι.mp3,https://dsal.uchicago.edu/dictionaries/hassan/audio/03572.mp3,,"suggestion, counsel, opinion, recommendation",salah mašwarι
n.m.,uchicago_S_Hassan,šə̄yir.mp3,https://dsal.uchicago.edu/dictionaries/hassan/audio/03573.mp3,,a poet,šə̄yir
v.,uchicago_S_Hassan,salām karin.mp3,https://dsal.uchicago.edu/dictionaries/hassan/audio/03574.mp3,,"to salute, to greet, welcome, address, to compliment",salām karin
n.,uchicago_S_Hassan,salāmī.mp3,https://dsal.uchicago.edu/dictionaries/hassan/audio/03575.mp3,,"salute, greetings, good wishes, compliments",salāmī
v.,uchicago_S_Hassan,sojran.mp3,https://dsal.uchicago.edu/dictionaries/hassan/audio/03576.mp3,,"making cheap, bringing down the price of something dear",sojran
n.f.,uchicago_S_Hassan,sͻjer.mp3,https://dsal.uchicago.edu/dictionaries/hassan/audio/03577.mp3,,"cheapness, low price",sͻjer
n.m.,uchicago_S_Hassan,šālbāpʰ.mp3,https://dsal.uchicago.edu/dictionaries/hassan/audio/03578.mp3,,shawl-weaver,šālbāpʰ
n.f.,uchicago_S_Hassan,salə̄kʰ.mp3,https://dsal.uchicago.edu/dictionaries/hassan/audio/03579.mp3,,rod,salə̄kʰ
n.,uchicago_S_Hassan,šām.mp3,https://dsal.uchicago.edu/dictionaries/hassan/audio/03580.mp3,,"evening, dusk, nightfall, late afternoon",šām
n.,uchicago_S_Hassan,šuzιran.mp3,https://dsal.uchicago.edu/dictionaries/hassan/audio/03581.mp3,,purification,šuzιran
n.m.,uchicago_S_Hassan,šamā.mp3,https://dsal.uchicago.edu/dictionaries/hassan/audio/03582.mp3,,candle,šamā
adj.,uchicago_S_Hassan,samajdār.mp3,https://dsal.uchicago.edu/dictionaries/hassan/audio/03583.mp3,,"understanding, appreciative, thoughtful, considerate",samajdār
n.,uchicago_S_Hassan,samak.mp3,https://dsal.uchicago.edu/dictionaries/hassan/audio/03584.mp3,,gum,samak
n.f.,uchicago_S_Hassan,samal.mp3,https://dsal.uchicago.edu/dictionaries/hassan/audio/03585.mp3,,pickaxe,samal
n.m.,uchicago_S_Hassan,samandar.mp3,https://dsal.uchicago.edu/dictionaries/hassan/audio/03586.mp3,,sea,samandar
n.m.,uchicago_S_Hassan,šezādι.mp3,https://dsal.uchicago.edu/dictionaries/hassan/audio/03587.mp3,,a tiger,šezādι
v.,uchicago_S_Hassan,sambιlun.mp3,https://dsal.uchicago.edu/dictionaries/hassan/audio/03588.mp3,,"arrange to, array, organize, position",sambιlun
v.,uchicago_S_Hassan,sambālun.mp3,https://dsal.uchicago.edu/dictionaries/hassan/audio/03589.mp3,,"titivates, do up, dress up, adorn, decorate, beautify",sambālun
adj.,uchicago_S_Hassan,sambrāwunι āmut.mp3,https://dsal.uchicago.edu/dictionaries/hassan/audio/03590.mp3,,"contained, enclosed, controlled, limited",sambrāwunι āmut
v.,uchicago_S_Hassan,sambιrun.mp3,https://dsal.uchicago.edu/dictionaries/hassan/audio/03591.mp3,,assembled,sambιrun
v.,uchicago_S_Hassan,samitʰ rozun.mp3,https://dsal.uchicago.edu/dictionaries/hassan/audio/03592.mp3,,to keep together,samitʰ rozun
adv.,uchicago_S_Hassan,samitʰ.mp3,https://dsal.uchicago.edu/dictionaries/hassan/audio/03593.mp3,,"together, jointly, as one, mutually, collectively",samitʰ
v.,uchicago_S_Hassan,samkʰun.mp3,https://dsal.uchicago.edu/dictionaries/hassan/audio/03594.mp3,,to meet,samkʰun
v.,uchicago_S_Hassan,sammun.mp3,https://dsal.uchicago.edu/dictionaries/hassan/audio/03595.mp3,,"summon, assemble, bring together, accumulate, gather",sammun
v.,uchicago_S_Hassan,šūrmut.mp3,https://dsal.uchicago.edu/dictionaries/hassan/audio/03596.mp3,,"prepared, repaired",šūrmut
n.f.,uchicago_S_Hassan,šamšēr.mp3,https://dsal.uchicago.edu/dictionaries/hassan/audio/03597.mp3,,sword,šamšēr
adj.,uchicago_S_Hassan,šə̄mʸ.mp3,https://dsal.uchicago.edu/dictionaries/hassan/audio/03598.mp3,,"dark blue, dark-coloured",šə̄mʸ
n.m.,uchicago_S_Hassan,samawār.mp3,https://dsal.uchicago.edu/dictionaries/hassan/audio/03599.mp3,,special type of copper decanter used for the preparation of tea,samawār
n.f.,uchicago_S_Hassan,san.mp3,https://dsal.uchicago.edu/dictionaries/hassan/audio/03600.mp3,,"burglary, robbery, break-in",san
prep.,uchicago_S_Hassan,sān.mp3,https://dsal.uchicago.edu/dictionaries/hassan/audio/03601.mp3,,"in addition to, plus, including, as well as, through, together with, along with",sān
n.m.,uchicago_S_Hassan,šāⁿdgoⁿd.mp3,https://dsal.uchicago.edu/dictionaries/hassan/audio/03602.mp3,,"cushion, pillow",šāⁿdgoⁿd
n.m.,uchicago_S_Hassan,šāmι-sͻndǝr.mp3,https://dsal.uchicago.edu/dictionaries/hassan/audio/03603.mp3,,dark and comely,šāmι-sͻndǝr
n.m.,uchicago_S_Hassan,sandūk.mp3,https://dsal.uchicago.edu/dictionaries/hassan/audio/03604.mp3,,"trunk, case, box, coffer, crate",sandūk
n.m.,uchicago_S_Hassan,sahāy.mp3,https://dsal.uchicago.edu/dictionaries/hassan/audio/03605.mp3,,"a help, succour, aid, assistance",sahāy
adj.,uchicago_S_Hassan,saⁿgdil.mp3,https://dsal.uchicago.edu/dictionaries/hassan/audio/03606.mp3,,"cruel, unkind, mean, pitiless, harsh",saⁿgdil
n.,uchicago_S_Hassan,saⁿgimarmar.mp3,https://dsal.uchicago.edu/dictionaries/hassan/audio/03607.mp3,,marble,saⁿgimarmar
n.f.,uchicago_S_Hassan,saⁿgi-sulaymə̄nī.mp3,https://dsal.uchicago.edu/dictionaries/hassan/audio/03608.mp3,,onyx,saⁿgi-sulaymə̄nī
n.f.,uchicago_S_Hassan,sangrezι.mp3,https://dsal.uchicago.edu/dictionaries/hassan/audio/03609.mp3,,gravel,sangrezι
n.f.,uchicago_S_Hassan,sangtarι.mp3,https://dsal.uchicago.edu/dictionaries/hassan/audio/03610.mp3,,orange,sangtarι
n.m.,uchicago_S_Hassan,šānιšɔwkat.mp3,https://dsal.uchicago.edu/dictionaries/hassan/audio/03611.mp3,,"pomp, display, splendor, showiness",šānιšɔwkat
adj.,uchicago_S_Hassan,šāⁿš.mp3,https://dsal.uchicago.edu/dictionaries/hassan/audio/03612.mp3,,"breathless, out of breath, puffing, winded, wheezing",šāⁿš
n.m.,uchicago_S_Hassan,santrī.mp3,https://dsal.uchicago.edu/dictionaries/hassan/audio/03613.mp3,,"sentry, guard",santrī
n.f.,uchicago_S_Hassan,sanʸer.mp3,https://dsal.uchicago.edu/dictionaries/hassan/audio/03614.mp3,,"declivity, deepness, intensity, strength",sanʸer
n.m.,uchicago_S_Hassan,šiyah.mp3,https://dsal.uchicago.edu/dictionaries/hassan/audio/03615.mp3,,name of a Muslim sect,šiyah
n.m.,uchicago_S_Hassan,šānι.mp3,https://dsal.uchicago.edu/dictionaries/hassan/audio/03616.mp3,,shoulder,šānι
n.m.,uchicago_S_Hassan,sanι.mp3,https://dsal.uchicago.edu/dictionaries/hassan/audio/03617.mp3,,"year, era, period, time, age",sanι
n.m.,uchicago_S_Hassan,šāyiwōl.mp3,https://dsal.uchicago.edu/dictionaries/hassan/audio/03618.mp3,,one who possesses a place,šāyiwōl
v.,uchicago_S_Hassan,sapdun.mp3,https://dsal.uchicago.edu/dictionaries/hassan/audio/03619.mp3,,"happen, occur, take place, ensue",sapdun
adj.,uchicago_S_Hassan,ʦʰāmp.mp3,https://dsal.uchicago.edu/dictionaries/hassan/audio/03620.mp3,,"thick, not clear, obscure, incomprehensible, opaque",ʦʰāmp
n.m.,uchicago_S_Hassan,sar.mp3,https://dsal.uchicago.edu/dictionaries/hassan/audio/03621.mp3,,pond,sar
n.m.,uchicago_S_Hassan,šār.mp3,https://dsal.uchicago.edu/dictionaries/hassan/audio/03622.mp3,,verse,šār
n.m.,uchicago_S_Hassan,šarāb.mp3,https://dsal.uchicago.edu/dictionaries/hassan/audio/03623.mp3,,wine,šarāb
n.m.,uchicago_S_Hassan,šarāb-kʰānι.mp3,https://dsal.uchicago.edu/dictionaries/hassan/audio/03624.mp3,,"bar, wine-shop",šarāb-kʰānι
n.f.,uchicago_S_Hassan,sārǝng.mp3,https://dsal.uchicago.edu/dictionaries/hassan/audio/03625.mp3,,"fiddle, a violin",sārǝng
adj.,uchicago_S_Hassan,sargarm.mp3,https://dsal.uchicago.edu/dictionaries/hassan/audio/03626.mp3,,"enthusiastic, excited, in a hurry, impetuous, impulsive",sargarm
n.,uchicago_S_Hassan,sarhad.mp3,https://dsal.uchicago.edu/dictionaries/hassan/audio/03627.mp3,,"frontier, boundary, border line, border",sarhad
adj.,uchicago_S_Hassan,šarīf.mp3,https://dsal.uchicago.edu/dictionaries/hassan/audio/03628.mp3,,gentleman,šarīf
v.,uchicago_S_Hassan,šarīk sapdun.mp3,https://dsal.uchicago.edu/dictionaries/hassan/audio/03629.mp3,,"connive, unite, act together, collaborate, combine",šarīk sapdun
n.m.,uchicago_S_Hassan,šarīk.mp3,https://dsal.uchicago.edu/dictionaries/hassan/audio/03630.mp3,,"partner, associate, colleague, collaborator",šarīk
n.m.,uchicago_S_Hassan,šarm.mp3,https://dsal.uchicago.edu/dictionaries/hassan/audio/03631.mp3,,"modesty, reticence, humility, reserve",šarm
v.,uchicago_S_Hassan,šay āsin.mp3,https://dsal.uchicago.edu/dictionaries/hassan/audio/03632.mp3,,to become firmly fixed in position,šay āsin
adj.,uchicago_S_Hassan,šarmaⁿdι gomut.mp3,https://dsal.uchicago.edu/dictionaries/hassan/audio/03633.mp3,,"disgraced, embarrassed, dishonored, mortified, shamed",šarmaⁿdι gomut
adj.,uchicago_S_Hassan,šarmīlι.mp3,https://dsal.uchicago.edu/dictionaries/hassan/audio/03634.mp3,,"modest, self-effacing, humble, reserved, simple",šarmīlι
adj.,uchicago_S_Hassan,saršār.mp3,https://dsal.uchicago.edu/dictionaries/hassan/audio/03635.mp3,,"full, stuffed, full to bursting, fit to bust, bulging",saršār
n.m.,uchicago_S_Hassan,šart.mp3,https://dsal.uchicago.edu/dictionaries/hassan/audio/03636.mp3,,"treaty, agreement, contract, settlement",šart
n.f.,uchicago_S_Hassan,sartal.mp3,https://dsal.uchicago.edu/dictionaries/hassan/audio/03637.mp3,,brass metal,sartal
n.m.,uchicago_S_Hassan,sahwun.mp3,https://dsal.uchicago.edu/dictionaries/hassan/audio/03638.mp3,,"one who is patient, forgiving, forbearing",sahwun
v.,uchicago_S_Hassan,sārun.mp3,https://dsal.uchicago.edu/dictionaries/hassan/audio/03639.mp3,,"to touch with finger, lay a hand on, handle",sārun
n.m.,uchicago_S_Hassan,sarupʰ.mp3,https://dsal.uchicago.edu/dictionaries/hassan/audio/03640.mp3,,serpent,sarupʰ
v.,uchicago_S_Hassan,sarι karun.mp3,https://dsal.uchicago.edu/dictionaries/hassan/audio/03641.mp3,,"to test, try out, put to the test, investigate",sarι karun
n.f.,uchicago_S_Hassan,sarə̄y.mp3,https://dsal.uchicago.edu/dictionaries/hassan/audio/03642.mp3,,"inn, public house",sarə̄y
n.,uchicago_S_Hassan,sās.mp3,https://dsal.uchicago.edu/dictionaries/hassan/audio/03643.mp3,,thousand,sās
adj.,uchicago_S_Hassan,sə̄sʸum.mp3,https://dsal.uchicago.edu/dictionaries/hassan/audio/03644.mp3,,thousandth,sə̄sʸum
n.m.,uchicago_S_Hassan,sat.mp3,https://dsal.uchicago.edu/dictionaries/hassan/audio/03645.mp3,,seven,sat
adj.,uchicago_S_Hassan,satah.mp3,https://dsal.uchicago.edu/dictionaries/hassan/audio/03646.mp3,,"surface, outward, shallow, superficial",satah
n.,uchicago_S_Hassan,sattatʰ.mp3,https://dsal.uchicago.edu/dictionaries/hassan/audio/03647.mp3,,seventy,sattatʰ
adj.,uchicago_S_Hassan,satattihyum.mp3,https://dsal.uchicago.edu/dictionaries/hassan/audio/03648.mp3,,seventieth,satattihyum
n.f.,uchicago_S_Hassan,satāw.mp3,https://dsal.uchicago.edu/dictionaries/hassan/audio/03649.mp3,,harassment,satāw
n.m.,uchicago_S_Hassan,šōvlι.mp3,https://dsal.uchicago.edu/dictionaries/hassan/audio/03650.mp3,,"a plumb-line, a plummet",šōvlι
v.,uchicago_S_Hassan,satāwun.mp3,https://dsal.uchicago.edu/dictionaries/hassan/audio/03651.mp3,,"to tease, taunt, mock, make fun of, pull somebody's leg",satāwun
n.m.,uchicago_S_Hassan,sātʰ.mp3,https://dsal.uchicago.edu/dictionaries/hassan/audio/03652.mp3,,"moment, instant",sātʰ
n.m.,uchicago_S_Hassan,sə̄tʰī.mp3,https://dsal.uchicago.edu/dictionaries/hassan/audio/03653.mp3,,"fellow, partner",sə̄tʰī
n.,uchicago_S_Hassan,satnamnamatʰ.mp3,https://dsal.uchicago.edu/dictionaries/hassan/audio/03654.mp3,,ninety-seven,satnamnamatʰ
adj.,uchicago_S_Hassan,satnamnamtιhʸum.mp3,https://dsal.uchicago.edu/dictionaries/hassan/audio/03655.mp3,,ninety-seventh,satnamnamtιhʸum
n.,uchicago_S_Hassan,satōwuh.mp3,https://dsal.uchicago.edu/dictionaries/hassan/audio/03656.mp3,,twenty-seven,satōwuh
adj.,uchicago_S_Hassan,satōwuhʸum.mp3,https://dsal.uchicago.edu/dictionaries/hassan/audio/03657.mp3,,twenty-seventh,satōwuhʸum
n.,uchicago_S_Hassan,satsattatʰ.mp3,https://dsal.uchicago.edu/dictionaries/hassan/audio/03658.mp3,,seventy-seven,satsattatʰ
adj.,uchicago_S_Hassan,satsǝtatʰʸum.mp3,https://dsal.uchicago.edu/dictionaries/hassan/audio/03659.mp3,,seventy-seventh,satsǝtatʰʸum
n.,uchicago_S_Hassan,satšītʰ.mp3,https://dsal.uchicago.edu/dictionaries/hassan/audio/03660.mp3,,eighty-seven,satšītʰ
adj.,uchicago_S_Hassan,satšītʸum.mp3,https://dsal.uchicago.edu/dictionaries/hassan/audio/03661.mp3,,eighty-seventh,satšītʸum
n.,uchicago_S_Hassan,sattə̄jih.mp3,https://dsal.uchicago.edu/dictionaries/hassan/audio/03662.mp3,,forty-seven,sattə̄jih
adj.,uchicago_S_Hassan,sattə̄jihʸum.mp3,https://dsal.uchicago.edu/dictionaries/hassan/audio/03663.mp3,,forty-seventh,sattə̄jihʸum
n.m.,uchicago_S_Hassan,satut.mp3,https://dsal.uchicago.edu/dictionaries/hassan/audio/03664.mp3,,Lapwing,satut
n.,uchicago_S_Hassan,satwanzah.mp3,https://dsal.uchicago.edu/dictionaries/hassan/audio/03665.mp3,,fifty-seven,satwanzah
adj.,uchicago_S_Hassan,satwanzihʸum.mp3,https://dsal.uchicago.edu/dictionaries/hassan/audio/03666.mp3,,fifty-seventh,satwanzihʸum
adj.,uchicago_S_Hassan,satʸum.mp3,https://dsal.uchicago.edu/dictionaries/hassan/audio/03667.mp3,,seventh,satʸum
n.,uchicago_S_Hassan,šatιrut.mp3,https://dsal.uchicago.edu/dictionaries/hassan/audio/03668.mp3,,"discord, dissonance, argument, dispute, disagreement",šatιrut
n.,uchicago_S_Hassan,satιtrιh.mp3,https://dsal.uchicago.edu/dictionaries/hassan/audio/03669.mp3,,thirty-seven,satιtrιh
adj.,uchicago_S_Hassan,satιtrιhʸum.mp3,https://dsal.uchicago.edu/dictionaries/hassan/audio/03670.mp3,,thirty-seventh,satιtrιhʸum
v.,uchicago_S_Hassan,sawāl karun.mp3,https://dsal.uchicago.edu/dictionaries/hassan/audio/03671.mp3,,"to question, ask, probe",sawāl karun
n.m.,uchicago_S_Hassan,sawāl.mp3,https://dsal.uchicago.edu/dictionaries/hassan/audio/03672.mp3,,question,sawāl
n.m.,uchicago_S_Hassan,sāwan.mp3,https://dsal.uchicago.edu/dictionaries/hassan/audio/03673.mp3,,July,sāwan
v.,uchicago_S_Hassan,sawār sapdun.mp3,https://dsal.uchicago.edu/dictionaries/hassan/audio/03674.mp3,,to ride,sawār sapdun
n.m.,uchicago_S_Hassan,sawār.mp3,https://dsal.uchicago.edu/dictionaries/hassan/audio/03675.mp3,,rider,sawār
v.,uchicago_S_Hassan,sāwun.mp3,https://dsal.uchicago.edu/dictionaries/hassan/audio/03676.mp3,,to put to sleep,sāwun
n.f.,uchicago_S_Hassan,šay.mp3,https://dsal.uchicago.edu/dictionaries/hassan/audio/03677.mp3,,"place, space, dwelling",šay
n.m.,uchicago_S_Hassan,sāzandar.mp3,https://dsal.uchicago.edu/dictionaries/hassan/audio/03678.mp3,,musician,sāzandar
n.f.,uchicago_S_Hassan,sɔ.mp3,https://dsal.uchicago.edu/dictionaries/hassan/audio/03679.mp3,,she,sɔ
adj.,uchicago_S_Hassan,šɔd.mp3,https://dsal.uchicago.edu/dictionaries/hassan/audio/03680.mp3,,"straightforward, innocent, pure",šɔd
n.f.,uchicago_S_Hassan,sɔkʰ.mp3,https://dsal.uchicago.edu/dictionaries/hassan/audio/03681.mp3,,"peace, stability, calm, quiet, freedom from strife",sɔkʰ
n.m.,uchicago_S_Hassan,sahav.mp3,https://dsal.uchicago.edu/dictionaries/hassan/audio/03682.mp3,,"error, mistake, blunder, fault",sahav
n.m.,uchicago_S_Hassan,sɔn.mp3,https://dsal.uchicago.edu/dictionaries/hassan/audio/03683.mp3,,gold,sɔn
v.,uchicago_S_Hassan,šɔⁿgun.mp3,https://dsal.uchicago.edu/dictionaries/hassan/audio/03684.mp3,,"to sleep, be asleep, take a nap",šɔⁿgun
adj.,uchicago_S_Hassan,sɔnhə̄r.mp3,https://dsal.uchicago.edu/dictionaries/hassan/audio/03685.mp3,,golden,sɔnhə̄r
n.m.,uchicago_S_Hassan,sɔnur.mp3,https://dsal.uchicago.edu/dictionaries/hassan/audio/03686.mp3,,goldsmith,sɔnur
n.m.,uchicago_S_Hassan,sɔrma.mp3,https://dsal.uchicago.edu/dictionaries/hassan/audio/03687.mp3,,antimony,sɔrma
n.,uchicago_S_Hassan,še.mp3,https://dsal.uchicago.edu/dictionaries/hassan/audio/03688.mp3,,six,še
n.,uchicago_S_Hassan,šecʰ.mp3,https://dsal.uchicago.edu/dictionaries/hassan/audio/03689.mp3,,information,šecʰ
n.f.,uchicago_S_Hassan,šecʰ kʰabar.mp3,https://dsal.uchicago.edu/dictionaries/hassan/audio/03690.mp3,,"information, reports",šecʰ kʰabar
n.m.,uchicago_S_Hassan,sehetʰ.mp3,https://dsal.uchicago.edu/dictionaries/hassan/audio/03691.mp3,,"health, strength, physical condition, fitness",sehetʰ
adj.,uchicago_S_Hassan,sǝhi.mp3,https://dsal.uchicago.edu/dictionaries/hassan/audio/03692.mp3,,"accurate, true, proper, correct, exact, right",sǝhi
n.f.,uchicago_S_Hassan,šehrī-šām.mp3,https://dsal.uchicago.edu/dictionaries/hassan/audio/03693.mp3,,šyria,šehrī-šām
n.f.,uchicago_S_Hassan,sekʰ.mp3,https://dsal.uchicago.edu/dictionaries/hassan/audio/03694.mp3,,sand,sekʰ
adj.,uchicago_S_Hassan,šǝkīl.mp3,https://dsal.uchicago.edu/dictionaries/hassan/audio/03695.mp3,,"beautiful, good-looking, gorgeous, fine-looking, attractive, handsome",šǝkīl
n.m.,uchicago_S_Hassan,šiv.mp3,https://dsal.uchicago.edu/dictionaries/hassan/audio/03696.mp3,,name of the third god of the Hindū,šiv
n.f.,uchicago_S_Hassan,cuṭʰkinʸ.mp3,https://dsal.uchicago.edu/dictionaries/hassan/audio/03697.mp3,,"wedge, bolt, bar",cuṭʰkinʸ
v.,uchicago_S_Hassan,sǝlib diyun.mp3,https://dsal.uchicago.edu/dictionaries/hassan/audio/03698.mp3,,crucify,sǝlib diyun
n.m.,uchicago_S_Hassan,šeⁿk.mp3,https://dsal.uchicago.edu/dictionaries/hassan/audio/03699.mp3,,shell,šeⁿk
n.m.,uchicago_S_Hassan,sanyə̄s.mp3,https://dsal.uchicago.edu/dictionaries/hassan/audio/03700.mp3,,ascetic,sanyə̄s
n.m.,uchicago_S_Hassan,šeranwōl.mp3,https://dsal.uchicago.edu/dictionaries/hassan/audio/03701.mp3,,repairer,šeranwōl
n.f.,uchicago_S_Hassan,šiva.mp3,https://dsal.uchicago.edu/dictionaries/hassan/audio/03702.mp3,,name of Hidu goddess Siva’s wife,šiva
n.,uchicago_S_Hassan,šerīk.mp3,https://dsal.uchicago.edu/dictionaries/hassan/audio/03703.mp3,,"accomplice, assistant, collaborator, partner",šerīk
n.m.,uchicago_S_Hassan,šav.mp3,https://dsal.uchicago.edu/dictionaries/hassan/audio/03704.mp3,,a dead body,šav
adj.,uchicago_S_Hassan,šǝrmindi.mp3,https://dsal.uchicago.edu/dictionaries/hassan/audio/03705.mp3,,"ashamed, humiliated, sorry",šǝrmindi
v.,uchicago_S_Hassan,šērun.mp3,https://dsal.uchicago.edu/dictionaries/hassan/audio/03706.mp3,,"accomplish, get done, realize, do, finish, carry out, undertake, complete",šērun
n.m.,uchicago_S_Hassan,šūʦʰ.mp3,https://dsal.uchicago.edu/dictionaries/hassan/audio/03707.mp3,,"cleaning, cleansing, purifying",šūʦʰ
n.,uchicago_S_Hassan,šūʦar.mp3,https://dsal.uchicago.edu/dictionaries/hassan/audio/03708.mp3,,"the condition of being pure, cleanness, purity",šūʦar
n.m.,uchicago_S_Hassan,sǝrvι.mp3,https://dsal.uchicago.edu/dictionaries/hassan/audio/03709.mp3,,cypress,sǝrvι
n.m.,uchicago_S_Hassan,šarιt.mp3,https://dsal.uchicago.edu/dictionaries/hassan/audio/03710.mp3,,"condition, term, word, prerequisite, requirement, specification, demand, bet",šarιt
n.f.,uchicago_S_Hassan,ses.mp3,https://dsal.uchicago.edu/dictionaries/hassan/audio/03711.mp3,,"tumor, growth",ses
n.m.,uchicago_S_Hassan,šeštur.mp3,https://dsal.uchicago.edu/dictionaries/hassan/audio/03712.mp3,,iron,šeštur
n.,uchicago_S_Hassan,sǝtamber.mp3,https://dsal.uchicago.edu/dictionaries/hassan/audio/03713.mp3,,September,sǝtamber
n.m.,uchicago_S_Hassan,šētān.mp3,https://dsal.uchicago.edu/dictionaries/hassan/audio/03714.mp3,,"devil, fiend, evil spirit, mischievous sprite",šētān
n.,uchicago_S_Hassan,šēṭʰ.mp3,https://dsal.uchicago.edu/dictionaries/hassan/audio/03715.mp3,,sixty,šēṭʰ
v.,uchicago_S_Hassan,seṭʰā āsun.mp3,https://dsal.uchicago.edu/dictionaries/hassan/audio/03716.mp3,,"abound to, be plentiful",seṭʰā āsun
adj.,uchicago_S_Hassan,seṭʰā boḍ.mp3,https://dsal.uchicago.edu/dictionaries/hassan/audio/03717.mp3,,"enormous, huge, vast, gigantic",seṭʰā boḍ
adv.,uchicago_S_Hassan,seṭʰā laṭi.mp3,https://dsal.uchicago.edu/dictionaries/hassan/audio/03718.mp3,,"many times, repeatedly again and again over and over persistently",seṭʰā laṭi
n.f.,uchicago_S_Hassan,šetιrōzι.mp3,https://dsal.uchicago.edu/dictionaries/hassan/audio/03719.mp3,,"the conduct of an enemy, opposition",šetιrōzι
adv.,uchicago_S_Hassan,seṭʰā.mp3,https://dsal.uchicago.edu/dictionaries/hassan/audio/03720.mp3,,"very, enormously, incredibly, exceedingly, especially",seṭʰā
n.f.,uchicago_S_Hassan,šetιrutʰ.mp3,https://dsal.uchicago.edu/dictionaries/hassan/audio/03721.mp3,,"enmity, hostility, spite, discord",šetιrutʰ
adv.,uchicago_S_Hassan,sə̄tʰ-sə̄tʰ.mp3,https://dsal.uchicago.edu/dictionaries/hassan/audio/03722.mp3,,"abreast, side by side, alongside each other",sə̄tʰ-sə̄tʰ
adj.,uchicago_S_Hassan,šēṭʰʸum.mp3,https://dsal.uchicago.edu/dictionaries/hassan/audio/03723.mp3,,sixtieth,šēṭʰʸum
n.f.,uchicago_S_Hassan,sǝtrǝⁿḍ.mp3,https://dsal.uchicago.edu/dictionaries/hassan/audio/03724.mp3,,"mat, floor covering, flooring carpet",sǝtrǝⁿḍ
n.,uchicago_S_Hassan,šetwuh.mp3,https://dsal.uchicago.edu/dictionaries/hassan/audio/03725.mp3,,twenty-six,šetwuh
adj.,uchicago_S_Hassan,šetwuhʸum.mp3,https://dsal.uchicago.edu/dictionaries/hassan/audio/03726.mp3,,twenty-sixth,šetwuhʸum
n.m.,uchicago_S_Hassan,šitur.mp3,https://dsal.uchicago.edu/dictionaries/hassan/audio/03727.mp3,,a kind of obstinate beggar,šitur
n.m.,uchicago_S_Hassan,šētāni.mp3,https://dsal.uchicago.edu/dictionaries/hassan/audio/03728.mp3,,"a wicked fellow, a rascal",šētāni
n.,uchicago_S_Hassan,šeyšītʰ.mp3,https://dsal.uchicago.edu/dictionaries/hassan/audio/03729.mp3,,eighty-six,šeyšītʰ
adj.,uchicago_S_Hassan,šeyšītʰʸum.mp3,https://dsal.uchicago.edu/dictionaries/hassan/audio/03730.mp3,,eighty-sixth,šeyšītʰʸum
n.,uchicago_S_Hassan,šeytrιh.mp3,https://dsal.uchicago.edu/dictionaries/hassan/audio/03731.mp3,,thirty-six,šeytrιh
adj.,uchicago_S_Hassan,šeytrιhʸum.mp3,https://dsal.uchicago.edu/dictionaries/hassan/audio/03732.mp3,,thirty-sixth,šeytrιhʸum
n.,uchicago_S_Hassan,šeytə̄jih.mp3,https://dsal.uchicago.edu/dictionaries/hassan/audio/03733.mp3,,forty-six,šeytə̄jih
adj.,uchicago_S_Hassan,šeytə̄jihʸum.mp3,https://dsal.uchicago.edu/dictionaries/hassan/audio/03734.mp3,,forty-sixth,šeytə̄jihʸum
adj.,uchicago_S_Hassan,šeyum.mp3,https://dsal.uchicago.edu/dictionaries/hassan/audio/03735.mp3,,sixth,šeyum
v.,uchicago_S_Hassan,shūbun.mp3,https://dsal.uchicago.edu/dictionaries/hassan/audio/03736.mp3,,"suit, match, fit, be appropriate, look good on",shūbun
n.f.,uchicago_S_Hassan,šigāf.mp3,https://dsal.uchicago.edu/dictionaries/hassan/audio/03737.mp3,,"fissure, crack",šigāf
adj.,uchicago_S_Hassan,šikamdār.mp3,https://dsal.uchicago.edu/dictionaries/hassan/audio/03738.mp3,,"pregnant, with child, expectant, expecting, heavy with child",šikamdār
v.,uchicago_S_Hassan,šikār karun.mp3,https://dsal.uchicago.edu/dictionaries/hassan/audio/03739.mp3,,to hunt,šikār karun
n.,uchicago_S_Hassan,šikār.mp3,https://dsal.uchicago.edu/dictionaries/hassan/audio/03740.mp3,,"hunting prey, victim",šikār
n.m.,uchicago_S_Hassan,šikə̄r.mp3,https://dsal.uchicago.edu/dictionaries/hassan/audio/03741.mp3,,hunter,šikə̄r
n.,uchicago_S_Hassan,šikas.mp3,https://dsal.uchicago.edu/dictionaries/hassan/audio/03742.mp3,,"misfortune, bad luck, hard luck",šikas
adj.,uchicago_S_Hassan,šikaslad.mp3,https://dsal.uchicago.edu/dictionaries/hassan/audio/03743.mp3,,"unlucky, fateful, ill-fated, unsuccessful, ill-omened",šikaslad
adj.,uchicago_S_Hassan,šikas ladin.mp3,https://dsal.uchicago.edu/dictionaries/hassan/audio/03744.mp3,,"unlucky, unsuccessful, wretched, inauspicious, ill-fated, star-crossed",šikas ladin
n.m.,uchicago_S_Hassan,šikast diyun.mp3,https://dsal.uchicago.edu/dictionaries/hassan/audio/03745.mp3,,"defeat, downfall, overpower",šikast diyun
adj.,uchicago_S_Hassan,šikastι kʰovmut.mp3,https://dsal.uchicago.edu/dictionaries/hassan/audio/03746.mp3,,"defeated, beaten, conquered, subjugated, vanquished",šikastι kʰovmut
v.,uchicago_S_Hassan,šikastι.mp3,https://dsal.uchicago.edu/dictionaries/hassan/audio/03747.mp3,,"beat, overcome, conquer, defeat",šikastι
n.f.,uchicago_S_Hassan,šikə̄r.mp3,https://dsal.uchicago.edu/dictionaries/hassan/audio/03748.mp3,,boat,šikə̄r
n.,uchicago_S_Hassan,kʰͻṭ sikι.mp3,https://dsal.uchicago.edu/dictionaries/hassan/audio/03749.mp3,,"rejected coins, rejected things",kʰͻṭ sikι
n.f.,uchicago_S_Hassan,šitulʸ.mp3,https://dsal.uchicago.edu/dictionaries/hassan/audio/03750.mp3,,"small pox, adisease",šitulʸ
n.f.,uchicago_S_Hassan,sιhinʸ.mp3,https://dsal.uchicago.edu/dictionaries/hassan/audio/03751.mp3,,lioness,sιhinʸ
n.f.,uchicago_S_Hassan,šιtulʸ.mp3,https://dsal.uchicago.edu/dictionaries/hassan/audio/03752.mp3,,"smallpox, a disease",šιtulʸ
n.,uchicago_S_Hassan,šīn.mp3,https://dsal.uchicago.edu/dictionaries/hassan/audio/03753.mp3,,"snow, snowfall",šīn
v.,uchicago_S_Hassan,sinjə̄f.mp3,https://dsal.uchicago.edu/dictionaries/hassan/audio/03754.mp3,,"hem, turn-up, fold, edging",sinjə̄f
n.,uchicago_S_Hassan,šinι wῑnʸ.mp3,https://dsal.uchicago.edu/dictionaries/hassan/audio/03755.mp3,,snow-water,šinι wῑnʸ
n.m.,uchicago_S_Hassan,sīnι.mp3,https://dsal.uchicago.edu/dictionaries/hassan/audio/03756.mp3,,"bosom, chest",sīnι
n.m.,uchicago_S_Hassan,sipah.mp3,https://dsal.uchicago.edu/dictionaries/hassan/audio/03757.mp3,,constable,sipah
n.m.,uchicago_S_Hassan,sipahsalār.mp3,https://dsal.uchicago.edu/dictionaries/hassan/audio/03758.mp3,,"soldier, warrior",sipahsalār
n.,uchicago_S_Hassan,sipar.mp3,https://dsal.uchicago.edu/dictionaries/hassan/audio/03759.mp3,,"shield, armor, defense",sipar
n.f.,uchicago_S_Hassan,sīr.mp3,https://dsal.uchicago.edu/dictionaries/hassan/audio/03760.mp3,,brick,sīr
n.m.,uchicago_S_Hassan,sir.mp3,https://dsal.uchicago.edu/dictionaries/hassan/audio/03761.mp3,,secret,sir
n.m.,uchicago_S_Hassan,sirāj.mp3,https://dsal.uchicago.edu/dictionaries/hassan/audio/03762.mp3,,one who deals in using of leather to make saddle for horse riders or bicycle etc,sirāj
n.f.,uchicago_S_Hassan,sīrat.mp3,https://dsal.uchicago.edu/dictionaries/hassan/audio/03763.mp3,,"character, nature, identity, appearance",sīrat
adj.,uchicago_S_Hassan,šīrgarm.mp3,https://dsal.uchicago.edu/dictionaries/hassan/audio/03764.mp3,,lukewarm,šīrgarm
n.f.,uchicago_S_Hassan,širīn.mp3,https://dsal.uchicago.edu/dictionaries/hassan/audio/03765.mp3,,traditional sweets of Kashmir made of sugar,širīn
n.f.,uchicago_S_Hassan,šišergāⁿṭ.mp3,https://dsal.uchicago.edu/dictionaries/hassan/audio/03766.mp3,,icicle,šišergāⁿṭ
n.f.,uchicago_S_Hassan,šīši bͻtal.mp3,https://dsal.uchicago.edu/dictionaries/hassan/audio/03767.mp3,,"phial, small bottle",šīši bͻtal
n.m.,uchicago_S_Hassan,šīšι.mp3,https://dsal.uchicago.edu/dictionaries/hassan/audio/03768.mp3,,"mirror, specs, spectacle",šīšι
n.,uchicago_S_Hassan,sitam.mp3,https://dsal.uchicago.edu/dictionaries/hassan/audio/03769.mp3,,"tyranny, oppression, autocracy, cruelty, domination",sitam
n.m.,uchicago_S_Hassan,sitārι.mp3,https://dsal.uchicago.edu/dictionaries/hassan/audio/03770.mp3,,star,sitārι
n.,uchicago_S_Hassan,šītʰ.mp3,https://dsal.uchicago.edu/dictionaries/hassan/audio/03771.mp3,,eighty,šītʰ
adj.,uchicago_S_Hassan,šiṭʰal.mp3,https://dsal.uchicago.edu/dictionaries/hassan/audio/03772.mp3,,"frigid, cold, frosty, chilly, freezing",šiṭʰal
v.,uchicago_S_Hassan,šiṭʰrun.mp3,https://dsal.uchicago.edu/dictionaries/hassan/audio/03773.mp3,,"congeal, set, clot, coagulate, thicken, solidify, harden, gel",šiṭʰrun
v.,uchicago_S_Hassan,šiṭʰun.mp3,https://dsal.uchicago.edu/dictionaries/hassan/audio/03774.mp3,,freeze,šiṭʰun
adj.,uchicago_S_Hassan,šītʰʸum.mp3,https://dsal.uchicago.edu/dictionaries/hassan/audio/03775.mp3,,eightieth,šītʰʸum
n.m.,uchicago_S_Hassan,šāṭʰ.mp3,https://dsal.uchicago.edu/dictionaries/hassan/audio/03776.mp3,,a sand-bank,šāṭʰ
n.,uchicago_S_Hassan,šāṭʰ lagun.mp3,https://dsal.uchicago.edu/dictionaries/hassan/audio/03777.mp3,,to strike on a sand-bank,šāṭʰ lagun
n.m.,uchicago_S_Hassan,šitul.mp3,https://dsal.uchicago.edu/dictionaries/hassan/audio/03778.mp3,,a person with marks of small-pox on face after recovery,šitul
n.,uchicago_S_Hassan,šitιrʸ.mp3,https://dsal.uchicago.edu/dictionaries/hassan/audio/03779.mp3,,"enemy, rival, foe",šitιrʸ
prep.,uchicago_S_Hassan,siwāy.mp3,https://dsal.uchicago.edu/dictionaries/hassan/audio/03780.mp3,,"without, with no, lacking",siwāy
adj.,uchicago_S_Hassan,siwitʰ.mp3,https://dsal.uchicago.edu/dictionaries/hassan/audio/03781.mp3,,steam,siwitʰ
v.,uchicago_S_Hassan,siwun.mp3,https://dsal.uchicago.edu/dictionaries/hassan/audio/03782.mp3,,"steaming, sweltering, boiling",siwun
adj.,uchicago_S_Hassan,siyah-poš.mp3,https://dsal.uchicago.edu/dictionaries/hassan/audio/03783.mp3,,"dressed in black, malefactor",siyah-poš
n.,uchicago_S_Hassan,sōdā.mp3,https://dsal.uchicago.edu/dictionaries/hassan/audio/03784.mp3,,"& v. deal, transaction, trade, do business, buy, sell, transact business",sōdā
n.m.,uchicago_S_Hassan,sōdāgar.mp3,https://dsal.uchicago.edu/dictionaries/hassan/audio/03785.mp3,,"tradesman, dealer, merchant, seller",sōdāgar
n.f.,uchicago_S_Hassan,sōdāgǝrī.mp3,https://dsal.uchicago.edu/dictionaries/hassan/audio/03786.mp3,,"buy and sell, do business, dealings, exchange",sōdāgǝrī
adv.,uchicago_S_Hassan,soduy.mp3,https://dsal.uchicago.edu/dictionaries/hassan/audio/03787.mp3,,"right away, straight away, at once, directly",soduy
n.,uchicago_S_Hassan,šoglι.mp3,https://dsal.uchicago.edu/dictionaries/hassan/audio/03788.mp3,,"entertainment, leisure, amusement",šoglι
n.m.,uchicago_S_Hassan,šōgι.mp3,https://dsal.uchicago.edu/dictionaries/hassan/audio/03789.mp3,,parrot,šōgι
n.f.,uchicago_S_Hassan,šohrat.mp3,https://dsal.uchicago.edu/dictionaries/hassan/audio/03790.mp3,,"fame, renown, reputation, celebrity",šohrat
n.m.,uchicago_S_Hassan,šōk.mp3,https://dsal.uchicago.edu/dictionaries/hassan/audio/03791.mp3,,"zeal, keenness, zest, enthusiasm",šōk
adj.,uchicago_S_Hassan,sokʰbol.mp3,https://dsal.uchicago.edu/dictionaries/hassan/audio/03792.mp3,,lukewarm,sokʰbol
n.m.,uchicago_S_Hassan,šokʰur.mp3,https://dsal.uchicago.edu/dictionaries/hassan/audio/03793.mp3,,venus,šokʰur
n.m.,uchicago_S_Hassan,sǝkūl.mp3,https://dsal.uchicago.edu/dictionaries/hassan/audio/03794.mp3,,"school, educational institution",sǝkūl
n.m.,uchicago_S_Hassan,šōlι.mp3,https://dsal.uchicago.edu/dictionaries/hassan/audio/03795.mp3,,millet,šōlι
n.f.,uchicago_S_Hassan,sͻlhǝr.mp3,https://dsal.uchicago.edu/dictionaries/hassan/audio/03796.mp3,,"cook-house, place used for cooking, kitchen",sͻlhǝr
adj.,uchicago_S_Hassan,som.mp3,https://dsal.uchicago.edu/dictionaries/hassan/audio/03797.mp3,,"smooth, flat, even, level",som
v.,uchicago_S_Hassan,sombrāwun.mp3,https://dsal.uchicago.edu/dictionaries/hassan/audio/03798.mp3,,to gather,sombrāwun
v.,uchicago_S_Hassan,sombιrun.mp3,https://dsal.uchicago.edu/dictionaries/hassan/audio/03799.mp3,,"to gain, obtain, secure,, collect",sombιrun
n.f.,uchicago_S_Hassan,sͻn.mp3,https://dsal.uchicago.edu/dictionaries/hassan/audio/03800.mp3,,husband’s another wife,sͻn
v.,uchicago_S_Hassan,sōⁿcun.mp3,https://dsal.uchicago.edu/dictionaries/hassan/audio/03801.mp3,,"think, deem, imagine, feel, consider, suppose, contemplate",sōⁿcun
v.,uchicago_S_Hassan,šešturuw.mp3,https://dsal.uchicago.edu/dictionaries/hassan/audio/03802.mp3,,"made of iron, iron",šešturuw
n.m.,uchicago_S_Hassan,sipʰat.mp3,https://dsal.uchicago.edu/dictionaries/hassan/audio/03803.mp3,,"good conduct, virtuous, modest, and kindly conduct",sipʰat
v.,uchicago_S_Hassan,šongmut.mp3,https://dsal.uchicago.edu/dictionaries/hassan/audio/03804.mp3,,"asleep, napping, fast asleep",šongmut
n.m.,uchicago_S_Hassan,sōⁿt.mp3,https://dsal.uchicago.edu/dictionaries/hassan/audio/03805.mp3,,Spring,sōⁿt
n.m.,uchicago_S_Hassan,šōⁿṭʰ.mp3,https://dsal.uchicago.edu/dictionaries/hassan/audio/03806.mp3,,ginger powder,šōⁿṭʰ
n.m.,uchicago_S_Hassan,sonι gobur.mp3,https://dsal.uchicago.edu/dictionaries/hassan/audio/03807.mp3,,"nice boy, attractive, intelligent",sonι gobur
adj.,uchicago_S_Hassan,sonι kūr.mp3,https://dsal.uchicago.edu/dictionaries/hassan/audio/03808.mp3,,"pretty, lovely, nice-looking, nice-looking, beautiful, attractive",sonι kūr
n.m.,uchicago_S_Hassan,sͻpnι.mp3,https://dsal.uchicago.edu/dictionaries/hassan/audio/03809.mp3,,"dream, delusion",sͻpnι
n.,uchicago_S_Hassan,sōr.mp3,https://dsal.uchicago.edu/dictionaries/hassan/audio/03810.mp3,,"boar, pig, evil person, cruel person, wicked person, wrongdoer, malefactor, outlaw, reprobate",sōr
n.m.,uchicago_S_Hassan,šōr.mp3,https://dsal.uchicago.edu/dictionaries/hassan/audio/03811.mp3,,noise,šōr
adj.,uchicago_S_Hassan,sōriy.mp3,https://dsal.uchicago.edu/dictionaries/hassan/audio/03812.mp3,,"entire, whole, complete, full, intact",sōriy
adv.,uchicago_S_Hassan,sə̄rʸι.mp3,https://dsal.uchicago.edu/dictionaries/hassan/audio/03813.mp3,,"all, altogether, completely, entirely",sə̄rʸι
n.,uchicago_S_Hassan,sōrι māz.mp3,https://dsal.uchicago.edu/dictionaries/hassan/audio/03814.mp3,,ham,sōrι māz
n.m.,uchicago_S_Hassan,šorι.mp3,https://dsal.uchicago.edu/dictionaries/hassan/audio/03815.mp3,,gun powder,šorι
n.m.,uchicago_S_Hassan,divιsar.mp3,https://dsal.uchicago.edu/dictionaries/hassan/audio/03816.mp3,,name of a lake,divιsar
n.m.,uchicago_S_Hassan,šorιgǝr.mp3,https://dsal.uchicago.edu/dictionaries/hassan/audio/03817.mp3,,gunpowder maker,šorιgǝr
n.,uchicago_S_Hassan,šōrιgagιr.mp3,https://dsal.uchicago.edu/dictionaries/hassan/audio/03818.mp3,,sparklers also known as Phuljedi,šōrιgagιr
n.,uchicago_S_Hassan,sōsan.mp3,https://dsal.uchicago.edu/dictionaries/hassan/audio/03819.mp3,,lily,sōsan
adj.,uchicago_S_Hassan,sote.mp3,https://dsal.uchicago.edu/dictionaries/hassan/audio/03820.mp3,,tardy,sote
n.,uchicago_S_Hassan,sotʰ.mp3,https://dsal.uchicago.edu/dictionaries/hassan/audio/03821.mp3,,"embankment, bank",sotʰ
adv.,uchicago_S_Hassan,soʦ.mp3,https://dsal.uchicago.edu/dictionaries/hassan/audio/03822.mp3,,"tardiness, lowliness",soʦ
n.f.,uchicago_S_Hassan,sōy.mp3,https://dsal.uchicago.edu/dictionaries/hassan/audio/03823.mp3,,nettle plant,sōy
n.f.,uchicago_S_Hassan,soyet.mp3,https://dsal.uchicago.edu/dictionaries/hassan/audio/03824.mp3,,"wick, cord",soyet
v.,uchicago_S_Hassan,sōz wāyun.mp3,https://dsal.uchicago.edu/dictionaries/hassan/audio/03825.mp3,,to play music,sōz wāyun
n.m.,uchicago_S_Hassan,sōz.mp3,https://dsal.uchicago.edu/dictionaries/hassan/audio/03826.mp3,,music,sōz
v.,uchicago_S_Hassan,sōznāwun.mp3,https://dsal.uchicago.edu/dictionaries/hassan/audio/03827.mp3,,"cause to send, dispatch, mail",sōznāwun
v.,uchicago_S_Hassan,sozun.mp3,https://dsal.uchicago.edu/dictionaries/hassan/audio/03828.mp3,,"to send, mail, dispatch, forward",sozun
v.,uchicago_S_Hassan,šrād karun.mp3,https://dsal.uchicago.edu/dictionaries/hassan/audio/03829.mp3,,worship for the peace of dead,šrād karun
n.f.,uchicago_S_Hassan,šrāk.mp3,https://dsal.uchicago.edu/dictionaries/hassan/audio/03830.mp3,,knife,šrāk
n.m.,uchicago_S_Hassan,šrākʰpuc.mp3,https://dsal.uchicago.edu/dictionaries/hassan/audio/03831.mp3,,"penknife, pocketknife",šrākʰpuc
n.m.,uchicago_S_Hassan,srān.mp3,https://dsal.uchicago.edu/dictionaries/hassan/audio/03832.mp3,,"bath, wash, bathe, clean up, freshen up, have a shower",srān
v.,uchicago_S_Hassan,srān karun.mp3,https://dsal.uchicago.edu/dictionaries/hassan/audio/03833.mp3,,"bathe, clean, cleanse, wash",srān karun
adj.,uchicago_S_Hassan,srehlad.mp3,https://dsal.uchicago.edu/dictionaries/hassan/audio/03834.mp3,,"moist, wet, soggy",srehlad
adj.,uchicago_S_Hassan,srog.mp3,https://dsal.uchicago.edu/dictionaries/hassan/audio/03835.mp3,,"cheap, inexpensive, low-priced, low-cost, economical",srog
v.,uchicago_S_Hassan,šropmut.mp3,https://dsal.uchicago.edu/dictionaries/hassan/audio/03836.mp3,,"digest, absorb, assimilate, adjust, blend in, fit in, understand",šropmut
n.,uchicago_S_Hassan,šropun.mp3,https://dsal.uchicago.edu/dictionaries/hassan/audio/03837.mp3,,"digestion, absorption, incorporation",šropun
n.,uchicago_S_Hassan,srihʸul.mp3,https://dsal.uchicago.edu/dictionaries/hassan/audio/03838.mp3,,"damp, dampness, wetness, moisture",srihʸul
v.,uchicago_S_Hassan,šruk ʦunun.mp3,https://dsal.uchicago.edu/dictionaries/hassan/audio/03839.mp3,,"knot, tie",šruk ʦunun
n.,uchicago_S_Hassan,šruk.mp3,https://dsal.uchicago.edu/dictionaries/hassan/audio/03840.mp3,,"binging, knot, loop, huddle",šruk
n.m.,uchicago_S_Hassan,su.mp3,https://dsal.uchicago.edu/dictionaries/hassan/audio/03841.mp3,,he(pron),su
,uchicago_S_Hassan,su.mp3,https://dsal.uchicago.edu/dictionaries/hassan/audio/03842.mp3,,demonstrative adj. that,su
adv.,uchicago_S_Hassan,sǝri šām.mp3,https://dsal.uchicago.edu/dictionaries/hassan/audio/03843.mp3,,evening; the early evening,sǝri šām
n.,uchicago_S_Hassan,subbah.mp3,https://dsal.uchicago.edu/dictionaries/hassan/audio/03844.mp3,,"sunrise, daybreak, daylight, morning, sunup",subbah
n.,uchicago_S_Hassan,šubbah.mp3,https://dsal.uchicago.edu/dictionaries/hassan/audio/03845.mp3,,suspicion,šubbah
n.,uchicago_S_Hassan,subhan.mp3,https://dsal.uchicago.edu/dictionaries/hassan/audio/03846.mp3,,tomorrow,subhan
adv.,uchicago_S_Hassan,subhə̄y.mp3,https://dsal.uchicago.edu/dictionaries/hassan/audio/03847.mp3,,"early, in the early hours",subhə̄y
adj.,uchicago_S_Hassan,šūbān.mp3,https://dsal.uchicago.edu/dictionaries/hassan/audio/03848.mp3,,"becoming, attractive, fetching, flattering",šūbān
v.,uchicago_S_Hassan,šūbun.mp3,https://dsal.uchicago.edu/dictionaries/hassan/audio/03849.mp3,,"fit, in shape, well",šūbun
adj.,uchicago_S_Hassan,šūbvun.mp3,https://dsal.uchicago.edu/dictionaries/hassan/audio/03850.mp3,,"beautiful, good-looking, gorgeous, fine-looking, attractive, handsome",šūbvun
n.m.,uchicago_S_Hassan,sǝrι katʰ.mp3,https://dsal.uchicago.edu/dictionaries/hassan/audio/03851.mp3,,the pitch of the matter,sǝrι katʰ
n.m.,uchicago_S_Hassan,sūd.mp3,https://dsal.uchicago.edu/dictionaries/hassan/audio/03852.mp3,,"interest, gain, profit, share",sūd
v.,uchicago_S_Hassan,sufāriš karin.mp3,https://dsal.uchicago.edu/dictionaries/hassan/audio/03853.mp3,,"intercede, plead, act as mediator, intervene",sufāriš karin
n.f.,uchicago_S_Hassan,sufāriš.mp3,https://dsal.uchicago.edu/dictionaries/hassan/audio/03854.mp3,,"intercession, intervention, mediation, negotiation",sufāriš
n.m.,uchicago_S_Hassan,šuh.mp3,https://dsal.uchicago.edu/dictionaries/hassan/audio/03855.mp3,,"chilblain, an inflamed swelling on the hands, toes etc",šuh
adj.,uchicago_S_Hassan,šīšuv.mp3,https://dsal.uchicago.edu/dictionaries/hassan/audio/03856.mp3,,made of glass,šīšuv
n.m.,uchicago_S_Hassan,šuhul.mp3,https://dsal.uchicago.edu/dictionaries/hassan/audio/03857.mp3,,"cool, calm shade, shadow, canopy",šuhul
n.,uchicago_S_Hassan,šuhə̄ṭʰ.mp3,https://dsal.uchicago.edu/dictionaries/hassan/audio/03858.mp3,,sixty-six,šuhə̄ṭʰ
adj.,uchicago_S_Hassan,šuhə̄ṭʰʸum.mp3,https://dsal.uchicago.edu/dictionaries/hassan/audio/03859.mp3,,sixty-sixth,šuhə̄ṭʰʸum
adj.,uchicago_S_Hassan,šukurgūzār.mp3,https://dsal.uchicago.edu/dictionaries/hassan/audio/03860.mp3,,"thankful, grateful, pleased, gratified",šukurgūzār
n.f.,uchicago_S_Hassan,šukurwār.mp3,https://dsal.uchicago.edu/dictionaries/hassan/audio/03861.mp3,,"Friday, sixth day of the week",šukurwār
n.f.,uchicago_S_Hassan,wuhun.mp3,https://dsal.uchicago.edu/dictionaries/hassan/audio/03862.mp3,,"to glow, smoulder, to keep burning without being extinguished kitchen",wuhun
n.,uchicago_S_Hassan,som.mp3,https://dsal.uchicago.edu/dictionaries/hassan/audio/03863.mp3,,"embankment, bank",som
n.,uchicago_S_Hassan,šumāl.mp3,https://dsal.uchicago.edu/dictionaries/hassan/audio/03864.mp3,,north,šumāl
n.,uchicago_S_Hassan,šumār.mp3,https://dsal.uchicago.edu/dictionaries/hassan/audio/03865.mp3,,"computation, calculation, totaling, working out",šumār
n.m.,uchicago_S_Hassan,sumbrāwanwōl.mp3,https://dsal.uchicago.edu/dictionaries/hassan/audio/03866.mp3,,one that collect,sumbrāwanwōl
v.,uchicago_S_Hassan,sumbrāwun.mp3,https://dsal.uchicago.edu/dictionaries/hassan/audio/03867.mp3,,"to collect, bring, together, gather, assemble, save, amass",sumbrāwun
n.,uchicago_S_Hassan,šunamnamatʰ.mp3,https://dsal.uchicago.edu/dictionaries/hassan/audio/03868.mp3,,ninety-six,šunamnamatʰ
adj.,uchicago_S_Hassan,šunamnamatιhʸum.mp3,https://dsal.uchicago.edu/dictionaries/hassan/audio/03869.mp3,,ninety-sixth,šunamnamatιhʸum
prep.,uchicago_S_Hassan,sund.mp3,https://dsal.uchicago.edu/dictionaries/hassan/audio/03870.mp3,,"of, belonging or relating to",sund
adj.,uchicago_S_Hassan,sundar.mp3,https://dsal.uchicago.edu/dictionaries/hassan/audio/03871.mp3,,"good-looking, attractive, beautiful, nice-looking",sundar
n.,uchicago_S_Hassan,sūr.mp3,https://dsal.uchicago.edu/dictionaries/hassan/audio/03872.mp3,,ashes,sūr
n.m.,uchicago_S_Hassan,šur.mp3,https://dsal.uchicago.edu/dictionaries/hassan/audio/03873.mp3,,"baby, child, teen, teenager, infant, newborn",šur
n.m.,uchicago_S_Hassan,sǝrι.mp3,https://dsal.uchicago.edu/dictionaries/hassan/audio/03874.mp3,,"testing, test, trial",sǝrι
n.m.,uchicago_S_Hassan,surāg.mp3,https://dsal.uchicago.edu/dictionaries/hassan/audio/03875.mp3,,"trace, hint, evidence, vestige",surāg
n.,uchicago_S_Hassan,šurah.mp3,https://dsal.uchicago.edu/dictionaries/hassan/audio/03876.mp3,,sixteen,šurah
n.,uchicago_S_Hassan,sūrat.mp3,https://dsal.uchicago.edu/dictionaries/hassan/audio/03877.mp3,,"facade, face, feature",sūrat
v.,uchicago_S_Hassan,sarι gaʦun.mp3,https://dsal.uchicago.edu/dictionaries/hassan/audio/03878.mp3,,"to become ascertained, understood, thoroughly tested",sarι gaʦun
n.f.,uchicago_S_Hassan,sǝt.mp3,https://dsal.uchicago.edu/dictionaries/hassan/audio/03879.mp3,,"shape, figure, form, outline",sǝt
n.f.,uchicago_S_Hassan,surāy.mp3,https://dsal.uchicago.edu/dictionaries/hassan/audio/03880.mp3,,flask,surāy
n.,uchicago_S_Hassan,suri.mp3,https://dsal.uchicago.edu/dictionaries/hassan/audio/03881.mp3,,sun,suri
v.,uchicago_S_Hassan,šurū karun.mp3,https://dsal.uchicago.edu/dictionaries/hassan/audio/03882.mp3,,"to begin, start, start on, set in motion, instigate, initiate, open, launch",šurū karun
n.m.,uchicago_S_Hassan,šurū.mp3,https://dsal.uchicago.edu/dictionaries/hassan/audio/03883.mp3,,"beginning, start, opening, commencement, launch, creation, initiation",šurū
adj.,uchicago_S_Hassan,šāpιhot.mp3,https://dsal.uchicago.edu/dictionaries/hassan/audio/03884.mp3,,"afflicted by a curse, labouring under a curse",šāpιhot
n.,uchicago_S_Hassan,šurʸ pān.mp3,https://dsal.uchicago.edu/dictionaries/hassan/audio/03885.mp3,,"infancy, early years, childhood, immaturity",šurʸ pān
n.,uchicago_S_Hassan,šurʸbə̄ʦ.mp3,https://dsal.uchicago.edu/dictionaries/hassan/audio/03886.mp3,,"family, descendants, children, family unit, kin",šurʸbə̄ʦ
adj.,uchicago_S_Hassan,šurʸgi.mp3,https://dsal.uchicago.edu/dictionaries/hassan/audio/03887.mp3,,"childlessness, foolish",šurʸgi
adj.,uchicago_S_Hassan,šāp.mp3,https://dsal.uchicago.edu/dictionaries/hassan/audio/03888.mp3,,"a curse, an imprecation",šāp
adj.,uchicago_S_Hassan,šurʸrostι.mp3,https://dsal.uchicago.edu/dictionaries/hassan/audio/03889.mp3,,"childless, sterile, arid, unfruitful, barren",šurʸrostι
n.f.,uchicago_S_Hassan,sūrι-dag.mp3,https://dsal.uchicago.edu/dictionaries/hassan/audio/03890.mp3,,hoar-frost,sūrι-dag
adj.,uchicago_S_Hassan,šurῑhʸum.mp3,https://dsal.uchicago.edu/dictionaries/hassan/audio/03891.mp3,,sixteenth,šurῑhʸum
n.,uchicago_S_Hassan,šusatat.mp3,https://dsal.uchicago.edu/dictionaries/hassan/audio/03892.mp3,,seventy-six,šusatat
adj.,uchicago_S_Hassan,šusǝtatʰʸum.mp3,https://dsal.uchicago.edu/dictionaries/hassan/audio/03893.mp3,,seventy-sixth,šusǝtatʰʸum
n.,uchicago_S_Hassan,šišnōr.mp3,https://dsal.uchicago.edu/dictionaries/hassan/audio/03894.mp3,,lung,šišnōr
v.,uchicago_S_Hassan,sut pakun.mp3,https://dsal.uchicago.edu/dictionaries/hassan/audio/03895.mp3,,"creeps, move stealthily, move slowly, crawl",sut pakun
v.,uchicago_S_Hassan,šūʦ karun.mp3,https://dsal.uchicago.edu/dictionaries/hassan/audio/03896.mp3,,"to clean, cleanse, rinse, wash",šūʦ karun
n.,uchicago_S_Hassan,šuwanzah.mp3,https://dsal.uchicago.edu/dictionaries/hassan/audio/03897.mp3,,fifty-six,šuwanzah
adj.,uchicago_S_Hassan,šuwanzihʸum.mp3,https://dsal.uchicago.edu/dictionaries/hassan/audio/03898.mp3,,fifty-sixth,šuwanzihʸum
v.,uchicago_S_Hassan,suwun.mp3,https://dsal.uchicago.edu/dictionaries/hassan/audio/03899.mp3,,"to sew, stitch",suwun
n.f.,uchicago_S_Hassan,sʸem.mp3,https://dsal.uchicago.edu/dictionaries/hassan/audio/03900.mp3,,sediment,sʸem
n.m.,uchicago_S_Hassan,siyun.mp3,https://dsal.uchicago.edu/dictionaries/hassan/audio/03901.mp3,,"foodstuff, vegetables, meat",siyun
v.,uchicago_S_Hassan,šāp tulun.mp3,https://dsal.uchicago.edu/dictionaries/hassan/audio/03902.mp3,,to raise a spell,šāp tulun
adj.,uchicago_S_Hassan,sʸon.mp3,https://dsal.uchicago.edu/dictionaries/hassan/audio/03903.mp3,,"in poor taste, flavorless, bland, tastelss",sʸon
adj.,uchicago_S_Hassan,sʸud.mp3,https://dsal.uchicago.edu/dictionaries/hassan/audio/03904.mp3,,"in the right position, straight, upright",sʸud
n.f.,uchicago_S_Hassan,šupʸ kʰalǝr.mp3,https://dsal.uchicago.edu/dictionaries/hassan/audio/03905.mp3,,an old worn-out winnowing-basket,šupʸ kʰalǝr
n.m.,uchicago_S_Hassan,sιh.mp3,https://dsal.uchicago.edu/dictionaries/hassan/audio/03906.mp3,,leopard,sιh
n.f.,uchicago_S_Hassan,šup kə̄n.mp3,https://dsal.uchicago.edu/dictionaries/hassan/audio/03907.mp3,,the withy used for making the winnowing-baskets,šup kə̄n
n.m.,uchicago_S_Hassan,sιrāf.mp3,https://dsal.uchicago.edu/dictionaries/hassan/audio/03908.mp3,,"banker, investor, financier",sιrāf
n.m.,uchicago_S_Hassan,sιrkʰι.mp3,https://dsal.uchicago.edu/dictionaries/hassan/audio/03909.mp3,,vinegar,sιrkʰι
n.m.,uchicago_S_Hassan,šup.mp3,https://dsal.uchicago.edu/dictionaries/hassan/audio/03910.mp3,,"a kind of flat basket used in winnowing grain, a winnowing basket, a winnowing fan",šup
n.f.,uchicago_S_Hassan,sιtal.mp3,https://dsal.uchicago.edu/dictionaries/hassan/audio/03911.mp3,,"thread, cord, string",sιtal
n.m.,uchicago_S_Hassan,sιʦ.mp3,https://dsal.uchicago.edu/dictionaries/hassan/audio/03912.mp3,,tailor,sιʦ
n.f.,uchicago_S_Hassan,sιʦan.mp3,https://dsal.uchicago.edu/dictionaries/hassan/audio/03913.mp3,,needle,sιʦan
n.,uchicago_S_Hassan,sιwə̄l.mp3,https://dsal.uchicago.edu/dictionaries/hassan/audio/03914.mp3,,suppliant,sιwə̄l
adj.,uchicago_S_Hassan,sə̄bir.mp3,https://dsal.uchicago.edu/dictionaries/hassan/audio/03915.mp3,,"patient, tolerant, uncomplaining, long-suffering",sə̄bir
n.,uchicago_S_Hassan,sə̄dmakār.mp3,https://dsal.uchicago.edu/dictionaries/hassan/audio/03916.mp3,,"fortune-teller, rogue, cheat",sə̄dmakār
n.m.,uchicago_S_Hassan,šə̄hid.mp3,https://dsal.uchicago.edu/dictionaries/hassan/audio/03917.mp3,,"witness, onlooker, spectator, eyewitness",šə̄hid
n.,uchicago_S_Hassan,sə̄lāb.mp3,https://dsal.uchicago.edu/dictionaries/hassan/audio/03918.mp3,,"flood, overflow",sə̄lāb
v.,uchicago_S_Hassan,sar-kʰar karun.mp3,https://dsal.uchicago.edu/dictionaries/hassan/audio/03919.mp3,,to make close inquiry,sar-kʰar karun
n.,uchicago_S_Hassan,sə̄r.mp3,https://dsal.uchicago.edu/dictionaries/hassan/audio/03920.mp3,,"walk, march, move, go",sə̄r
pron.,uchicago_S_Hassan,sə̄ri.mp3,https://dsal.uchicago.edu/dictionaries/hassan/audio/03921.mp3,,"every one, each and every one, every one of",sə̄ri
prep.,uchicago_S_Hassan,sə̄tʰ.mp3,https://dsal.uchicago.edu/dictionaries/hassan/audio/03922.mp3,,"with, by means of, by, among, in the company of, in addition to",sə̄tʰ
n.,uchicago_S_Hassan,sɔ̄d zι.mp3,https://dsal.uchicago.edu/dictionaries/hassan/audio/03923.mp3,,two and a quarter,sɔ̄d zι
n.,uchicago_S_Hassan,sɔ̄d akʰ.mp3,https://dsal.uchicago.edu/dictionaries/hassan/audio/03924.mp3,,one and a quarter,sɔ̄d akʰ
n.f.,uchicago_S_Hassan,tapʰ zāl.mp3,https://dsal.uchicago.edu/dictionaries/hassan/audio/03925.mp3,,fever,tapʰ zāl
n.m.,uchicago_S_Hassan,tapʰ.mp3,https://dsal.uchicago.edu/dictionaries/hassan/audio/03926.mp3,,fever,tapʰ
v.,uchicago_S_Hassan,tabah karun.mp3,https://dsal.uchicago.edu/dictionaries/hassan/audio/03927.mp3,,"destroy, devastate, tear down, demolish, wipe out, damage, ruin",tabah karun
adj.,uchicago_S_Hassan,tabahkun.mp3,https://dsal.uchicago.edu/dictionaries/hassan/audio/03928.mp3,,"destructive, damaging, devastating, harmful, hurtful, disparaging",tabahkun
n.m.,uchicago_S_Hassan,tabardār.mp3,https://dsal.uchicago.edu/dictionaries/hassan/audio/03929.mp3,,woodman,tabardār
v.,uchicago_S_Hassan,tabdīli.mp3,https://dsal.uchicago.edu/dictionaries/hassan/audio/03930.mp3,,"transform, change, modify, adjust, amend, correct, rework",tabdīli
n.m.,uchicago_S_Hassan,tabēlι.mp3,https://dsal.uchicago.edu/dictionaries/hassan/audio/03931.mp3,,stable,tabēlι
adj.,uchicago_S_Hassan,sarvι kad.mp3,https://dsal.uchicago.edu/dictionaries/hassan/audio/03932.mp3,,tall and graceful,sarvι kad
n.f.,uchicago_S_Hassan,tabiyet.mp3,https://dsal.uchicago.edu/dictionaries/hassan/audio/03933.mp3,,"physical condition, wellbeing, healthiness, strength, vigor",tabiyet
n.f.,uchicago_S_Hassan,tabιr.mp3,https://dsal.uchicago.edu/dictionaries/hassan/audio/03934.mp3,,axe,tabιr
v.,uchicago_S_Hassan,tacʰun.mp3,https://dsal.uchicago.edu/dictionaries/hassan/audio/03935.mp3,,"scratch, rub, nick, graze",tacʰun
n.m.,uchicago_S_Hassan,tadbīr dinιwōl.mp3,https://dsal.uchicago.edu/dictionaries/hassan/audio/03936.mp3,,"counselor, mentor, expert",tadbīr dinιwōl
v.,uchicago_S_Hassan,tadbīr karin.mp3,https://dsal.uchicago.edu/dictionaries/hassan/audio/03937.mp3,,"& n.f. counsel, advice, recommend, advocate, direction, guidance",tadbīr karin
n.f.,uchicago_S_Hassan,tadbīr.mp3,https://dsal.uchicago.edu/dictionaries/hassan/audio/03938.mp3,,"efforts, care, concern, worry, think about, struggle",tadbīr
adj.,uchicago_S_Hassan,šināylad.mp3,https://dsal.uchicago.edu/dictionaries/hassan/audio/03939.mp3,,one who is utterly crushed and driven to distraction,šināylad
v.,uchicago_S_Hassan,tafāwat tʰāwun.mp3,https://dsal.uchicago.edu/dictionaries/hassan/audio/03940.mp3,,"differ, be different, vary, clash, diverge, disagree, hold opposing views, be at odds",tafāwat tʰāwun
n.m.,uchicago_S_Hassan,ṭag.mp3,https://dsal.uchicago.edu/dictionaries/hassan/audio/03941.mp3,,"traitor, conspirator, double agent",ṭag
n.f.,uchicago_S_Hassan,tahkīkāt.mp3,https://dsal.uchicago.edu/dictionaries/hassan/audio/03942.mp3,,"inquiry, investigation, inquest, question",tahkīkāt
n.m.,uchicago_S_Hassan,tāj.mp3,https://dsal.uchicago.edu/dictionaries/hassan/audio/03943.mp3,,"crown, circlet",tāj
n.,uchicago_S_Hassan,tajalī.mp3,https://dsal.uchicago.edu/dictionaries/hassan/audio/03944.mp3,,"luster, gleam, shine",tajalī
n.,uchicago_S_Hassan,tajwīz.mp3,https://dsal.uchicago.edu/dictionaries/hassan/audio/03945.mp3,,"resolution, decision, solution",tajwīz
n.m.,uchicago_S_Hassan,takabur.mp3,https://dsal.uchicago.edu/dictionaries/hassan/audio/03946.mp3,,"pride, arrogance, smugness",takabur
adv.,uchicago_S_Hassan,ṭikān-ṭikān.mp3,https://dsal.uchicago.edu/dictionaries/hassan/audio/03947.mp3,,"quickly, hurriedly, speedily",ṭikān-ṭikān
n.m.,uchicago_S_Hassan,tākat.mp3,https://dsal.uchicago.edu/dictionaries/hassan/audio/03948.mp3,,"power, strength, muscle",tākat
n.m.,uchicago_S_Hassan,takdīr.mp3,https://dsal.uchicago.edu/dictionaries/hassan/audio/03949.mp3,,"destiny, future, fortune, fate, luck, divine intervention",takdīr
n.m.,uchicago_S_Hassan,takʰt.mp3,https://dsal.uchicago.edu/dictionaries/hassan/audio/03950.mp3,,throne,takʰt
n.m.,uchicago_S_Hassan,takʰtι.mp3,https://dsal.uchicago.edu/dictionaries/hassan/audio/03951.mp3,,"plank, board, flat timber, floorboard, piece of wood",takʰtι
n.,uchicago_S_Hassan,tākʰιc.mp3,https://dsal.uchicago.edu/dictionaries/hassan/audio/03952.mp3,,"shelf, bookshelf, projection",tākʰιc
n.m.,uchicago_S_Hassan,taklīf.mp3,https://dsal.uchicago.edu/dictionaries/hassan/audio/03953.mp3,,"trouble, problem, difficulty, hassle",taklīf
adj.,uchicago_S_Hassan,taklīfzadι.mp3,https://dsal.uchicago.edu/dictionaries/hassan/audio/03954.mp3,,"troubled, bothered, disturbed, distressed",taklīfzadι
n.,uchicago_S_Hassan,taksīr.mp3,https://dsal.uchicago.edu/dictionaries/hassan/audio/03955.mp3,,"failing, crime, wrongdoing",taksīr
v.,uchicago_S_Hassan,ṭakun.mp3,https://dsal.uchicago.edu/dictionaries/hassan/audio/03956.mp3,,"gnaw, chew, bite",ṭakun
n.m.,uchicago_S_Hassan,tǝkyi.mp3,https://dsal.uchicago.edu/dictionaries/hassan/audio/03957.mp3,,"cushion, padding, throw cushion, pillow",tǝkyi
v.,uchicago_S_Hassan,tal gāʦun.mp3,https://dsal.uchicago.edu/dictionaries/hassan/audio/03958.mp3,,"come down, accident",tal gāʦun
v.,uchicago_S_Hassan,ṭāl mārin.mp3,https://dsal.uchicago.edu/dictionaries/hassan/audio/03959.mp3,,to play cymbals,ṭāl mārin
v.,uchicago_S_Hassan,tal raṭnāwun.mp3,https://dsal.uchicago.edu/dictionaries/hassan/audio/03960.mp3,,"squash, flatten, trample down, walk over, tread on, walk on, crush",tal raṭnāwun
prep.,uchicago_S_Hassan,tal.mp3,https://dsal.uchicago.edu/dictionaries/hassan/audio/03961.mp3,,"beneath, below, underneath",tal
n.m.,uchicago_S_Hassan,ṭāl.mp3,https://dsal.uchicago.edu/dictionaries/hassan/audio/03962.mp3,,cymbal,ṭāl
n.m.,uchicago_S_Hassan,tāl.mp3,https://dsal.uchicago.edu/dictionaries/hassan/audio/03963.mp3,,"palate, roof of the mouth",tāl
n.m.,uchicago_S_Hassan,sirι bōj.mp3,https://dsal.uchicago.edu/dictionaries/hassan/audio/03964.mp3,,a sharer of innate secrets,sirι bōj
adv.,uchicago_S_Hassan,sirιsān.mp3,https://dsal.uchicago.edu/dictionaries/hassan/audio/03965.mp3,,secretly,sirιsān
n.m.,uchicago_S_Hassan,talab.mp3,https://dsal.uchicago.edu/dictionaries/hassan/audio/03966.mp3,,"salary, pay, wages, earnings",talab
n.m.,uchicago_S_Hassan,talākʰ.mp3,https://dsal.uchicago.edu/dictionaries/hassan/audio/03967.mp3,,"divorce, separation, break up",talākʰ
v.,uchicago_S_Hassan,talāš karun.mp3,https://dsal.uchicago.edu/dictionaries/hassan/audio/03968.mp3,,"endeavour, try, make an effort",talāš karun
n.m.,uchicago_S_Hassan,talāš.mp3,https://dsal.uchicago.edu/dictionaries/hassan/audio/03969.mp3,,"hunt, search, quest",talāš
n.m.,uchicago_S_Hassan,šāⁿʦar.mp3,https://dsal.uchicago.edu/dictionaries/hassan/audio/03970.mp3,,"a tranquil nature, calmness, gentleness",šāⁿʦar
n.m.,uchicago_S_Hassan,tālav.mp3,https://dsal.uchicago.edu/dictionaries/hassan/audio/03971.mp3,,"roof, ceiling, top",tālav
n.m.,uchicago_S_Hassan,talāv.mp3,https://dsal.uchicago.edu/dictionaries/hassan/audio/03972.mp3,,"tank, reservoir",talāv
n.,uchicago_S_Hassan,tāle.mp3,https://dsal.uchicago.edu/dictionaries/hassan/audio/03973.mp3,,"luck, fortune, fate, destiny",tāle
v.,uchicago_S_Hassan,talǝši karin.mp3,https://dsal.uchicago.edu/dictionaries/hassan/audio/03974.mp3,,"to search, look for, rummage around, seek",talǝši karin
n.m.,uchicago_S_Hassan,ǝbrι zāl.mp3,https://dsal.uchicago.edu/dictionaries/hassan/audio/03975.mp3,,a network of light clouds,ǝbrι zāl
adj.,uchicago_S_Hassan,talʸum.mp3,https://dsal.uchicago.edu/dictionaries/hassan/audio/03976.mp3,,"lower, inferior, down",talʸum
n.f.,uchicago_S_Hassan,talab.mp3,https://dsal.uchicago.edu/dictionaries/hassan/audio/03977.mp3,,"want, need, dearth",talab
n.,uchicago_S_Hassan,tamanā.mp3,https://dsal.uchicago.edu/dictionaries/hassan/audio/03978.mp3,,longing,tamanā
n.m.,uchicago_S_Hassan,tamāšι.mp3,https://dsal.uchicago.edu/dictionaries/hassan/audio/03979.mp3,,"spectacle, show, exhibition, sight",tamāšι
adv.,uchicago_S_Hassan,tāmatʰ.mp3,https://dsal.uchicago.edu/dictionaries/hassan/audio/03980.mp3,,until now,tāmatʰ
v.,uchicago_S_Hassan,tāliyun.mp3,https://dsal.uchicago.edu/dictionaries/hassan/audio/03981.mp3,,"distress, heartache caused by misconduct of family member",tāliyun
n.m.,uchicago_S_Hassan,ṭenḍʸ.mp3,https://dsal.uchicago.edu/dictionaries/hassan/audio/03982.mp3,,"the tip of a finger, toe, or similar limb",ṭenḍʸ
v.,uchicago_S_Hassan,tambιlāwun.mp3,https://dsal.uchicago.edu/dictionaries/hassan/audio/03983.mp3,,"perplex, puzzle, baffle",tambιlāwun
adj.,uchicago_S_Hassan,tambliyomut.mp3,https://dsal.uchicago.edu/dictionaries/hassan/audio/03984.mp3,,"disturbed, bothered, anxious, uneasy, unstable, traumatized, unbalanced",tambliyomut
n.m.,uchicago_S_Hassan,ṭenḍʸ kʰāv.mp3,https://dsal.uchicago.edu/dictionaries/hassan/audio/03985.mp3,,a certain disease in which the tips of the fingers are eaten away by sores,ṭenḍʸ kʰāv
adj.,uchicago_S_Hassan,tambιlun.mp3,https://dsal.uchicago.edu/dictionaries/hassan/audio/03986.mp3,,"to astonish, amazed, bewildered, dazed",tambιlun
n.m.,uchicago_S_Hassan,tamōk.mp3,https://dsal.uchicago.edu/dictionaries/hassan/audio/03987.mp3,,tobacco,tamōk
adj.,uchicago_S_Hassan,tandrust.mp3,https://dsal.uchicago.edu/dictionaries/hassan/audio/03988.mp3,,"healthy, fit, healthful, in good physical shape",tandrust
adj.,uchicago_S_Hassan,taⁿg.mp3,https://dsal.uchicago.edu/dictionaries/hassan/audio/03989.mp3,,"narrow, tight, limited, restricted",taⁿg
n.m.,uchicago_S_Hassan,ṭaⁿg.mp3,https://dsal.uchicago.edu/dictionaries/hassan/audio/03990.mp3,,pear,ṭaⁿg
n.m.,uchicago_S_Hassan,tīr rə̄cʰ.mp3,https://dsal.uchicago.edu/dictionaries/hassan/audio/03991.mp3,,"a shepherd, a goatherd",tīr rə̄cʰ
n.m.,uchicago_S_Hassan,ṭaⁿggur.mp3,https://dsal.uchicago.edu/dictionaries/hassan/audio/03992.mp3,,pickaxe,ṭaⁿggur
v.,uchicago_S_Hassan,ṭāⁿgι din.mp3,https://dsal.uchicago.edu/dictionaries/hassan/audio/03993.mp3,,sob,ṭāⁿgι din
adj.,uchicago_S_Hassan,tanhā.mp3,https://dsal.uchicago.edu/dictionaries/hassan/audio/03994.mp3,,"solitary, lonely, private, single, isolated",tanhā
n.m.,uchicago_S_Hassan,tankʰā.mp3,https://dsal.uchicago.edu/dictionaries/hassan/audio/03995.mp3,,"salary, pay, wages, earnings",tankʰā
v.,uchicago_S_Hassan,tanun.mp3,https://dsal.uchicago.edu/dictionaries/hassan/audio/03996.mp3,,"to be thin, put off weight",tanun
n.,uchicago_S_Hassan,tanʸer.mp3,https://dsal.uchicago.edu/dictionaries/hassan/audio/03997.mp3,,"thinness, slimness, fineness",tanʸer
n.,uchicago_S_Hassan,tapasyā.mp3,https://dsal.uchicago.edu/dictionaries/hassan/audio/03998.mp3,,"devotion, dedication, loyalty, commitment, worship, adoration",tapasyā
n.m.,uchicago_S_Hassan,tāpʰ.mp3,https://dsal.uchicago.edu/dictionaries/hassan/audio/03999.mp3,,"sunshine, sunlight, sunbeams, daylight",tāpʰ
v.,uchicago_S_Hassan,tār dʸun.mp3,https://dsal.uchicago.edu/dictionaries/hassan/audio/04000.mp3,,"ferry, travel by water, go in a boat, sail, navigate",tār dʸun
adj.,uchicago_S_Hassan,taraf.mp3,https://dsal.uchicago.edu/dictionaries/hassan/audio/04001.mp3,,"direction, side",taraf
n.f.,uchicago_S_Hassan,tarafdə̄ri.mp3,https://dsal.uchicago.edu/dictionaries/hassan/audio/04002.mp3,,"partiality, bias, favoritism, liking",tarafdə̄ri
n.,uchicago_S_Hassan,tarīkι.mp3,https://dsal.uchicago.edu/dictionaries/hassan/audio/04003.mp3,,"manner, way, behavior, conduct",tarīkι
n.,uchicago_S_Hassan,tarjumι karawōl.mp3,https://dsal.uchicago.edu/dictionaries/hassan/audio/04004.mp3,,interpreter,tarjumι karawōl
v.,uchicago_S_Hassan,tarjumι karun.mp3,https://dsal.uchicago.edu/dictionaries/hassan/audio/04005.mp3,,to translate,tarjumι karun
n.m.,uchicago_S_Hassan,tarjumι.mp3,https://dsal.uchicago.edu/dictionaries/hassan/audio/04006.mp3,,"translation, paraphrase, transformation",tarjumι
n.m.,uchicago_S_Hassan,tāruk.mp3,https://dsal.uchicago.edu/dictionaries/hassan/audio/04007.mp3,,star,tāruk
v.,uchicago_S_Hassan,tārun.mp3,https://dsal.uchicago.edu/dictionaries/hassan/audio/04008.mp3,,"to assist, help out",tārun
v.,uchicago_S_Hassan,tarun.mp3,https://dsal.uchicago.edu/dictionaries/hassan/audio/04009.mp3,,"to cross, go across",tarun
n.f.,uchicago_S_Hassan,tarιnāv.mp3,https://dsal.uchicago.edu/dictionaries/hassan/audio/04010.mp3,,ferry-boat,tarιnāv
n.pl.,uchicago_S_Hassan,tītʸ.mp3,https://dsal.uchicago.edu/dictionaries/hassan/audio/04011.mp3,,"so much (of more things than one), so many",tītʸ
n.m.,uchicago_S_Hassan,tarkə̄r.mp3,https://dsal.uchicago.edu/dictionaries/hassan/audio/04012.mp3,,vegetables,tarkə̄r
n.f.,uchicago_S_Hassan,taš.mp3,https://dsal.uchicago.edu/dictionaries/hassan/audio/04013.mp3,,"hand basin, sink",taš
adj.,uchicago_S_Hassan,tasali kɔrmut.mp3,https://dsal.uchicago.edu/dictionaries/hassan/audio/04014.mp3,,"comforted, reassured, pleased",tasali kɔrmut
adv.,uchicago_S_Hassan,tītis.mp3,https://dsal.uchicago.edu/dictionaries/hassan/audio/04015.mp3,,for so much price or distance,tītis
n.f.,uchicago_S_Hassan,taswīr.mp3,https://dsal.uchicago.edu/dictionaries/hassan/audio/04016.mp3,,"picture, image, portrait, photograph, representation, photo",taswīr
n.m.,uchicago_S_Hassan,ṭaṭʰul.mp3,https://dsal.uchicago.edu/dictionaries/hassan/audio/04017.mp3,,wooden trough,ṭaṭʰul
n.f.,uchicago_S_Hassan,ṭaṭʰιj.mp3,https://dsal.uchicago.edu/dictionaries/hassan/audio/04018.mp3,,wooden trough,ṭaṭʰιj
adv.,uchicago_S_Hassan,tati.mp3,https://dsal.uchicago.edu/dictionaries/hassan/audio/04019.mp3,,there,tati
n.,uchicago_S_Hassan,tatur.mp3,https://dsal.uchicago.edu/dictionaries/hassan/audio/04020.mp3,,"smarting of wound, burning, painful",tatur
n.m.,uchicago_S_Hassan,taʦar.mp3,https://dsal.uchicago.edu/dictionaries/hassan/audio/04021.mp3,,"heat, warmth, high temperature, fevour",taʦar
n.f.,uchicago_S_Hassan,tāvliyā.mp3,https://dsal.uchicago.edu/dictionaries/hassan/audio/04022.mp3,,towel,tāvliyā
adj.,uchicago_S_Hassan,tawakul.mp3,https://dsal.uchicago.edu/dictionaries/hassan/audio/04023.mp3,,"confident, certain, positive, convinced, in no doubt",tawakul
adv.,uchicago_S_Hassan,tawāy.mp3,https://dsal.uchicago.edu/dictionaries/hassan/audio/04024.mp3,,"therefore, so therefore, in that case",tawāy
adv.,uchicago_S_Hassan,tīʦi pʰiri.mp3,https://dsal.uchicago.edu/dictionaries/hassan/audio/04025.mp3,,"for so many times, so often",tīʦi pʰiri
n.m.,uchicago_S_Hassan,tə̄wīz.mp3,https://dsal.uchicago.edu/dictionaries/hassan/audio/04026.mp3,,"amulet, talisman, charm, good luck charm",tə̄wīz
v.,uchicago_S_Hassan,tayār karnāwun.mp3,https://dsal.uchicago.edu/dictionaries/hassan/audio/04027.mp3,,cause to prepare,tayār karnāwun
v.,uchicago_S_Hassan,tayār karun.mp3,https://dsal.uchicago.edu/dictionaries/hassan/audio/04028.mp3,,to be ready,tayār karun
adj.,uchicago_S_Hassan,tayār.mp3,https://dsal.uchicago.edu/dictionaries/hassan/audio/04029.mp3,,"ready, prepared, all set, complete, equipped, willing",tayār
adj.,uchicago_S_Hassan,tāzι.mp3,https://dsal.uchicago.edu/dictionaries/hassan/audio/04030.mp3,,"fresh, new, brand new, novel, innovative",tāzι
adj.,uchicago_S_Hassan,ṭɔkι.mp3,https://dsal.uchicago.edu/dictionaries/hassan/audio/04031.mp3,,"coarse, dense, hard, rigid",ṭɔkι
n.f.,uchicago_S_Hassan,ṭɔpʰ.mp3,https://dsal.uchicago.edu/dictionaries/hassan/audio/04032.mp3,,sting,ṭɔpʰ
v.,uchicago_S_Hassan,ṭɔpʰ din.mp3,https://dsal.uchicago.edu/dictionaries/hassan/audio/04033.mp3,,to sting,ṭɔpʰ din
v.,uchicago_S_Hassan,ṭēb din.mp3,https://dsal.uchicago.edu/dictionaries/hassan/audio/04034.mp3,,"stitch, sew, sew up, stitch up",ṭēb din
n.f.,uchicago_S_Hassan,tǝcʰin.mp3,https://dsal.uchicago.edu/dictionaries/hassan/audio/04035.mp3,,itch,tǝcʰin
adj.,uchicago_S_Hassan,ṭecihor.mp3,https://dsal.uchicago.edu/dictionaries/hassan/audio/04036.mp3,,"spotted, dotted, marked, blemished, mottled",ṭecihor
n.m.,uchicago_S_Hassan,ṭeg.mp3,https://dsal.uchicago.edu/dictionaries/hassan/audio/04037.mp3,,blade,ṭeg
n.f.,uchicago_S_Hassan,tǝgῑr.mp3,https://dsal.uchicago.edu/dictionaries/hassan/audio/04038.mp3,,"basin, bowl",tǝgῑr
n.m.,uchicago_S_Hassan,tēl.mp3,https://dsal.uchicago.edu/dictionaries/hassan/audio/04039.mp3,,sesame,tēl
adv.,uchicago_S_Hassan,teli.mp3,https://dsal.uchicago.edu/dictionaries/hassan/audio/04040.mp3,,"then, at that time, at that moment, therefore",teli
adv.,uchicago_S_Hassan,teli-ti.mp3,https://dsal.uchicago.edu/dictionaries/hassan/audio/04041.mp3,,"nevertheless, however, even so",teli-ti
v.,uchicago_S_Hassan,tǝmah karun.mp3,https://dsal.uchicago.edu/dictionaries/hassan/audio/04042.mp3,,"to covet, desire, want, long for, yearn for, crave",tǝmah karun
n.,uchicago_S_Hassan,tamah.mp3,https://dsal.uchicago.edu/dictionaries/hassan/audio/04043.mp3,,"avarice, greed, greediness, materialism, miserliness",tamah
adj.,uchicago_S_Hassan,ṭecʰar.mp3,https://dsal.uchicago.edu/dictionaries/hassan/audio/04044.mp3,,bitterness,ṭecʰar
adj.,uchicago_S_Hassan,tǝmāy.mp3,https://dsal.uchicago.edu/dictionaries/hassan/audio/04045.mp3,,"desirous, jealous, greedy, covetous",tǝmāy
n.f.,uchicago_S_Hassan,tʸembιr.mp3,https://dsal.uchicago.edu/dictionaries/hassan/audio/04046.mp3,,spark,tʸembιr
adj.,uchicago_S_Hassan,ṭʸoṭʰ.mp3,https://dsal.uchicago.edu/dictionaries/hassan/audio/04047.mp3,,bitter,ṭʸoṭʰ
n.f.,uchicago_S_Hassan,tembιr.mp3,https://dsal.uchicago.edu/dictionaries/hassan/audio/04048.mp3,,tamarind,tembιr
adv.,uchicago_S_Hassan,tǝmi-patι.mp3,https://dsal.uchicago.edu/dictionaries/hassan/audio/04049.mp3,,"& adj. (demonstrative) afterwards, thereafter,",tǝmi-patι
n.m.,uchicago_S_Hassan,tǝmīz.mp3,https://dsal.uchicago.edu/dictionaries/hassan/audio/04050.mp3,,"civility, politeness, courtesy, good manners, courteousness, graciousness",tǝmīz
n.m.,uchicago_S_Hassan,šinās.mp3,https://dsal.uchicago.edu/dictionaries/hassan/audio/04051.mp3,,"understanding, knowing, acquainted with",šinās
n.f.,uchicago_S_Hassan,tan.mp3,https://dsal.uchicago.edu/dictionaries/hassan/audio/04052.mp3,,body,tan
n.,uchicago_S_Hassan,ṭʰə̄ⁿgil.mp3,https://dsal.uchicago.edu/dictionaries/hassan/audio/04053.mp3,,"fraud, fake",ṭʰə̄ⁿgil
n.m.,uchicago_S_Hassan,teⁿgul.mp3,https://dsal.uchicago.edu/dictionaries/hassan/audio/04054.mp3,,"coal (live), coal on fire, red burning coal",teⁿgul
n.,uchicago_S_Hassan,wahar.mp3,https://dsal.uchicago.edu/dictionaries/hassan/audio/04055.mp3,,a year,wahar
n.m.,uchicago_S_Hassan,tentōl.mp3,https://dsal.uchicago.edu/dictionaries/hassan/audio/04056.mp3,,summit of mountain,tentōl
adj.,uchicago_S_Hassan,ṭeṭʰun.mp3,https://dsal.uchicago.edu/dictionaries/hassan/audio/04057.mp3,,"become bitter, choking or unpleasant",ṭeṭʰun
v.,uchicago_S_Hassan,tǝʦrāwun.mp3,https://dsal.uchicago.edu/dictionaries/hassan/audio/04058.mp3,,"to heat, blaze, boil over",tǝʦrāwun
n.f.,uchicago_S_Hassan,tīzī.mp3,https://dsal.uchicago.edu/dictionaries/hassan/audio/04059.mp3,,"sharpness, keenness, energy, fervour, ardour",tīzī
n.,uchicago_S_Hassan,teytrιh.mp3,https://dsal.uchicago.edu/dictionaries/hassan/audio/04060.mp3,,thirty-three,teytrιh
adj.,uchicago_S_Hassan,teytrιhʸum.mp3,https://dsal.uchicago.edu/dictionaries/hassan/audio/04061.mp3,,thirty-third,teytrιhʸum
n.,uchicago_S_Hassan,teytə̄jih.mp3,https://dsal.uchicago.edu/dictionaries/hassan/audio/04062.mp3,,forty-three,teytə̄jih
adj.,uchicago_S_Hassan,teytə̄jihʸum.mp3,https://dsal.uchicago.edu/dictionaries/hassan/audio/04063.mp3,,forty-third,teytə̄jihʸum
adj.,uchicago_S_Hassan,tēz.mp3,https://dsal.uchicago.edu/dictionaries/hassan/audio/04064.mp3,,"sharp, pointed, razor-sharp, spiky",tēz
n.m.,uchicago_S_Hassan,šank.mp3,https://dsal.uchicago.edu/dictionaries/hassan/audio/04065.mp3,,"a conch-shell, a conch",šank
n.f.,uchicago_S_Hassan,tǝzbih.mp3,https://dsal.uchicago.edu/dictionaries/hassan/audio/04066.mp3,,rosary,tǝzbih
v.,uchicago_S_Hassan,wohavun.mp3,https://dsal.uchicago.edu/dictionaries/hassan/audio/04067.mp3,,"to curse, to vituperate, to abuse",wohavun
v.,uchicago_S_Hassan,tʰadun.mp3,https://dsal.uchicago.edu/dictionaries/hassan/audio/04068.mp3,,to become tall,tʰadun
n.m.,uchicago_S_Hassan,ṭʰag.mp3,https://dsal.uchicago.edu/dictionaries/hassan/audio/04069.mp3,,"bandit, thief, thug, outlaw, crook",ṭʰag
n.,uchicago_S_Hassan,tʰakmut.mp3,https://dsal.uchicago.edu/dictionaries/hassan/audio/04070.mp3,,"fatigue, exhaustion, tiredness",tʰakmut
adj.,uchicago_S_Hassan,tāzgī.mp3,https://dsal.uchicago.edu/dictionaries/hassan/audio/04071.mp3,,"freshness, newness",tāzgī
v.,uchicago_S_Hassan,tʰakun.mp3,https://dsal.uchicago.edu/dictionaries/hassan/audio/04072.mp3,,"wear out, tire out, fatigue, weary, exhaust",tʰakun
n.m.,uchicago_S_Hassan,tʰālι bānι.mp3,https://dsal.uchicago.edu/dictionaries/hassan/audio/04073.mp3,,"dish, bowl",tʰālι bānι
n.m.,uchicago_S_Hassan,tʰāl.mp3,https://dsal.uchicago.edu/dictionaries/hassan/audio/04074.mp3,,"platter, serving dish, dish",tʰāl
n.f.,uchicago_S_Hassan,trə̄m.mp3,https://dsal.uchicago.edu/dictionaries/hassan/audio/04075.mp3,,dish to serve feast,trə̄m
n.m.,uchicago_S_Hassan,tʰam.mp3,https://dsal.uchicago.edu/dictionaries/hassan/audio/04076.mp3,,"column, pillar, support, pole",tʰam
n.m.,uchicago_S_Hassan,tazkīr.mp3,https://dsal.uchicago.edu/dictionaries/hassan/audio/04077.mp3,,a biography,tazkīr
n.f.,uchicago_S_Hassan,tʰan.mp3,https://dsal.uchicago.edu/dictionaries/hassan/audio/04078.mp3,,udder,tʰan
n.,uchicago_S_Hassan,ṭʰāⁿḍ.mp3,https://dsal.uchicago.edu/dictionaries/hassan/audio/04079.mp3,,"cork, cap, top, plug",ṭʰāⁿḍ
n.m.,uchicago_S_Hassan,tʰaⁿdār.mp3,https://dsal.uchicago.edu/dictionaries/hassan/audio/04080.mp3,,"chief of the police, person in charge in police station",tʰaⁿdār
n.f.,uchicago_S_Hassan,ṭʰāⁿṭʰren.mp3,https://dsal.uchicago.edu/dictionaries/hassan/audio/04081.mp3,,coppersmith’s wife,ṭʰāⁿṭʰren
n.m.,uchicago_S_Hassan,ṭʰāⁿṭʰur.mp3,https://dsal.uchicago.edu/dictionaries/hassan/audio/04082.mp3,,coppersmith,ṭʰāⁿṭʰur
n.m.,uchicago_S_Hassan,tʰapal.mp3,https://dsal.uchicago.edu/dictionaries/hassan/audio/04083.mp3,,"robber, pickpocket, thief, burglar",tʰapal
v.,uchicago_S_Hassan,tʰāpēr ʦιnin.mp3,https://dsal.uchicago.edu/dictionaries/hassan/audio/04084.mp3,,"to thump, bang, hit, strike",tʰāpēr ʦιnin
n.f.,uchicago_S_Hassan,tʰāpēr.mp3,https://dsal.uchicago.edu/dictionaries/hassan/audio/04085.mp3,,slap,tʰāpēr
n.m.,uchicago_S_Hassan,tə̄zīm.mp3,https://dsal.uchicago.edu/dictionaries/hassan/audio/04086.mp3,,"honouring, treating with respect",tə̄zīm
v.,uchicago_S_Hassan,tʰapʰ din.mp3,https://dsal.uchicago.edu/dictionaries/hassan/audio/04087.mp3,,"snatch, rob",tʰapʰ din
v.,uchicago_S_Hassan,tʰapʰ karin.mp3,https://dsal.uchicago.edu/dictionaries/hassan/audio/04088.mp3,,"to seize, grab hold of, take hold of, get hold of, grasp",tʰapʰ karin
n.f.,uchicago_S_Hassan,tʰapʰ.mp3,https://dsal.uchicago.edu/dictionaries/hassan/audio/04089.mp3,,handle,tʰapʰ
n.f.,uchicago_S_Hassan,tʰar.mp3,https://dsal.uchicago.edu/dictionaries/hassan/audio/04090.mp3,,"back, flipside, reverse, rear,",tʰar
v.,uchicago_S_Hassan,tʰarι tʰarι aʦin.mp3,https://dsal.uchicago.edu/dictionaries/hassan/audio/04091.mp3,,"to quiver, tremble, shiver",tʰarι tʰarι aʦin
v.,uchicago_S_Hassan,ṭʰas.mp3,https://dsal.uchicago.edu/dictionaries/hassan/audio/04092.mp3,,"clang, clank, sound, reverberate, resound, clink",ṭʰas
v.,uchicago_S_Hassan,ṭʰaṭʰrāwun.mp3,https://dsal.uchicago.edu/dictionaries/hassan/audio/04093.mp3,,"to shiver, tremble, shudder, wobble",ṭʰaṭʰrāwun
v.,uchicago_S_Hassan,ṭʰatʰι.mp3,https://dsal.uchicago.edu/dictionaries/hassan/audio/04094.mp3,,"jest, joke, prank, gag, quip",ṭʰatʰι
v.,uchicago_S_Hassan,tʰāwun.mp3,https://dsal.uchicago.edu/dictionaries/hassan/audio/04095.mp3,,"to possess, own, have",tʰāwun
n.,uchicago_S_Hassan,tʰazar.mp3,https://dsal.uchicago.edu/dictionaries/hassan/audio/04096.mp3,,"size, tallness, height",tʰazar
v.,uchicago_S_Hassan,tʰɔk.mp3,https://dsal.uchicago.edu/dictionaries/hassan/audio/04097.mp3,,"spit, salivate, drip",tʰɔk
v.,uchicago_S_Hassan,tʰekun.mp3,https://dsal.uchicago.edu/dictionaries/hassan/audio/04098.mp3,,"boast, show off, blow your own horn, sing your own praises",tʰekun
n.m.,uchicago_S_Hassan,ṭʰelι.mp3,https://dsal.uchicago.edu/dictionaries/hassan/audio/04099.mp3,,"bag, sack, shopping bag",ṭʰelι
v.,uchicago_S_Hassan,tēzun.mp3,https://dsal.uchicago.edu/dictionaries/hassan/audio/04100.mp3,,to be or become sharp,tēzun
n.f.,uchicago_S_Hassan,tʰǝnʸ.mp3,https://dsal.uchicago.edu/dictionaries/hassan/audio/04101.mp3,,butter,tʰǝnʸ
n.f.,uchicago_S_Hassan,tʰǝr.mp3,https://dsal.uchicago.edu/dictionaries/hassan/audio/04102.mp3,,"flowering shrub, plant, shrub",tʰǝr
v.,uchicago_S_Hassan,tʰǝrun.mp3,https://dsal.uchicago.edu/dictionaries/hassan/audio/04103.mp3,,to halt,tʰǝrun
n.,uchicago_S_Hassan,tʰǝzar.mp3,https://dsal.uchicago.edu/dictionaries/hassan/audio/04104.mp3,,"seniority, position, superiority, rank",tʰǝzar
n.,uchicago_S_Hassan,tʰǝz.mp3,https://dsal.uchicago.edu/dictionaries/hassan/audio/04105.mp3,,"tall, position, superior",tʰǝz
n.,uchicago_S_Hassan,ʦͻbāg.mp3,https://dsal.uchicago.edu/dictionaries/hassan/audio/04106.mp3,,"division into four, dividing into four shares",ʦͻbāg
v.,uchicago_S_Hassan,ṭʰīk.mp3,https://dsal.uchicago.edu/dictionaries/hassan/audio/04107.mp3,,"fit, in shape, well",ṭʰīk
n.f.,uchicago_S_Hassan,ṭʰisι kʰrāv.mp3,https://dsal.uchicago.edu/dictionaries/hassan/audio/04108.mp3,,sandals,ṭʰisι kʰrāv
v.,uchicago_S_Hassan,tʰod tulun.mp3,https://dsal.uchicago.edu/dictionaries/hassan/audio/04109.mp3,,"to raise, lift, elevate, lift up",tʰod tulun
v.,uchicago_S_Hassan,tʰod watʰun.mp3,https://dsal.uchicago.edu/dictionaries/hassan/audio/04110.mp3,,stand up,tʰod watʰun
adj.,uchicago_S_Hassan,tʰod.mp3,https://dsal.uchicago.edu/dictionaries/hassan/audio/04111.mp3,,"tall, high, difficult, complicated, large, lofty",tʰod
n.f.,uchicago_S_Hassan,ʦaḍ.mp3,https://dsal.uchicago.edu/dictionaries/hassan/audio/04112.mp3,,"need, requirement, necessity",ʦaḍ
v.,uchicago_S_Hassan,tʰop.mp3,https://dsal.uchicago.edu/dictionaries/hassan/audio/04113.mp3,,"plug, stop, cork, bung",tʰop
n.m.,uchicago_S_Hassan,tʰor.mp3,https://dsal.uchicago.edu/dictionaries/hassan/audio/04114.mp3,,"shade, blind, cover",tʰor
n.m.,uchicago_S_Hassan,ṭʰūl.mp3,https://dsal.uchicago.edu/dictionaries/hassan/audio/04115.mp3,,egg,ṭʰūl
n.m.,uchicago_S_Hassan,tʰumb.mp3,https://dsal.uchicago.edu/dictionaries/hassan/audio/04116.mp3,,wool flake,tʰumb
n.m.,uchicago_S_Hassan,ṭʰʸup.mp3,https://dsal.uchicago.edu/dictionaries/hassan/audio/04117.mp3,,cage,ṭʰʸup
v.,uchicago_S_Hassan,tʰurun.mp3,https://dsal.uchicago.edu/dictionaries/hassan/audio/04118.mp3,,"to shape, mold, form",tʰurun
n.m.,uchicago_S_Hassan,tʰosʸ.mp3,https://dsal.uchicago.edu/dictionaries/hassan/audio/04119.mp3,,snow flake,tʰosʸ
v.,uchicago_S_Hassan,tʰͻtʰ.mp3,https://dsal.uchicago.edu/dictionaries/hassan/audio/04120.mp3,,"disturb, bother, interrupt, wake up, disrupt",tʰͻtʰ
n.f.,uchicago_S_Hassan,ʦeḍ.mp3,https://dsal.uchicago.edu/dictionaries/hassan/audio/04121.mp3,,"patience, endurance, bearing patiently",ʦeḍ
v.,uchicago_S_Hassan,tʰιnʸ karin.mp3,https://dsal.uchicago.edu/dictionaries/hassan/audio/04122.mp3,,"sweet-talk, butter up, compliment, flatter",tʰιnʸ karin
adj.,uchicago_S_Hassan,ṭʰə̄ⁿg.mp3,https://dsal.uchicago.edu/dictionaries/hassan/audio/04123.mp3,,"deceptive, fraudulent, falsified",ṭʰə̄ⁿg
n.f.,uchicago_S_Hassan,tapιš.mp3,https://dsal.uchicago.edu/dictionaries/hassan/audio/04124.mp3,,"heat, warmth, intense thirst",tapιš
v.,uchicago_S_Hassan,ṭʰə̄run.mp3,https://dsal.uchicago.edu/dictionaries/hassan/audio/04125.mp3,,"stay, remain, stay behind, linger, wait",ṭʰə̄run
adv.,uchicago_S_Hassan,ti.mp3,https://dsal.uchicago.edu/dictionaries/hassan/audio/04126.mp3,,"as a result, so, therefore, thus",ti
adv.,uchicago_S_Hassan,tih.mp3,https://dsal.uchicago.edu/dictionaries/hassan/audio/04127.mp3,,"also, too, as well, in addition, and",tih
n.,uchicago_S_Hassan,tijārat.mp3,https://dsal.uchicago.edu/dictionaries/hassan/audio/04128.mp3,,"commerce, trade, business, export, import, buying, selling, exchange",tijārat
adv.,uchicago_S_Hassan,ṭikān.mp3,https://dsal.uchicago.edu/dictionaries/hassan/audio/04129.mp3,,run smoothly,ṭikān
n.f.,uchicago_S_Hassan,ṭikaṭ.mp3,https://dsal.uchicago.edu/dictionaries/hassan/audio/04130.mp3,,ticket,ṭikaṭ
v.,uchicago_S_Hassan,ṭikun.mp3,https://dsal.uchicago.edu/dictionaries/hassan/audio/04131.mp3,,to walk,ṭikun
v.,uchicago_S_Hassan,ṭikιnāwun.mp3,https://dsal.uchicago.edu/dictionaries/hassan/audio/04132.mp3,,cause to run,ṭikιnāwun
n.f.,uchicago_S_Hassan,ṭikιnə̄r.mp3,https://dsal.uchicago.edu/dictionaries/hassan/audio/04133.mp3,,Tendo Achilles,ṭikιnə̄r
n.m.,uchicago_S_Hassan,tīl.mp3,https://dsal.uchicago.edu/dictionaries/hassan/audio/04134.mp3,,oil,tīl
n.m.,uchicago_S_Hassan,tilιpʸut.mp3,https://dsal.uchicago.edu/dictionaries/hassan/audio/04135.mp3,,gall-bladder,tilιpʸut
n.m.,uchicago_S_Hassan,zoytūn.mp3,https://dsal.uchicago.edu/dictionaries/hassan/audio/04136.mp3,,olive oil,zoytūn
n.m.,uchicago_S_Hassan,tilιwə̄nʸ.mp3,https://dsal.uchicago.edu/dictionaries/hassan/audio/04137.mp3,,oil trader (vegetable oil),tilιwə̄nʸ
n.,uchicago_S_Hassan,tim.mp3,https://dsal.uchicago.edu/dictionaries/hassan/audio/04138.mp3,,they (demons pl pron),tim
n.m.,uchicago_S_Hassan,ṭīn.mp3,https://dsal.uchicago.edu/dictionaries/hassan/audio/04139.mp3,,"tin, can, container",ṭīn
adj.,uchicago_S_Hassan,ṭipʸitʰ.mp3,https://dsal.uchicago.edu/dictionaries/hassan/audio/04140.mp3,,"full up, stuffed, jam-packed",ṭipʸitʰ
n.m.,uchicago_S_Hassan,tīr andāz.mp3,https://dsal.uchicago.edu/dictionaries/hassan/audio/04141.mp3,,archer,tīr andāz
n.m.,uchicago_S_Hassan,tīr.mp3,https://dsal.uchicago.edu/dictionaries/hassan/audio/04142.mp3,,arrow,tīr
v.,uchicago_S_Hassan,ṭipun.mp3,https://dsal.uchicago.edu/dictionaries/hassan/audio/04143.mp3,,to remove fish gut,ṭipun
n.m.,uchicago_S_Hassan,tīr.mp3,https://dsal.uchicago.edu/dictionaries/hassan/audio/04144.mp3,,sheep,tīr
adj.,uchicago_S_Hassan,tīt.mp3,https://dsal.uchicago.edu/dictionaries/hassan/audio/04145.mp3,,"various, scores of, countless",tīt
v.,uchicago_S_Hassan,tōbι karun.mp3,https://dsal.uchicago.edu/dictionaries/hassan/audio/04146.mp3,,"repent, regret, apologize, ask forgiveness, confess",tōbι karun
n.m.,uchicago_S_Hassan,tōfι.mp3,https://dsal.uchicago.edu/dictionaries/hassan/audio/04147.mp3,,gift,tōfι
n.m.,uchicago_S_Hassan,toh.mp3,https://dsal.uchicago.edu/dictionaries/hassan/audio/04148.mp3,,"chaff, husk",toh
v.,uchicago_S_Hassan,tohmat.mp3,https://dsal.uchicago.edu/dictionaries/hassan/audio/04149.mp3,,"charge, accuse, lay the blame on, blame",tohmat
n.,uchicago_S_Hassan,tōl.mp3,https://dsal.uchicago.edu/dictionaries/hassan/audio/04150.mp3,,measurement,tōl
v.,uchicago_S_Hassan,tōlun.mp3,https://dsal.uchicago.edu/dictionaries/hassan/audio/04151.mp3,,"to weigh, weigh up, balance, reflect on",tōlun
n.m.,uchicago_S_Hassan,tōlι.mp3,https://dsal.uchicago.edu/dictionaries/hassan/audio/04152.mp3,,weight equivalent to ten grams,tōlι
n.m.,uchicago_S_Hassan,tomul.mp3,https://dsal.uchicago.edu/dictionaries/hassan/audio/04153.mp3,,rice,tomul
n.m.,uchicago_S_Hassan,tomulι-ōṭ.mp3,https://dsal.uchicago.edu/dictionaries/hassan/audio/04154.mp3,,rice flour,tomulι-ōṭ
n.f.,uchicago_S_Hassan,tomulι-ʦuṭ.mp3,https://dsal.uchicago.edu/dictionaries/hassan/audio/04155.mp3,,bread made rice flour,tomulι-ʦuṭ
adj.,uchicago_S_Hassan,ton.mp3,https://dsal.uchicago.edu/dictionaries/hassan/audio/04156.mp3,,"thin, skinny, slim, skeletal",ton
n.f.,uchicago_S_Hassan,tōⁿt.mp3,https://dsal.uchicago.edu/dictionaries/hassan/audio/04157.mp3,,beak,tōⁿt
n.m.,uchicago_S_Hassan,ṭop.mp3,https://dsal.uchicago.edu/dictionaries/hassan/audio/04158.mp3,,ringlet,ṭop
n.m.,uchicago_S_Hassan,ṭōpigur.mp3,https://dsal.uchicago.edu/dictionaries/hassan/audio/04159.mp3,,cap-maker,ṭōpigur
n.m.,uchicago_S_Hassan,tōr.mp3,https://dsal.uchicago.edu/dictionaries/hassan/audio/04160.mp3,,"bar, wedge, lock",tōr
adv.,uchicago_S_Hassan,tōr.mp3,https://dsal.uchicago.edu/dictionaries/hassan/audio/04161.mp3,,"there, that place or point",tōr
adv.,uchicago_S_Hassan,tōrkun.mp3,https://dsal.uchicago.edu/dictionaries/hassan/audio/04162.mp3,,"thither, to or towards that place",tōrkun
n.m.,uchicago_S_Hassan,tōrιʦ.mp3,https://dsal.uchicago.edu/dictionaries/hassan/audio/04163.mp3,,chisel,tōrιʦ
adj.,uchicago_S_Hassan,ṭōṭʰ.mp3,https://dsal.uchicago.edu/dictionaries/hassan/audio/04164.mp3,,"beloved, much-loved, adored, darling, dearly loved",ṭōṭʰ
n.m.,uchicago_S_Hassan,ṭoṭ.mp3,https://dsal.uchicago.edu/dictionaries/hassan/audio/04165.mp3,,"pony, bronco",ṭoṭ
conj.,uchicago_S_Hassan,totāmatʰ.mp3,https://dsal.uchicago.edu/dictionaries/hassan/audio/04166.mp3,,"as far as, in so far as",totāmatʰ
adv.,uchicago_S_Hassan,totām.mp3,https://dsal.uchicago.edu/dictionaries/hassan/audio/04167.mp3,,"up till then, till then",totām
v.,uchicago_S_Hassan,ṭōṭʰ zānun.mp3,https://dsal.uchicago.edu/dictionaries/hassan/audio/04168.mp3,,"to prefer, have a preference, like better, favour",ṭōṭʰ zānun
v.,uchicago_S_Hassan,tāpun.mp3,https://dsal.uchicago.edu/dictionaries/hassan/audio/04169.mp3,,"to heat, cause to be hot",tāpun
v.,uchicago_S_Hassan,ṭapun.mp3,https://dsal.uchicago.edu/dictionaries/hassan/audio/04170.mp3,,"to criticize another unfavourably in his absence, to backbite",ṭapun
adv.,uchicago_S_Hassan,tōtih.mp3,https://dsal.uchicago.edu/dictionaries/hassan/audio/04171.mp3,,"nevertheless, however, even so",tōtih
n.m.,uchicago_S_Hassan,tōtι.mp3,https://dsal.uchicago.edu/dictionaries/hassan/audio/04172.mp3,,parrot,tōtι
adj.,uchicago_S_Hassan,trakur.mp3,https://dsal.uchicago.edu/dictionaries/hassan/audio/04173.mp3,,"stiff, rigid, firm, hard, compact",trakur
n.,uchicago_S_Hassan,trām.mp3,https://dsal.uchicago.edu/dictionaries/hassan/audio/04174.mp3,,copper,trām
v.,uchicago_S_Hassan,trambun.mp3,https://dsal.uchicago.edu/dictionaries/hassan/audio/04175.mp3,,"pierce, prick, vaccination",trambun
n.m.,uchicago_S_Hassan,trašūl.mp3,https://dsal.uchicago.edu/dictionaries/hassan/audio/04176.mp3,,"trident, three pronged spare",trašūl
n.f.,uchicago_S_Hassan,traṭʰ.mp3,https://dsal.uchicago.edu/dictionaries/hassan/audio/04177.mp3,,"thunderstorm, cloudburst, a storm with thunder and lightning, thunder-bolt",traṭʰ
v.,uchicago_S_Hassan,trāvun.mp3,https://dsal.uchicago.edu/dictionaries/hassan/audio/04178.mp3,,"pass over, discount, neglect, disregard, let go, omit, ignore",trāvun
adj.,uchicago_S_Hassan,ṭͻpun.mp3,https://dsal.uchicago.edu/dictionaries/hassan/audio/04179.mp3,,accustomed to bite,ṭͻpun
n.m.,uchicago_S_Hassan,tapāli dev.mp3,https://dsal.uchicago.edu/dictionaries/hassan/audio/04180.mp3,,the demon of plague,tapāli dev
n.,uchicago_S_Hassan,tre.mp3,https://dsal.uchicago.edu/dictionaries/hassan/audio/04181.mp3,,three,tre
n.f.,uchicago_S_Hassan,tapə̄lʸ.mp3,https://dsal.uchicago.edu/dictionaries/hassan/audio/04182.mp3,,"a pestilence, plague, general outbreak of cholera, or the like",tapə̄lʸ
n.f.,uchicago_S_Hassan,trǝkιr.mp3,https://dsal.uchicago.edu/dictionaries/hassan/audio/04183.mp3,,"scale, balance, weighing machine",trǝkιr
n.f.,uchicago_S_Hassan,trēš lagin.mp3,https://dsal.uchicago.edu/dictionaries/hassan/audio/04184.mp3,,"thirst, need for liquids, hunger",trēš lagin
n.f.,uchicago_S_Hassan,trēš.mp3,https://dsal.uchicago.edu/dictionaries/hassan/audio/04185.mp3,,dinking water,trēš
adj.,uchicago_S_Hassan,trēši hot.mp3,https://dsal.uchicago.edu/dictionaries/hassan/audio/04186.mp3,,"thirsty, thirsting , feeling thirst",trēši hot
n.,uchicago_S_Hassan,treyšītʰ.mp3,https://dsal.uchicago.edu/dictionaries/hassan/audio/04187.mp3,,eighty-three,treyšītʰ
adj.,uchicago_S_Hassan,treyšītʰʸum.mp3,https://dsal.uchicago.edu/dictionaries/hassan/audio/04188.mp3,,eighty=third,treyšītʰʸum
adj.,uchicago_S_Hassan,treyum.mp3,https://dsal.uchicago.edu/dictionaries/hassan/audio/04189.mp3,,third,treyum
adv.,uchicago_S_Hassan,treyι laṭi.mp3,https://dsal.uchicago.edu/dictionaries/hassan/audio/04190.mp3,,"thrice, three times",treyι laṭi
n.m.,uchicago_S_Hassan,trošīr.mp3,https://dsal.uchicago.edu/dictionaries/hassan/audio/04191.mp3,,conjunctivitis,trošīr
n.,uchicago_S_Hassan,trowuh.mp3,https://dsal.uchicago.edu/dictionaries/hassan/audio/04192.mp3,,twenty-three,trowuh
adj.,uchicago_S_Hassan,trowuhʸum.mp3,https://dsal.uchicago.edu/dictionaries/hassan/audio/04193.mp3,,twenty-third,trowuhʸum
n.,uchicago_S_Hassan,truhə̄ṭʰ.mp3,https://dsal.uchicago.edu/dictionaries/hassan/audio/04194.mp3,,sixty-three,truhə̄ṭʰ
adj.,uchicago_S_Hassan,truhə̄ṭʰʸum.mp3,https://dsal.uchicago.edu/dictionaries/hassan/audio/04195.mp3,,sixty-third,truhə̄ṭʰʸum
adj.,uchicago_S_Hassan,truk.mp3,https://dsal.uchicago.edu/dictionaries/hassan/audio/04196.mp3,,"quick, clever, bright, quick-thinking, shrewd, sharp, smart, intelligent",truk
n.m.,uchicago_S_Hassan,tōpʰ.mp3,https://dsal.uchicago.edu/dictionaries/hassan/audio/04197.mp3,,"a gun, a cannon, a field-piece",tōpʰ
n.,uchicago_S_Hassan,trunamnamatʰ.mp3,https://dsal.uchicago.edu/dictionaries/hassan/audio/04198.mp3,,ninety-three,trunamnamatʰ
adj.,uchicago_S_Hassan,trunamnamatιhʸum.mp3,https://dsal.uchicago.edu/dictionaries/hassan/audio/04199.mp3,,ninety-third,trunamnamatιhʸum
n.m.,uchicago_S_Hassan,trūⁿʦ.mp3,https://dsal.uchicago.edu/dictionaries/hassan/audio/04200.mp3,,panther- a type of leopard,trūⁿʦ
v.,uchicago_S_Hassan,trus dʸun.mp3,https://dsal.uchicago.edu/dictionaries/hassan/audio/04201.mp3,,"to prick, inject, pierce",trus dʸun
n.,uchicago_S_Hassan,trus.mp3,https://dsal.uchicago.edu/dictionaries/hassan/audio/04202.mp3,,"prick, injection",trus
n.,uchicago_S_Hassan,trusatat.mp3,https://dsal.uchicago.edu/dictionaries/hassan/audio/04203.mp3,,seventy-three,trusatat
adj.,uchicago_S_Hassan,trusǝtatʰʸum.mp3,https://dsal.uchicago.edu/dictionaries/hassan/audio/04204.mp3,,seventy-third,trusǝtatʰʸum
n.,uchicago_S_Hassan,šinι tral.mp3,https://dsal.uchicago.edu/dictionaries/hassan/audio/04205.mp3,,"snow avalanche, mass of frozen snow",šinι tral
n.,uchicago_S_Hassan,truwah.mp3,https://dsal.uchicago.edu/dictionaries/hassan/audio/04206.mp3,,thirteen,truwah
n.,uchicago_S_Hassan,truwanzah.mp3,https://dsal.uchicago.edu/dictionaries/hassan/audio/04207.mp3,,fifty-three,truwanzah
adj.,uchicago_S_Hassan,truwanzǝhʸum.mp3,https://dsal.uchicago.edu/dictionaries/hassan/audio/04208.mp3,,fifty-third,truwanzǝhʸum
adj.,uchicago_S_Hassan,truwǝhʸum.mp3,https://dsal.uchicago.edu/dictionaries/hassan/audio/04209.mp3,,thirteenth,truwǝhʸum
n.,uchicago_S_Hassan,trιh.mp3,https://dsal.uchicago.edu/dictionaries/hassan/audio/04210.mp3,,thirty,trιh
adj.,uchicago_S_Hassan,trιhʸum.mp3,https://dsal.uchicago.edu/dictionaries/hassan/audio/04211.mp3,,thirtieth,trιhʸum
v.,uchicago_S_Hassan,trιt dʸun.mp3,https://dsal.uchicago.edu/dictionaries/hassan/audio/04212.mp3,,"to rend, tear, slit, divide, break",trιt dʸun
n.,uchicago_S_Hassan,trιt.mp3,https://dsal.uchicago.edu/dictionaries/hassan/audio/04213.mp3,,"& v. slit, split, cut, tear",trιt
v.,uchicago_S_Hassan,trə̄witʰ ʦunun.mp3,https://dsal.uchicago.edu/dictionaries/hassan/audio/04214.mp3,,"throw away, offhand, get rid of, dispose of, throw out",trə̄witʰ ʦunun
v.,uchicago_S_Hassan,trə̄witʰ.mp3,https://dsal.uchicago.edu/dictionaries/hassan/audio/04215.mp3,,throw out,trə̄witʰ
n.,uchicago_S_Hassan,tufān.mp3,https://dsal.uchicago.edu/dictionaries/hassan/audio/04216.mp3,,storm,tufān
n.,uchicago_S_Hassan,tuhʸ.mp3,https://dsal.uchicago.edu/dictionaries/hassan/audio/04217.mp3,,you (honourific),tuhʸ
n.f.,uchicago_S_Hassan,ṭukrι.mp3,https://dsal.uchicago.edu/dictionaries/hassan/audio/04218.mp3,,"part, piece, section, branch, fraction",ṭukrι
v.,uchicago_S_Hassan,ṭukrι karin.mp3,https://dsal.uchicago.edu/dictionaries/hassan/audio/04219.mp3,,"piece, part, portion, section, quantity, bit, slice, cut, chunk",ṭukrι karin
n.f.,uchicago_S_Hassan,ṭūkιr.mp3,https://dsal.uchicago.edu/dictionaries/hassan/audio/04220.mp3,,small basket,ṭūkιr
n.f.pl.,uchicago_S_Hassan,tulǝri.mp3,https://dsal.uchicago.edu/dictionaries/hassan/audio/04221.mp3,,wasp,tulǝri
v.,uchicago_S_Hassan,tulnāwun.mp3,https://dsal.uchicago.edu/dictionaries/hassan/audio/04222.mp3,,"cause to change, shift, move, kidnapping",tulnāwun
n.,uchicago_S_Hassan,tulu āftāb.mp3,https://dsal.uchicago.edu/dictionaries/hassan/audio/04223.mp3,,sunrise,tulu āftāb
n.m.,uchicago_S_Hassan,ṭīpʰ.mp3,https://dsal.uchicago.edu/dictionaries/hassan/audio/04224.mp3,,"carping criticism, disparagement",ṭīpʰ
v.,uchicago_S_Hassan,tulun.mp3,https://dsal.uchicago.edu/dictionaries/hassan/audio/04225.mp3,,"to shift, change, transfer, move",tulun
v.,uchicago_S_Hassan,ṭīpʰ ʦaṭin.mp3,https://dsal.uchicago.edu/dictionaries/hassan/audio/04226.mp3,,to disparage,ṭīpʰ ʦaṭin
adj.,uchicago_S_Hassan,tāpuk.mp3,https://dsal.uchicago.edu/dictionaries/hassan/audio/04227.mp3,,"of, or belonging to, or due to, the sun's heat",tāpuk
n.f.,uchicago_S_Hassan,tulιr.mp3,https://dsal.uchicago.edu/dictionaries/hassan/audio/04228.mp3,,wasp,tulιr
n.m.,uchicago_S_Hassan,tūn.mp3,https://dsal.uchicago.edu/dictionaries/hassan/audio/04229.mp3,,"navel, belly buttock",tūn
n.m.,uchicago_S_Hassan,tun-kōḍ.mp3,https://dsal.uchicago.edu/dictionaries/hassan/audio/04230.mp3,,"cerebellum, a part of brain behind and below the cerebrum",tun-kōḍ
n.m.,uchicago_S_Hassan,tāpιdān.mp3,https://dsal.uchicago.edu/dictionaries/hassan/audio/04231.mp3,,"an umbrella, sunshade",tāpιdān
n.f.,uchicago_S_Hassan,ṭūpʸ.mp3,https://dsal.uchicago.edu/dictionaries/hassan/audio/04232.mp3,,"cap, crown",ṭūpʸ
n.m.,uchicago_S_Hassan,ṭūr.mp3,https://dsal.uchicago.edu/dictionaries/hassan/audio/04233.mp3,,"dish, bowl",ṭūr
adj.,uchicago_S_Hassan,turun yekʰ.mp3,https://dsal.uchicago.edu/dictionaries/hassan/audio/04234.mp3,,"frigid, cold, frosty, chilly, freezing",turun yekʰ
adj.,uchicago_S_Hassan,turun.mp3,https://dsal.uchicago.edu/dictionaries/hassan/audio/04235.mp3,,"cold, chilly, icy, bitter, wintry, unfeeling, indifferent, formal, cool",turun
v.,uchicago_S_Hassan,turunāwun.mp3,https://dsal.uchicago.edu/dictionaries/hassan/audio/04236.mp3,,"frigid, cold, frosty, chilly, freezing",turunāwun
n.f.,uchicago_S_Hassan,ṭʸeṭʰwan.mp3,https://dsal.uchicago.edu/dictionaries/hassan/audio/04237.mp3,,Artemisia,ṭʸeṭʰwan
n.m.,uchicago_S_Hassan,ṭʸok.mp3,https://dsal.uchicago.edu/dictionaries/hassan/audio/04238.mp3,,mark on forehead in Hindu,ṭʸok
adj.,uchicago_S_Hassan,troš.mp3,https://dsal.uchicago.edu/dictionaries/hassan/audio/04239.mp3,,"crispy, crunchy, brittle, hard, crisp, crusty, harsh",troš
adj.,uchicago_S_Hassan,tʸūt.mp3,https://dsal.uchicago.edu/dictionaries/hassan/audio/04240.mp3,,"so many, scores of",tʸūt
n.,uchicago_S_Hassan,tῑr.mp3,https://dsal.uchicago.edu/dictionaries/hassan/audio/04241.mp3,,"cold, winter, wintry weather, frost, chill",tῑr
n.m.,uchicago_S_Hassan,tῑrikǝⁿḍ.mp3,https://dsal.uchicago.edu/dictionaries/hassan/audio/04242.mp3,,shivering due to cold,tῑrikǝⁿḍ
n.m.,uchicago_S_Hassan,tə̄būt.mp3,https://dsal.uchicago.edu/dictionaries/hassan/audio/04243.mp3,,coffin,tə̄būt
n.f.,uchicago_S_Hassan,tə̄jli.mp3,https://dsal.uchicago.edu/dictionaries/hassan/audio/04244.mp3,,haste,tə̄jli
n.m.,uchicago_S_Hassan,tə̄libi-ǝlim.mp3,https://dsal.uchicago.edu/dictionaries/hassan/audio/04245.mp3,,"disciple, learner, scholar, pupil, student, follower",tə̄libi-ǝlim
v.,uchicago_S_Hassan,tə̄līm din.mp3,https://dsal.uchicago.edu/dictionaries/hassan/audio/04246.mp3,,"educate, teach, school, train",tə̄līm din
n.f.,uchicago_S_Hassan,tə̄līm.mp3,https://dsal.uchicago.edu/dictionaries/hassan/audio/04247.mp3,,learning,tə̄līm
v.,uchicago_S_Hassan,tə̄r gaʦin.mp3,https://dsal.uchicago.edu/dictionaries/hassan/audio/04248.mp3,,"delay, wait, hindrance, postponement, interruption, stay, suspension, deferral",tə̄r gaʦin
n.,uchicago_S_Hassan,tə̄r.mp3,https://dsal.uchicago.edu/dictionaries/hassan/audio/04249.mp3,,"slowness, lateness, slothfulness",tə̄r
v.,uchicago_S_Hassan,tə̄rīf karin.mp3,https://dsal.uchicago.edu/dictionaries/hassan/audio/04250.mp3,,"praise, pay tribute to, applaud",tə̄rīf karin
n.f.,uchicago_S_Hassan,tə̄rīf.mp3,https://dsal.uchicago.edu/dictionaries/hassan/audio/04251.mp3,,"admiration, commendation, tribute, applause",tə̄rīf
n.m.,uchicago_S_Hassan,tə̄rīk.mp3,https://dsal.uchicago.edu/dictionaries/hassan/audio/04252.mp3,,"date (of time), day, year, time, calendar time",tə̄rīk
n.f.,uchicago_S_Hassan,tə̄rkʰǝⁿḍ.mp3,https://dsal.uchicago.edu/dictionaries/hassan/audio/04253.mp3,,jaw,tə̄rkʰǝⁿḍ
n.f.,uchicago_S_Hassan,tə̄v.mp3,https://dsal.uchicago.edu/dictionaries/hassan/audio/04254.mp3,,frying pan,tə̄v
n.,uchicago_S_Hassan,tə̄zyet pursī.mp3,https://dsal.uchicago.edu/dictionaries/hassan/audio/04255.mp3,,condolences,tə̄zyet pursī
n.f.,uchicago_S_Hassan,ʦādar.mp3,https://dsal.uchicago.edu/dictionaries/hassan/audio/04256.mp3,,"sheet, blanket, coverlet, bedspread",ʦādar
n.f.,uchicago_S_Hassan,ʦādri pǝṭ.mp3,https://dsal.uchicago.edu/dictionaries/hassan/audio/04257.mp3,,blanket,ʦādri pǝṭ
v.,uchicago_S_Hassan,ʦakʰ kʰasʸin.mp3,https://dsal.uchicago.edu/dictionaries/hassan/audio/04258.mp3,,"annoy, irritate, enrage",ʦakʰ kʰasʸin
n.f.,uchicago_S_Hassan,ʦakʰ.mp3,https://dsal.uchicago.edu/dictionaries/hassan/audio/04259.mp3,,"anger, rage, annoyance, resentment",ʦakʰ
n.m.,uchicago_S_Hassan,ṭapʰ.mp3,https://dsal.uchicago.edu/dictionaries/hassan/audio/04260.mp3,,a kick,ṭapʰ
n.m.,uchicago_S_Hassan,ṭōpι.mp3,https://dsal.uchicago.edu/dictionaries/hassan/audio/04261.mp3,,"a kind of cap or head-dress, worn under the turban",ṭōpι
adv.,uchicago_S_Hassan,ʦakʰihot.mp3,https://dsal.uchicago.edu/dictionaries/hassan/audio/04262.mp3,,"fiery, quick tempered, hot blooded, easily roused",ʦakʰihot
adv.,uchicago_S_Hassan,tānetʰ.mp3,https://dsal.uchicago.edu/dictionaries/hassan/audio/04263.mp3,,"for sometime, for a moment, for a time, for a while",tānetʰ
v.,uchicago_S_Hassan,ʦakʰ yin.mp3,https://dsal.uchicago.edu/dictionaries/hassan/audio/04264.mp3,,"irritate, infuriate, enrage",ʦakʰ yin
n.f.,uchicago_S_Hassan,ʦakιj.mp3,https://dsal.uchicago.edu/dictionaries/hassan/audio/04265.mp3,,hip,ʦakιj
n.,uchicago_S_Hassan,ʦalanwōl.mp3,https://dsal.uchicago.edu/dictionaries/hassan/audio/04266.mp3,,"deserter, absconder, traitor, runaway",ʦalanwōl
v.,uchicago_S_Hassan,ʦalitʰyun.mp3,https://dsal.uchicago.edu/dictionaries/hassan/audio/04267.mp3,,"retreat, move back, draw back, withdraw, give ground",ʦalitʰyun
v.,uchicago_S_Hassan,ʦalnāwun.mp3,https://dsal.uchicago.edu/dictionaries/hassan/audio/04268.mp3,,"cause to run, rush",ʦalnāwun
n.,uchicago_S_Hassan,ʦālun.mp3,https://dsal.uchicago.edu/dictionaries/hassan/audio/04269.mp3,,"endurance, staying power, patience, stamina",ʦālun
v.,uchicago_S_Hassan,ʦalun.mp3,https://dsal.uchicago.edu/dictionaries/hassan/audio/04270.mp3,,"flee, run away, escape",ʦalun
n.m.,uchicago_S_Hassan,ʦōⁿg.mp3,https://dsal.uchicago.edu/dictionaries/hassan/audio/04271.mp3,,a lamp,ʦōⁿg
n.f.,uchicago_S_Hassan,ʦam.mp3,https://dsal.uchicago.edu/dictionaries/hassan/audio/04272.mp3,,skin,ʦam
n.m.,uchicago_S_Hassan,ʦāmaḍ.mp3,https://dsal.uchicago.edu/dictionaries/hassan/audio/04273.mp3,,shoe-making,ʦāmaḍ
n.f.,uchicago_S_Hassan,ʦāman.mp3,https://dsal.uchicago.edu/dictionaries/hassan/audio/04274.mp3,,cheese,ʦāman
n.f.,uchicago_S_Hassan,ʦʰāmpʰ.mp3,https://dsal.uchicago.edu/dictionaries/hassan/audio/04275.mp3,,dimness of vision,ʦʰāmpʰ
n.m.,uchicago_S_Hassan,ʦə̄ⁿg gāš.mp3,https://dsal.uchicago.edu/dictionaries/hassan/audio/04276.mp3,,light of a little lamp,ʦə̄ⁿg gāš
v.,uchicago_S_Hassan,ʦamṭān.mp3,https://dsal.uchicago.edu/dictionaries/hassan/audio/04277.mp3,,"shrunken, dried up",ʦamṭān
adj.,uchicago_S_Hassan,ʦamṭʸomut.mp3,https://dsal.uchicago.edu/dictionaries/hassan/audio/04278.mp3,,"withered, shrunken, thin",ʦamṭʸomut
v.,uchicago_S_Hassan,ʦʰāⁿḍun.mp3,https://dsal.uchicago.edu/dictionaries/hassan/audio/04279.mp3,,"insist, require, inquire, plead, need, call for",ʦʰāⁿḍun
n.m.,uchicago_S_Hassan,ʦandun.mp3,https://dsal.uchicago.edu/dictionaries/hassan/audio/04280.mp3,,sadal-wood,ʦandun
v.,uchicago_S_Hassan,ʦʰə̄ⁿḍ din.mp3,https://dsal.uchicago.edu/dictionaries/hassan/audio/04281.mp3,,"to search, look for, rummage around, seek",ʦʰə̄ⁿḍ din
n.m.,uchicago_S_Hassan,ʦʰāⁿḍav.mp3,https://dsal.uchicago.edu/dictionaries/hassan/audio/04282.mp3,,"hunt, search, quest",ʦʰāⁿḍav
v.,uchicago_S_Hassan,ʦāp.mp3,https://dsal.uchicago.edu/dictionaries/hassan/audio/04283.mp3,,"chew, masticate, gnaw, grind, crush, chomp, squash",ʦāp
n.m.,uchicago_S_Hassan,ʦap.mp3,https://dsal.uchicago.edu/dictionaries/hassan/audio/04284.mp3,,"sheaf, cluster, stack",ʦap
adj.,uchicago_S_Hassan,ʦogan.mp3,https://dsal.uchicago.edu/dictionaries/hassan/audio/04285.mp3,,"fourfold, four times as much",ʦogan
v.,uchicago_S_Hassan,ʦāpun.mp3,https://dsal.uchicago.edu/dictionaries/hassan/audio/04286.mp3,,"to chew, masticate, chew up, crush",ʦāpun
n.f.,uchicago_S_Hassan,ʦar.mp3,https://dsal.uchicago.edu/dictionaries/hassan/audio/04287.mp3,,bug,ʦar
v.,uchicago_S_Hassan,ʦognāwun.mp3,https://dsal.uchicago.edu/dictionaries/hassan/audio/04288.mp3,,to make fourfold,ʦognāwun
v.,uchicago_S_Hassan,ʦārun.mp3,https://dsal.uchicago.edu/dictionaries/hassan/audio/04289.mp3,,"select, choose, pick",ʦārun
v.,uchicago_S_Hassan,ʦās karin.mp3,https://dsal.uchicago.edu/dictionaries/hassan/audio/04290.mp3,,"to expel air from the lungs with a sudden effort and noise, cough",ʦās karin
n.f.,uchicago_S_Hassan,ʦās.mp3,https://dsal.uchicago.edu/dictionaries/hassan/audio/04291.mp3,,cough,ʦās
n.m.,uchicago_S_Hassan,ʦāṭʰ.mp3,https://dsal.uchicago.edu/dictionaries/hassan/audio/04292.mp3,,"scholar, researcher, academic, learner",ʦāṭʰ
n.m.,uchicago_S_Hassan,ʦə̄ṭhāl.mp3,https://dsal.uchicago.edu/dictionaries/hassan/audio/04293.mp3,,"school, educational institution, organization",ʦə̄ṭhāl
v.,uchicago_S_Hassan,ʦaṭnāwun.mp3,https://dsal.uchicago.edu/dictionaries/hassan/audio/04294.mp3,,cause to cut,ʦaṭnāwun
v.,uchicago_S_Hassan,ʦaṭun.mp3,https://dsal.uchicago.edu/dictionaries/hassan/audio/04295.mp3,,"bite, chew, eat, bite into, sink your teeth into",ʦaṭun
n.m.,uchicago_S_Hassan,ṭinʸul.mp3,https://dsal.uchicago.edu/dictionaries/hassan/audio/04296.mp3,,"a swelling, bump, or tumour on the forehead",ṭinʸul
n.m.,uchicago_S_Hassan,tunzar.mp3,https://dsal.uchicago.edu/dictionaries/hassan/audio/04297.mp3,,"sharpness, alacrity, keenness",tunzar
n.,uchicago_S_Hassan,tǝnz.mp3,https://dsal.uchicago.edu/dictionaries/hassan/audio/04298.mp3,,"a pile of articles, a basket full of articles",tǝnz
n.,uchicago_S_Hassan,ʦatιjih.mp3,https://dsal.uchicago.edu/dictionaries/hassan/audio/04299.mp3,,forty,ʦatιjih
n.m.,uchicago_S_Hassan,ʦʰāwul.mp3,https://dsal.uchicago.edu/dictionaries/hassan/audio/04300.mp3,,goat,ʦʰāwul
n.f.,uchicago_S_Hassan,ʦʰāwιj.mp3,https://dsal.uchicago.edu/dictionaries/hassan/audio/04301.mp3,,female-goat,ʦʰāwιj
adj.,uchicago_S_Hassan,ṭīnuv.mp3,https://dsal.uchicago.edu/dictionaries/hassan/audio/04302.mp3,,made of tin,ṭīnuv
n.m.,uchicago_S_Hassan,"""ʦ,ʰāwιl māz"".mp3",https://dsal.uchicago.edu/dictionaries/hassan/audio/04303.mp3,,goat’s flesh,"""ʦ,ʰāwιl māz"""
n.f.,uchicago_S_Hassan,ʦʰāy.mp3,https://dsal.uchicago.edu/dictionaries/hassan/audio/04304.mp3,,"dark, shadow, shadow",ʦʰāy
n.f.,uchicago_S_Hassan,ʦʰɔcʸer.mp3,https://dsal.uchicago.edu/dictionaries/hassan/audio/04305.mp3,,"shortness, smallness, tininess",ʦʰɔcʸer
v.,uchicago_S_Hassan,ʦɔkun.mp3,https://dsal.uchicago.edu/dictionaries/hassan/audio/04306.mp3,,"go sour, curdle, go off, turn",ʦɔkun
n.f.,uchicago_S_Hassan,ʦɔl.mp3,https://dsal.uchicago.edu/dictionaries/hassan/audio/04307.mp3,,"hearth, fireplace, grate",ʦɔl
v.,uchicago_S_Hassan,ʦʰɔpι karin.mp3,https://dsal.uchicago.edu/dictionaries/hassan/audio/04308.mp3,,"make quiet, put an end to, stop silence",ʦʰɔpι karin
n.f.,uchicago_S_Hassan,ʦʰɔpι.mp3,https://dsal.uchicago.edu/dictionaries/hassan/audio/04309.mp3,,"silence, quiet, peace, calm",ʦʰɔpι
n.,uchicago_S_Hassan,ʦɔyšītʰ.mp3,https://dsal.uchicago.edu/dictionaries/hassan/audio/04310.mp3,,eighty-four,ʦɔyšītʰ
adj.,uchicago_S_Hassan,ʦɔyšītʰʸum.mp3,https://dsal.uchicago.edu/dictionaries/hassan/audio/04311.mp3,,eighty-fourth,ʦɔyšītʰʸum
n.,uchicago_S_Hassan,ʦɔytrιh.mp3,https://dsal.uchicago.edu/dictionaries/hassan/audio/04312.mp3,,thirty-four,ʦɔytrιh
adj.,uchicago_S_Hassan,ʦɔytrιhʸum.mp3,https://dsal.uchicago.edu/dictionaries/hassan/audio/04313.mp3,,thirty-fourth,ʦɔytrιhʸum
adj.,uchicago_S_Hassan,ʦeḍʸ karin.mp3,https://dsal.uchicago.edu/dictionaries/hassan/audio/04314.mp3,,"wait, bide your time, wait and see, play the waiting game, patient",ʦeḍʸ karin
v.,uchicago_S_Hassan,ʦeḍʸ henʸ.mp3,https://dsal.uchicago.edu/dictionaries/hassan/audio/04315.mp3,,to tolerate,ʦeḍʸ henʸ
n.f.,uchicago_S_Hassan,tə̄ⁿʦ.mp3,https://dsal.uchicago.edu/dictionaries/hassan/audio/04316.mp3,,a kind of tiny earring of gold or silver,tə̄ⁿʦ
n.m.,uchicago_S_Hassan,ʦokʸer.mp3,https://dsal.uchicago.edu/dictionaries/hassan/audio/04317.mp3,,"acidity, sourness, bitterness",ʦokʸer
v.,uchicago_S_Hassan,ʦǝlrāwun.mp3,https://dsal.uchicago.edu/dictionaries/hassan/audio/04318.mp3,,"disperse, scatter go away, break up, dissolve, disappear, melt away",ʦǝlrāwun
v.,uchicago_S_Hassan,ʦǝmbun.mp3,https://dsal.uchicago.edu/dictionaries/hassan/audio/04319.mp3,,ear or nose to bore,ʦǝmbun
adj.,uchicago_S_Hassan,ʦeⁿguwun.mp3,https://dsal.uchicago.edu/dictionaries/hassan/audio/04320.mp3,,"merry, happy, joyous",ʦeⁿguwun
v.,uchicago_S_Hassan,ʦēnun.mp3,https://dsal.uchicago.edu/dictionaries/hassan/audio/04321.mp3,,"feel, suffer, undergo",ʦēnun
v.,uchicago_S_Hassan,ʦēr.mp3,https://dsal.uchicago.edu/dictionaries/hassan/audio/04322.mp3,,"delay, defer, reschedule, pause, slow down, obstruct",ʦēr
n.,uchicago_S_Hassan,tinkι.mp3,https://dsal.uchicago.edu/dictionaries/hassan/audio/04323.mp3,,"tiny bits, scraps",tinkι
n.m.,uchicago_S_Hassan,ʦǝr.mp3,https://dsal.uchicago.edu/dictionaries/hassan/audio/04324.mp3,,sparrow,ʦǝr
n.f.,uchicago_S_Hassan,ʦēr.mp3,https://dsal.uchicago.edu/dictionaries/hassan/audio/04325.mp3,,apricot,ʦēr
v.,uchicago_S_Hassan,ʦetas pāvun.mp3,https://dsal.uchicago.edu/dictionaries/hassan/audio/04326.mp3,,"recollect, recall, call to mind, think of",ʦetas pāvun
n.f.,uchicago_S_Hassan,ʦetas.mp3,https://dsal.uchicago.edu/dictionaries/hassan/audio/04327.mp3,,"recollection, remembrance, memory, recall",ʦetas
v.,uchicago_S_Hassan,ʦēṭun.mp3,https://dsal.uchicago.edu/dictionaries/hassan/audio/04328.mp3,,"pound, grind, mash",ʦēṭun
v.,uchicago_S_Hassan,ʦʰeṭun.mp3,https://dsal.uchicago.edu/dictionaries/hassan/audio/04329.mp3,,fail to maintain purity,ʦʰeṭun
v.,uchicago_S_Hassan,ʦʰal karin.mp3,https://dsal.uchicago.edu/dictionaries/hassan/audio/04330.mp3,,"trick, deceive, hoax, swindle, trap",ʦʰal karin
n.f.,uchicago_S_Hassan,ʦʰāwǝji-mongιr.mp3,https://dsal.uchicago.edu/dictionaries/hassan/audio/04331.mp3,,"kid, a young goat",ʦʰāwǝji-mongιr
n.m.,uchicago_S_Hassan,ʦʰomb.mp3,https://dsal.uchicago.edu/dictionaries/hassan/audio/04332.mp3,,"trick, deception, hoax, swindle, trap",ʦʰomb
adj.,uchicago_S_Hassan,ʦʰor.mp3,https://dsal.uchicago.edu/dictionaries/hassan/audio/04333.mp3,,"empty, unfilled, bare",ʦʰor
n.,uchicago_S_Hassan,ʦʰoṭ.mp3,https://dsal.uchicago.edu/dictionaries/hassan/audio/04334.mp3,,"leftovers, what's left, remainder, rest, residue",ʦʰoṭ
n.m.,uchicago_S_Hassan,ʦʰͻṭʰ.mp3,https://dsal.uchicago.edu/dictionaries/hassan/audio/04335.mp3,,litter,ʦʰͻṭʰ
v.,uchicago_S_Hassan,ʦʰraṭʰ dιnin.mp3,https://dsal.uchicago.edu/dictionaries/hassan/audio/04336.mp3,,to fret,ʦʰraṭʰ dιnin
v.,uchicago_S_Hassan,ʦʰununι.mp3,https://dsal.uchicago.edu/dictionaries/hassan/audio/04337.mp3,,"cast off, discard, shed",ʦʰununι
n.f.,uchicago_S_Hassan,ʦinι.mp3,https://dsal.uchicago.edu/dictionaries/hassan/audio/04338.mp3,,"coal, charcoal",ʦinι
n.m.,uchicago_S_Hassan,ʦoḍ.mp3,https://dsal.uchicago.edu/dictionaries/hassan/audio/04339.mp3,,"small water-vessel, container",ʦoḍ
adj.,uchicago_S_Hassan,ʦok.mp3,https://dsal.uchicago.edu/dictionaries/hassan/audio/04340.mp3,,"acid, sour, vinegary",ʦok
n.m.,uchicago_S_Hassan,ʦok.mp3,https://dsal.uchicago.edu/dictionaries/hassan/audio/04341.mp3,,"bottom, base, underneath, foundation, foot, floor, origin, source, foundation",ʦok
adj.,uchicago_S_Hassan,ʦok ātaš.mp3,https://dsal.uchicago.edu/dictionaries/hassan/audio/04342.mp3,,sour,ʦok ātaš
v.,uchicago_S_Hassan,ʦokān.mp3,https://dsal.uchicago.edu/dictionaries/hassan/audio/04343.mp3,,"curdle, go sour, go off",ʦokān
adj.,uchicago_S_Hassan,ʦokʸrār.mp3,https://dsal.uchicago.edu/dictionaries/hassan/audio/04344.mp3,,"unpleasant, bad-tempered, bitter, acid, sourness",ʦokʸrār
v.,uchicago_S_Hassan,ʦolι.mp3,https://dsal.uchicago.edu/dictionaries/hassan/audio/04345.mp3,,"escaped, abscond, flee, run off",ʦolι
n.f.,uchicago_S_Hassan,ʦə̄ⁿgij.mp3,https://dsal.uchicago.edu/dictionaries/hassan/audio/04346.mp3,,mat,ʦə̄ⁿgij
v.,uchicago_S_Hassan,ʦop.mp3,https://dsal.uchicago.edu/dictionaries/hassan/audio/04347.mp3,,"& n. bite, sink your teeth into bite off bite into crunch into mouthful",ʦop
adj.,uchicago_S_Hassan,ʦʰop.mp3,https://dsal.uchicago.edu/dictionaries/hassan/audio/04348.mp3,,"silent, quiet, noiseless",ʦʰop
adv.,uchicago_S_Hassan,ʦʰopι kǝritʰ.mp3,https://dsal.uchicago.edu/dictionaries/hassan/audio/04349.mp3,,"quietly, silently, gently, softly, in silence",ʦʰopι kǝritʰ
adj.,uchicago_S_Hassan,ʦor.mp3,https://dsal.uchicago.edu/dictionaries/hassan/audio/04350.mp3,,"extra, more, added",ʦor
n.,uchicago_S_Hassan,ʦōr.mp3,https://dsal.uchicago.edu/dictionaries/hassan/audio/04351.mp3,,four,ʦōr
adv.,uchicago_S_Hassan,ʦor.mp3,https://dsal.uchicago.edu/dictionaries/hassan/audio/04352.mp3,,"very, enormously, incredibly, exceedingly, especially",ʦor
n.m.,uchicago_S_Hassan,ʦoruʦ.mp3,https://dsal.uchicago.edu/dictionaries/hassan/audio/04353.mp3,,wedge,ʦoruʦ
n.f.pl.,uchicago_S_Hassan,ʦͻci.mp3,https://dsal.uchicago.edu/dictionaries/hassan/audio/04354.mp3,,bread,ʦͻci
n.f.sg.,uchicago_S_Hassan,ʦoṭ.mp3,https://dsal.uchicago.edu/dictionaries/hassan/audio/04355.mp3,,bread,ʦoṭ
v.,uchicago_S_Hassan,ʦʰāⁿḍay.mp3,https://dsal.uchicago.edu/dictionaries/hassan/audio/04356.mp3,,searching in a house,ʦʰāⁿḍay
v.,uchicago_S_Hassan,ʦʰoṭrāwun.mp3,https://dsal.uchicago.edu/dictionaries/hassan/audio/04357.mp3,,"shorten, cut down, cut, abbreviate, condense, abridge",ʦʰoṭrāwun
n.,uchicago_S_Hassan,ʦowuh.mp3,https://dsal.uchicago.edu/dictionaries/hassan/audio/04358.mp3,,twenty-four,ʦowuh
adj.,uchicago_S_Hassan,ʦowuhʸum.mp3,https://dsal.uchicago.edu/dictionaries/hassan/audio/04359.mp3,,twenty-fourth,ʦowuhʸum
n.,uchicago_S_Hassan,ʦoytə̄jih.mp3,https://dsal.uchicago.edu/dictionaries/hassan/audio/04360.mp3,,forty-four,ʦoytə̄jih
adj.,uchicago_S_Hassan,ʦoytə̄jihʸum.mp3,https://dsal.uchicago.edu/dictionaries/hassan/audio/04361.mp3,,forty-fourth,ʦoytə̄jihʸum
v.,uchicago_S_Hassan,ʦrāⁿṭ wāyin.mp3,https://dsal.uchicago.edu/dictionaries/hassan/audio/04362.mp3,,to swim,ʦrāⁿṭ wāyin
n.f.,uchicago_S_Hassan,ʦrāⁿṭ.mp3,https://dsal.uchicago.edu/dictionaries/hassan/audio/04363.mp3,,swimming,ʦrāⁿṭ
n.m.,uchicago_S_Hassan,ʦrāⁿṭʰal.mp3,https://dsal.uchicago.edu/dictionaries/hassan/audio/04364.mp3,,swimmer,ʦrāⁿṭʰal
adj.,uchicago_S_Hassan,ʦraṭ.mp3,https://dsal.uchicago.edu/dictionaries/hassan/audio/04365.mp3,,"treacherous, trembling, unstable, rocky",ʦraṭ
n.,uchicago_S_Hassan,ʦucι.mp3,https://dsal.uchicago.edu/dictionaries/hassan/audio/04366.mp3,,"foursome, quartet",ʦucι
v.,uchicago_S_Hassan,ʦuhun.mp3,https://dsal.uchicago.edu/dictionaries/hassan/audio/04367.mp3,,"test, taste, try, suck",ʦuhun
n.,uchicago_S_Hassan,ʦuhə̄ṭʰ.mp3,https://dsal.uchicago.edu/dictionaries/hassan/audio/04368.mp3,,sixty-four,ʦuhə̄ṭʰ
adj.,uchicago_S_Hassan,ʦuhə̄ṭʰʸum.mp3,https://dsal.uchicago.edu/dictionaries/hassan/audio/04369.mp3,,sixty-fourth,ʦuhə̄ṭʰʸum
n.,uchicago_S_Hassan,ʦunamatʰ.mp3,https://dsal.uchicago.edu/dictionaries/hassan/audio/04370.mp3,,ninety-four,ʦunamatʰ
adj.,uchicago_S_Hassan,ʦunamtιhʸum.mp3,https://dsal.uchicago.edu/dictionaries/hassan/audio/04371.mp3,,ninety-fourth,ʦunamtιhʸum
n.m.,uchicago_S_Hassan,ʦūⁿṭ kul.mp3,https://dsal.uchicago.edu/dictionaries/hassan/audio/04372.mp3,,apple tree,ʦūⁿṭ kul
n.m.,uchicago_S_Hassan,ʦūⁿṭ.mp3,https://dsal.uchicago.edu/dictionaries/hassan/audio/04373.mp3,,apple,ʦūⁿṭ
n.m.,uchicago_S_Hassan,ʦunun.mp3,https://dsal.uchicago.edu/dictionaries/hassan/audio/04374.mp3,,peach,ʦunun
v.,uchicago_S_Hassan,ʦʰunun.mp3,https://dsal.uchicago.edu/dictionaries/hassan/audio/04375.mp3,,"to clothe, dress, fit out, attir, cover",ʦʰunun
v.,uchicago_S_Hassan,ʦūr karin.mp3,https://dsal.uchicago.edu/dictionaries/hassan/audio/04376.mp3,,"to steal, rob",ʦūr karin
n.m.,uchicago_S_Hassan,ʦūr.mp3,https://dsal.uchicago.edu/dictionaries/hassan/audio/04377.mp3,,"burglar, thief, robber, intruder, housebreaker, criminal",ʦūr
n.f.,uchicago_S_Hassan,ʦʰoⁿgι laṭιr.mp3,https://dsal.uchicago.edu/dictionaries/hassan/audio/04378.mp3,,a top knot tail,ʦʰoⁿgι laṭιr
n.m.pl.,uchicago_S_Hassan,ʦʰōⁿgι tulʸ.mp3,https://dsal.uchicago.edu/dictionaries/hassan/audio/04379.mp3,,hair,ʦʰōⁿgι tulʸ
n.f.,uchicago_S_Hassan,ṭaⁿgι hə̄ṭ.mp3,https://dsal.uchicago.edu/dictionaries/hassan/audio/04380.mp3,,made of pear-wood,ṭaⁿgι hə̄ṭ
v.,uchicago_S_Hassan,ʦūri nʸun.mp3,https://dsal.uchicago.edu/dictionaries/hassan/audio/04381.mp3,,"steal, take, pocket, thieve, rob",ʦūri nʸun
adv.,uchicago_S_Hassan,ʦūrih.mp3,https://dsal.uchicago.edu/dictionaries/hassan/audio/04382.mp3,,"furtively, secretively",ʦūrih
adv.,uchicago_S_Hassan,ʦūrih-ʦūrih.mp3,https://dsal.uchicago.edu/dictionaries/hassan/audio/04383.mp3,,"stealthily, silently, sneakily, covertly",ʦūrih-ʦūrih
adj.,uchicago_S_Hassan,ʦūrʸum.mp3,https://dsal.uchicago.edu/dictionaries/hassan/audio/04384.mp3,,fourth,ʦūrʸum
n.,uchicago_S_Hassan,ʦusatat.mp3,https://dsal.uchicago.edu/dictionaries/hassan/audio/04385.mp3,,seventy-four,ʦusatat
adj.,uchicago_S_Hassan,ʦusatʰʸum.mp3,https://dsal.uchicago.edu/dictionaries/hassan/audio/04386.mp3,,seventy-fourth,ʦusatʰʸum
v.,uchicago_S_Hassan,ʦʰoṭ karun.mp3,https://dsal.uchicago.edu/dictionaries/hassan/audio/04387.mp3,,"shorten, cut down, cut, abbreviate, condense, abridge",ʦʰoṭ karun
n.,uchicago_S_Hassan,ʦuwanzah.mp3,https://dsal.uchicago.edu/dictionaries/hassan/audio/04388.mp3,,fifty-four,ʦuwanzah
adj.,uchicago_S_Hassan,ʦuwanzǝhʸum.mp3,https://dsal.uchicago.edu/dictionaries/hassan/audio/04389.mp3,,fifty-fourth,ʦuwanzǝhʸum
interj.,uchicago_S_Hassan,wāhy.mp3,https://dsal.uchicago.edu/dictionaries/hassan/audio/04390.mp3,,"a cry indicating sickness, pain, or sorrow; Ah!",wāhy
n.m.,uchicago_S_Hassan,ʦʸun.mp3,https://dsal.uchicago.edu/dictionaries/hassan/audio/04391.mp3,,"pillar, support, tower of strength, support",ʦʸun
n.,uchicago_S_Hassan,ʦι.mp3,https://dsal.uchicago.edu/dictionaries/hassan/audio/04392.mp3,,you,ʦι
n.,uchicago_S_Hassan,ʦιh.mp3,https://dsal.uchicago.edu/dictionaries/hassan/audio/04393.mp3,,suck,ʦιh
v.,uchicago_S_Hassan,ʦιjʸ.mp3,https://dsal.uchicago.edu/dictionaries/hassan/audio/04394.mp3,,"escaped, runaway, run off, flee, abscond",ʦιjʸ
n.f.,uchicago_S_Hassan,ʦιndιrwār.mp3,https://dsal.uchicago.edu/dictionaries/hassan/audio/04395.mp3,,"Monday, the second day the week",ʦιndιrwār
v.,uchicago_S_Hassan,ʦə̄r.mp3,https://dsal.uchicago.edu/dictionaries/hassan/audio/04396.mp3,,"choose, pick, opt for, select, single out",ʦə̄r
n.m.,uchicago_S_Hassan,uhdι.mp3,https://dsal.uchicago.edu/dictionaries/hassan/audio/04397.mp3,,"rank, status, class",uhdι
adj.,uchicago_S_Hassan,ummēd-rustι.mp3,https://dsal.uchicago.edu/dictionaries/hassan/audio/04398.mp3,,"desperate, anxious, worried, distressed, hopeless",ummēd-rustι
n.f.,uchicago_S_Hassan,obιj.mp3,https://dsal.uchicago.edu/dictionaries/hassan/audio/04399.mp3,,"a certain wild plant growing in dry ground in the beginning of spring, Rumex",obιj
v.,uchicago_S_Hassan,umīd tʰawin.mp3,https://dsal.uchicago.edu/dictionaries/hassan/audio/04400.mp3,,to hope,umīd tʰawin
n.f.,uchicago_S_Hassan,umιr.mp3,https://dsal.uchicago.edu/dictionaries/hassan/audio/04401.mp3,,"life-time, span",umιr
n.f.,uchicago_S_Hassan,uⁿgij.mp3,https://dsal.uchicago.edu/dictionaries/hassan/audio/04402.mp3,,finger,uⁿgij
n.m.,uchicago_S_Hassan,ūⁿṭ.mp3,https://dsal.uchicago.edu/dictionaries/hassan/audio/04403.mp3,,camel,ūⁿṭ
n.f.,uchicago_S_Hassan,ūⁿṭʸen.mp3,https://dsal.uchicago.edu/dictionaries/hassan/audio/04404.mp3,,camel,ūⁿṭʸen
n.f.,uchicago_S_Hassan,utāwlι.mp3,https://dsal.uchicago.edu/dictionaries/hassan/audio/04405.mp3,,"fickleness, pickiness, nitpickiness",utāwlι
adj.,uchicago_S_Hassan,vasih.mp3,https://dsal.uchicago.edu/dictionaries/hassan/audio/04406.mp3,,"vast, immense, huge, infinite, measureless",vasih
v.,uchicago_S_Hassan,vātnāwun.mp3,https://dsal.uchicago.edu/dictionaries/hassan/audio/04407.mp3,,"convey, communicate, pass on, transmit, send",vātnāwun
n.f.,uchicago_S_Hassan,vecʰer.mp3,https://dsal.uchicago.edu/dictionaries/hassan/audio/04408.mp3,,"fatness, obesity, flabbiness",vecʰer
n.,uchicago_S_Hassan,vǝkīl.mp3,https://dsal.uchicago.edu/dictionaries/hassan/audio/04409.mp3,,"advocate, supporter, believer, sponsor",vǝkīl
adv.,uchicago_S_Hassan,vǝlʸ vǝlʸ.mp3,https://dsal.uchicago.edu/dictionaries/hassan/audio/04410.mp3,,"all at once, at the same time, all of a sudden",vǝlʸ vǝlʸ
n.m.,uchicago_S_Hassan,vennι.mp3,https://dsal.uchicago.edu/dictionaries/hassan/audio/04411.mp3,,peppermint,vennι
v.,uchicago_S_Hassan,veṭʰun.mp3,https://dsal.uchicago.edu/dictionaries/hassan/audio/04412.mp3,,put on weight,veṭʰun
v.,uchicago_S_Hassan,veʦār karun.mp3,https://dsal.uchicago.edu/dictionaries/hassan/audio/04413.mp3,,"to imagine, envision, visualize",veʦār karun
v.,uchicago_S_Hassan,veʦārun.mp3,https://dsal.uchicago.edu/dictionaries/hassan/audio/04414.mp3,,"consider, think about, ponder, take into account",veʦārun
n.f.,uchicago_S_Hassan,vetʰ.mp3,https://dsal.uchicago.edu/dictionaries/hassan/audio/04415.mp3,,river,vetʰ
n.f.,uchicago_S_Hassan,veʦʰay.mp3,https://dsal.uchicago.edu/dictionaries/hassan/audio/04416.mp3,,"necessity, need, requirement, essential",veʦʰay
v.,uchicago_S_Hassan,veʦʰιnun.mp3,https://dsal.uchicago.edu/dictionaries/hassan/audio/04417.mp3,,"tease out, get to the bottom of, unearth, figure out",veʦʰιnun
n.,uchicago_S_Hassan,virām.mp3,https://dsal.uchicago.edu/dictionaries/hassan/audio/04418.mp3,,"rod, pole, bar",virām
n.f.,uchicago_S_Hassan,vιzmalι.mp3,https://dsal.uchicago.edu/dictionaries/hassan/audio/04419.mp3,,lightning,vιzmalι
n.f.,uchicago_S_Hassan,vιzmalι-ti-gagrāy.mp3,https://dsal.uchicago.edu/dictionaries/hassan/audio/04420.mp3,,thunder and lightning,vιzmalι-ti-gagrāy
n.m.,uchicago_S_Hassan,və̄rdāt.mp3,https://dsal.uchicago.edu/dictionaries/hassan/audio/04421.mp3,,"accident, mistake, misfortune, upset, catastrophe",və̄rdāt
n.f.,uchicago_S_Hassan,wacʰιkāni.mp3,https://dsal.uchicago.edu/dictionaries/hassan/audio/04422.mp3,,hypochondria,wacʰιkāni
v.,uchicago_S_Hassan,wādι karun.mp3,https://dsal.uchicago.edu/dictionaries/hassan/audio/04423.mp3,,"to pledge, promise, swear, give your word",wādι karun
n.f.,uchicago_S_Hassan,wādi.mp3,https://dsal.uchicago.edu/dictionaries/hassan/audio/04424.mp3,,"valley, vale",wādi
v.,uchicago_S_Hassan,wadnāwun.mp3,https://dsal.uchicago.edu/dictionaries/hassan/audio/04425.mp3,,to make to weep,wadnāwun
n.,uchicago_S_Hassan,wadun.mp3,https://dsal.uchicago.edu/dictionaries/hassan/audio/04426.mp3,,"lamenting, weeping, crying",wadun
v.,uchicago_S_Hassan,wadān.mp3,https://dsal.uchicago.edu/dictionaries/hassan/audio/04427.mp3,,"weep, cry",wadān
v.,uchicago_S_Hassan,wād karun.mp3,https://dsal.uchicago.edu/dictionaries/hassan/audio/04428.mp3,,"oppose, go up against, resist, be against, argue with, contradict",wād karun
n.m.,uchicago_S_Hassan,wādιband.mp3,https://dsal.uchicago.edu/dictionaries/hassan/audio/04429.mp3,,"pledge, guarantee, oath, undertaking",wādιband
adj.,uchicago_S_Hassan,wafādār.mp3,https://dsal.uchicago.edu/dictionaries/hassan/audio/04430.mp3,,"closeness, faithfulness, truthfulness",wafādār
n.m.,uchicago_S_Hassan,wag.mp3,https://dsal.uchicago.edu/dictionaries/hassan/audio/04431.mp3,,"tether, a rope for tying an animal",wag
v.,uchicago_S_Hassan,wagas tʰāwun.mp3,https://dsal.uchicago.edu/dictionaries/hassan/audio/04432.mp3,,to fasten with a tether,wagas tʰāwun
v.,uchicago_S_Hassan,wagun.mp3,https://dsal.uchicago.edu/dictionaries/hassan/audio/04433.mp3,,flow,wagun
n.m.,uchicago_S_Hassan,waguv wōnanwōl.mp3,https://dsal.uchicago.edu/dictionaries/hassan/audio/04434.mp3,,"mat-maker, weaver",waguv wōnanwōl
n.m.,uchicago_S_Hassan,waguv.mp3,https://dsal.uchicago.edu/dictionaries/hassan/audio/04435.mp3,,mat,waguv
n.f.,uchicago_S_Hassan,wahrāt.mp3,https://dsal.uchicago.edu/dictionaries/hassan/audio/04436.mp3,,"rainy season, monsoon, torrential rain",wahrāt
v.,uchicago_S_Hassan,wahrāwun.mp3,https://dsal.uchicago.edu/dictionaries/hassan/audio/04437.mp3,,"unwrap, open, unpack",wahrāwun
n.m.,uchicago_S_Hassan,wāhwelā.mp3,https://dsal.uchicago.edu/dictionaries/hassan/audio/04438.mp3,,"lamentation, weeping, expression of grief, howling",wāhwelā
n.,uchicago_S_Hassan,wajah.mp3,https://dsal.uchicago.edu/dictionaries/hassan/audio/04439.mp3,,"reason, motive, purpose, object",wajah
n.m.,uchicago_S_Hassan,wākā.mp3,https://dsal.uchicago.edu/dictionaries/hassan/audio/04440.mp3,,"event, happening, episode, incident",wākā
v.,uchicago_S_Hassan,wakʰt guzārun.mp3,https://dsal.uchicago.edu/dictionaries/hassan/audio/04441.mp3,,"spend time, chill out, go around",wakʰt guzārun
n.m.,uchicago_S_Hassan,wakt.mp3,https://dsal.uchicago.edu/dictionaries/hassan/audio/04442.mp3,,"time, past, present, future",wakt
n.m.,uchicago_S_Hassan,wāl.mp3,https://dsal.uchicago.edu/dictionaries/hassan/audio/04443.mp3,,hair,wāl
n.m.,uchicago_S_Hassan,walī.mp3,https://dsal.uchicago.edu/dictionaries/hassan/audio/04444.mp3,,saint,walī
v.,uchicago_S_Hassan,walun.mp3,https://dsal.uchicago.edu/dictionaries/hassan/audio/04445.mp3,,"cover, dress, attire, clothe",walun
v.,uchicago_S_Hassan,wālun.mp3,https://dsal.uchicago.edu/dictionaries/hassan/audio/04446.mp3,,"degrade, disgrace, shame, humiliate",wālun
adj.,uchicago_S_Hassan,wājelʸ.mp3,https://dsal.uchicago.edu/dictionaries/hassan/audio/04447.mp3,,wearing a finger-ring,wājelʸ
n.m.,uchicago_S_Hassan,wujārι.mp3,https://dsal.uchicago.edu/dictionaries/hassan/audio/04448.mp3,,"laid waste, devastated, demolished",wujārι
n.f.,uchicago_S_Hassan,vǝj mǝʦ.mp3,https://dsal.uchicago.edu/dictionaries/hassan/audio/04449.mp3,,"covered, wraped, coated, enveloped",vǝj mǝʦ
adj.,uchicago_S_Hassan,wιcāpι pῑṭʰ.mp3,https://dsal.uchicago.edu/dictionaries/hassan/audio/04450.mp3,,"unfit, improper, unsuitable, inefficient, unfit to be done",wιcāpι pῑṭʰ
v.,uchicago_S_Hassan,wujārι gaʦʰun.mp3,https://dsal.uchicago.edu/dictionaries/hassan/audio/04451.mp3,,"to become utterly ruined, demolished",wujārι gaʦʰun
adj.,uchicago_S_Hassan,wālvin.mp3,https://dsal.uchicago.edu/dictionaries/hassan/audio/04452.mp3,,"pregnant, with child, expectant, expecting, heavy with child",wālvin
v.,uchicago_S_Hassan,walʸut.mp3,https://dsal.uchicago.edu/dictionaries/hassan/audio/04453.mp3,,wrap,walʸut
v.,uchicago_S_Hassan,walι.mp3,https://dsal.uchicago.edu/dictionaries/hassan/audio/04454.mp3,,come!,walι
v.,uchicago_S_Hassan,wujārun.mp3,https://dsal.uchicago.edu/dictionaries/hassan/audio/04455.mp3,,"to destroy utterly, raze to the ground, ruin",wujārun
v.,uchicago_S_Hassan,walιnāwun.mp3,https://dsal.uchicago.edu/dictionaries/hassan/audio/04456.mp3,,"to dress another, cause to clothe",walιnāwun
v.,uchicago_S_Hassan,wan wan karun.mp3,https://dsal.uchicago.edu/dictionaries/hassan/audio/04457.mp3,,"to yap, bark, yelp",wan wan karun
n.m.,uchicago_S_Hassan,wan.mp3,https://dsal.uchicago.edu/dictionaries/hassan/audio/04458.mp3,,"forest, woodland",wan
n.m.,uchicago_S_Hassan,wān.mp3,https://dsal.uchicago.edu/dictionaries/hassan/audio/04459.mp3,,shop,wān
n.m.,uchicago_S_Hassan,wāndur.mp3,https://dsal.uchicago.edu/dictionaries/hassan/audio/04460.mp3,,Monkey,wāndur
n.m.,uchicago_S_Hassan,waⁿdι.mp3,https://dsal.uchicago.edu/dictionaries/hassan/audio/04461.mp3,,"cold season, winter, wintry weather",waⁿdι
n.m.,uchicago_S_Hassan,wūⁿk.mp3,https://dsal.uchicago.edu/dictionaries/hassan/audio/04462.mp3,,a carved arch or curvature over or a similar pattern,wūⁿk
n.m.,uchicago_S_Hassan,wāⁿgij.mp3,https://dsal.uchicago.edu/dictionaries/hassan/audio/04463.mp3,,"tenant, lessee, occupant, paying guest, resident, leaseholder",wāⁿgij
v.,uchicago_S_Hassan,wāⁿk pārin.mp3,https://dsal.uchicago.edu/dictionaries/hassan/audio/04464.mp3,,to plait,wāⁿk pārin
n.f.,uchicago_S_Hassan,wāⁿk.mp3,https://dsal.uchicago.edu/dictionaries/hassan/audio/04465.mp3,,"plait, tress",wāⁿk
n.m.,uchicago_S_Hassan,wāⁿkι pān.mp3,https://dsal.uchicago.edu/dictionaries/hassan/audio/04466.mp3,,something like decorated artificial plaits,wāⁿkι pān
adj.,uchicago_S_Hassan,wāⁿs.mp3,https://dsal.uchicago.edu/dictionaries/hassan/audio/04467.mp3,,"age, get older, mature",wāⁿs
v.,uchicago_S_Hassan,wanun.mp3,https://dsal.uchicago.edu/dictionaries/hassan/audio/04468.mp3,,"say, express, voice, speak",wanun
v.,uchicago_S_Hassan,wesrun.mp3,https://dsal.uchicago.edu/dictionaries/hassan/audio/04469.mp3,,"shiver, to be nervous",wesrun
v.,uchicago_S_Hassan,wanwān.mp3,https://dsal.uchicago.edu/dictionaries/hassan/audio/04470.mp3,,"singing, playing, in performance, on stage",wanwān
n.m.,uchicago_S_Hassan,wanwun.mp3,https://dsal.uchicago.edu/dictionaries/hassan/audio/04471.mp3,,cultural songs of Kashmir,wanwun
n.f.,uchicago_S_Hassan,wānʸen.mp3,https://dsal.uchicago.edu/dictionaries/hassan/audio/04472.mp3,,shopkeeper’s wife,wānʸen
n.m.,uchicago_S_Hassan,wanιmot.mp3,https://dsal.uchicago.edu/dictionaries/hassan/audio/04473.mp3,,madman,wanιmot
n.m.,uchicago_S_Hassan,wānιwōl.mp3,https://dsal.uchicago.edu/dictionaries/hassan/audio/04474.mp3,,shopkeeper,wānιwōl
v.,uchicago_S_Hassan,wāpǝs hʸon.mp3,https://dsal.uchicago.edu/dictionaries/hassan/audio/04475.mp3,,"take back, undertake, bring, conquer, win",wāpǝs hʸon
adv.,uchicago_S_Hassan,warə̄y.mp3,https://dsal.uchicago.edu/dictionaries/hassan/audio/04476.mp3,,"instead, as an alternative, as a substitute, in its place",warə̄y
n.f.,uchicago_S_Hassan,wārenʸ.mp3,https://dsal.uchicago.edu/dictionaries/hassan/audio/04477.mp3,,midwife,wārenʸ
n.m.,uchicago_S_Hassan,wǝrī.mp3,https://dsal.uchicago.edu/dictionaries/hassan/audio/04478.mp3,,year,wǝrī
n.,uchicago_S_Hassan,wāriyah.mp3,https://dsal.uchicago.edu/dictionaries/hassan/audio/04479.mp3,,"lots, tons, plenty, a lot, masses",wāriyah
n.,uchicago_S_Hassan,warm.mp3,https://dsal.uchicago.edu/dictionaries/hassan/audio/04480.mp3,,"swelling, bulge",warm
n.m.,uchicago_S_Hassan,wakānι.mp3,https://dsal.uchicago.edu/dictionaries/hassan/audio/04481.mp3,,"a cause, reason, pretext",wakānι
adv.,uchicago_S_Hassan,wārι-wārι.mp3,https://dsal.uchicago.edu/dictionaries/hassan/audio/04482.mp3,,"slowly, gradually, bit by bit, little by little, at a snail's pace",wārι-wārι
n.f.,uchicago_S_Hassan,was.mp3,https://dsal.uchicago.edu/dictionaries/hassan/audio/04483.mp3,,marrow,was
n.f.,uchicago_S_Hassan,ves.mp3,https://dsal.uchicago.edu/dictionaries/hassan/audio/04484.mp3,,"girl friend, friend, pal",ves
n.,uchicago_S_Hassan,wasl.mp3,https://dsal.uchicago.edu/dictionaries/hassan/audio/04485.mp3,,interview,wasl
v.,uchicago_S_Hassan,wasun.mp3,https://dsal.uchicago.edu/dictionaries/hassan/audio/04486.mp3,,"come down, fall, drop, go, down, crash, down",wasun
adj.,uchicago_S_Hassan,waswās.mp3,https://dsal.uchicago.edu/dictionaries/hassan/audio/04487.mp3,,"unnerved, frightened, scared, alarmed",waswās
n.f.,uchicago_S_Hassan,watʰ.mp3,https://dsal.uchicago.edu/dictionaries/hassan/audio/04488.mp3,,"road, street, way, path",watʰ
v.,uchicago_S_Hassan,wātanι.mp3,https://dsal.uchicago.edu/dictionaries/hassan/audio/04489.mp3,,"arrive to, turn up, get there, appear, enter, pull in, be delivered",wātanι
v.,uchicago_S_Hassan,watʰ hāvinʸ.mp3,https://dsal.uchicago.edu/dictionaries/hassan/audio/04490.mp3,,"guide, lead, show, accompany, steer, direct",watʰ hāvinʸ
v.,uchicago_S_Hassan,wāṭʰ sapdun.mp3,https://dsal.uchicago.edu/dictionaries/hassan/audio/04491.mp3,,"cling, adhere, grip, stick, fit, tightly",wāṭʰ sapdun
n.,uchicago_S_Hassan,wāṭʰ.mp3,https://dsal.uchicago.edu/dictionaries/hassan/audio/04492.mp3,,"connection, link, association, relationship, correlation, bond, tie",wāṭʰ
n.,uchicago_S_Hassan,talwās.mp3,https://dsal.uchicago.edu/dictionaries/hassan/audio/04493.mp3,,"tremble, palpitation",talwās
adj.,uchicago_S_Hassan,wasi dil.mp3,https://dsal.uchicago.edu/dictionaries/hassan/audio/04494.mp3,,"good-natured, warm, open-hearted, kind",wasi dil
n.m.,uchicago_S_Hassan,wātul.mp3,https://dsal.uchicago.edu/dictionaries/hassan/audio/04495.mp3,,"cobbler, sweeper, shoe-making",wātul
n.f.,uchicago_S_Hassan,wātij.mp3,https://dsal.uchicago.edu/dictionaries/hassan/audio/04496.mp3,,sweeper’wife,wātij
adj.,uchicago_S_Hassan,watirust.mp3,https://dsal.uchicago.edu/dictionaries/hassan/audio/04497.mp3,,impassible,watirust
v.,uchicago_S_Hassan,wātnāwun.mp3,https://dsal.uchicago.edu/dictionaries/hassan/audio/04498.mp3,,"deliver, bring, transport, distribute, carry, send, convey",wātnāwun
v.,uchicago_S_Hassan,wͻkun.mp3,https://dsal.uchicago.edu/dictionaries/hassan/audio/04499.mp3,,throbbing pain to be felt in some limb,wͻkun
n.m.,uchicago_S_Hassan,wātal.mp3,https://dsal.uchicago.edu/dictionaries/hassan/audio/04500.mp3,,community of sweepers,wātal
n.,uchicago_S_Hassan,wātun.mp3,https://dsal.uchicago.edu/dictionaries/hassan/audio/04501.mp3,,"arrival, influx, coming, appearance, onset",wātun
n.,uchicago_S_Hassan,umιrdarāz.mp3,https://dsal.uchicago.edu/dictionaries/hassan/audio/04502.mp3,,"long life, longevity, permanence, endurance, fortitude",umιrdarāz
n.f.,uchicago_S_Hassan,wə̄j.mp3,https://dsal.uchicago.edu/dictionaries/hassan/audio/04503.mp3,,ring,wə̄j
v.,uchicago_S_Hassan,waṭun.mp3,https://dsal.uchicago.edu/dictionaries/hassan/audio/04504.mp3,,"to fold, go under, collapse",waṭun
v.,uchicago_S_Hassan,watιlawun.mp3,https://dsal.uchicago.edu/dictionaries/hassan/audio/04505.mp3,,"put on alert, give a clue, threatening",watιlawun
n.m.,uchicago_S_Hassan,wuʦun.mp3,https://dsal.uchicago.edu/dictionaries/hassan/audio/04506.mp3,,smell of burnt milk or rice,wuʦun
n.m.,uchicago_S_Hassan,watι hāwuk.mp3,https://dsal.uchicago.edu/dictionaries/hassan/audio/04507.mp3,,"leader, person in charge, person in charge",watι hāwuk
n.m.,uchicago_S_Hassan,watιkʰarιc.mp3,https://dsal.uchicago.edu/dictionaries/hassan/audio/04508.mp3,,traveling expenses,watιkʰarιc
n.f.,uchicago_S_Hassan,watιlǝr.mp3,https://dsal.uchicago.edu/dictionaries/hassan/audio/04509.mp3,,"inn, public house, hotel",watιlǝr
v.,uchicago_S_Hassan,wātιnāvun.mp3,https://dsal.uchicago.edu/dictionaries/hassan/audio/04510.mp3,,"assistance, promote, do good to, gain, help",wātιnāvun
n.m.,uchicago_S_Hassan,wāⁿṭʰ.mp3,https://dsal.uchicago.edu/dictionaries/hassan/audio/04511.mp3,,stomach,wāⁿṭʰ
n.m.,uchicago_S_Hassan,wāv.mp3,https://dsal.uchicago.edu/dictionaries/hassan/audio/04512.mp3,,"wind, storm, wind speed",wāv
v.,uchicago_S_Hassan,wawinʸ.mp3,https://dsal.uchicago.edu/dictionaries/hassan/audio/04513.mp3,,"to sow, plant",wawinʸ
n.f.,uchicago_S_Hassan,wāwιj.mp3,https://dsal.uchicago.edu/dictionaries/hassan/audio/04514.mp3,,fan,wāwιj
interj.,uchicago_S_Hassan,wāy.mp3,https://dsal.uchicago.edu/dictionaries/hassan/audio/04515.mp3,,oh!,wāy
n.f.,uchicago_S_Hassan,wāy.mp3,https://dsal.uchicago.edu/dictionaries/hassan/audio/04516.mp3,,muscle cramp,wāy
v.,uchicago_S_Hassan,wāyun.mp3,https://dsal.uchicago.edu/dictionaries/hassan/audio/04517.mp3,,to play music,wāyun
n.,uchicago_S_Hassan,wazan.mp3,https://dsal.uchicago.edu/dictionaries/hassan/audio/04518.mp3,,measurement,wazan
n.,uchicago_S_Hassan,wazīfι.mp3,https://dsal.uchicago.edu/dictionaries/hassan/audio/04519.mp3,,"maintenance, grant, child maintenance",wazīfι
v.,uchicago_S_Hassan,waznāwun.mp3,https://dsal.uchicago.edu/dictionaries/hassan/audio/04520.mp3,,"soak, make wet, sprinkle",waznāwun
v.,uchicago_S_Hassan,wazum dʸun.mp3,https://dsal.uchicago.edu/dictionaries/hassan/audio/04521.mp3,,to lend,wazum dʸun
v.,uchicago_S_Hassan,wazum thāwun.mp3,https://dsal.uchicago.edu/dictionaries/hassan/audio/04522.mp3,,"to owe, be in debt",wazum thāwun
n.,uchicago_S_Hassan,wazum.mp3,https://dsal.uchicago.edu/dictionaries/hassan/audio/04523.mp3,,"loan, advance, credit, finance",wazum
n.m.,uchicago_S_Hassan,wāzι.mp3,https://dsal.uchicago.edu/dictionaries/hassan/audio/04524.mp3,,"cook, chef",wāzι
n.f.,uchicago_S_Hassan,wāzιbāy.mp3,https://dsal.uchicago.edu/dictionaries/hassan/audio/04525.mp3,,"cook’s wife, chef’s wife",wāzιbāy
n.m.,uchicago_S_Hassan,wɔkʰul.mp3,https://dsal.uchicago.edu/dictionaries/hassan/audio/04526.mp3,,stone trough,wɔkʰul
adv.,uchicago_S_Hassan,wǝnʸ.mp3,https://dsal.uchicago.edu/dictionaries/hassan/audio/04527.mp3,,"now, right now, without hesitation",wǝnʸ
v.,uchicago_S_Hassan,wɔpdāwun.mp3,https://dsal.uchicago.edu/dictionaries/hassan/audio/04528.mp3,,"originate, produce, generate, make, create",wɔpdāwun
n.,uchicago_S_Hassan,wɔprǝzi.mp3,https://dsal.uchicago.edu/dictionaries/hassan/audio/04529.mp3,,"strangeness, oddity",wɔprǝzi
v.,uchicago_S_Hassan,wɔrān.mp3,https://dsal.uchicago.edu/dictionaries/hassan/audio/04530.mp3,,"to bark, howl, roar, rumble, snarl",wɔrān
n.m.,uchicago_S_Hassan,wɔruk.mp3,https://dsal.uchicago.edu/dictionaries/hassan/audio/04531.mp3,,page,wɔruk
n.f.,uchicago_S_Hassan,wɔrιkōr.mp3,https://dsal.uchicago.edu/dictionaries/hassan/audio/04532.mp3,,step-daughter,wɔrιkōr
v.,uchicago_S_Hassan,wɔš.mp3,https://dsal.uchicago.edu/dictionaries/hassan/audio/04533.mp3,,"sigh, exhale noisily",wɔš
v.,uchicago_S_Hassan,wɔšlun.mp3,https://dsal.uchicago.edu/dictionaries/hassan/audio/04534.mp3,,"to blush, go red, flush, feel embarrassed, feel ashamed, color, go red in the face, redden",wɔšlun
n.,uchicago_S_Hassan,wɔstād.mp3,https://dsal.uchicago.edu/dictionaries/hassan/audio/04535.mp3,,"expert, skilled, skillful, competent, proficient, practiced",wɔstād
n.f.,uchicago_S_Hassan,wɔstād bāy.mp3,https://dsal.uchicago.edu/dictionaries/hassan/audio/04536.mp3,,"teacher, tutor, educator, instructor, trainer, lecturer, coach",wɔstād bāy
v.,uchicago_S_Hassan,wɔṭʰ lāyin.mp3,https://dsal.uchicago.edu/dictionaries/hassan/audio/04537.mp3,,leap,wɔṭʰ lāyin
n.m.,uchicago_S_Hassan,wɔʦʰ.mp3,https://dsal.uchicago.edu/dictionaries/hassan/audio/04538.mp3,,calf,wɔʦʰ
n.m.,uchicago_S_Hassan,wɔwur.mp3,https://dsal.uchicago.edu/dictionaries/hassan/audio/04539.mp3,,shawl-weaver,wɔwur
v.,uchicago_S_Hassan,wɔzum hʸon.mp3,https://dsal.uchicago.edu/dictionaries/hassan/audio/04540.mp3,,"borrow, have a loan of, make use of, have access to",wɔzum hʸon
n.f.,uchicago_S_Hassan,wǝcʰ.mp3,https://dsal.uchicago.edu/dictionaries/hassan/audio/04541.mp3,,bosom,wǝcʰ
n.m.,uchicago_S_Hassan,zetι.mp3,https://dsal.uchicago.edu/dictionaries/hassan/audio/04542.mp3,,"ashes with fire still in them, live ashes, embers",zetι
n.f.,uchicago_S_Hassan,wͻkǝr.mp3,https://dsal.uchicago.edu/dictionaries/hassan/audio/04543.mp3,,"a widow, poverty-stricken, childless, etc",wͻkǝr
v.,uchicago_S_Hassan,wadwun.mp3,https://dsal.uchicago.edu/dictionaries/hassan/audio/04544.mp3,,"bewailing, regret, mourn, weep for, cry for",wadwun
adj.,uchicago_S_Hassan,wǝhšī.mp3,https://dsal.uchicago.edu/dictionaries/hassan/audio/04545.mp3,,"ferocious, cruel, wild",wǝhšī
n.m.,uchicago_S_Hassan,wǝkālat.mp3,https://dsal.uchicago.edu/dictionaries/hassan/audio/04546.mp3,,law,wǝkālat
v.,uchicago_S_Hassan,wǝl wǝl karun.mp3,https://dsal.uchicago.edu/dictionaries/hassan/audio/04547.mp3,,"to make haste, hurry, hasten, speed up",wǝl wǝl karun
adv.,uchicago_S_Hassan,wǝl wǝl.mp3,https://dsal.uchicago.edu/dictionaries/hassan/audio/04548.mp3,,"swiftly, quickly, speedily, fast",wǝl wǝl
n.m.,uchicago_S_Hassan,welāyat.mp3,https://dsal.uchicago.edu/dictionaries/hassan/audio/04549.mp3,,Europe,welāyat
n.f.,uchicago_S_Hassan,wǝnij.mp3,https://dsal.uchicago.edu/dictionaries/hassan/audio/04550.mp3,,heart,wǝnij
adv.,uchicago_S_Hassan,wǝnukʰtanʸ.mp3,https://dsal.uchicago.edu/dictionaries/hassan/audio/04551.mp3,,"hitherto, until this time",wǝnukʰtanʸ
n.,uchicago_S_Hassan,wə̄r.mp3,https://dsal.uchicago.edu/dictionaries/hassan/audio/04552.mp3,,"service, favor, turn",wə̄r
v.,uchicago_S_Hassan,waswə̄s pʰaṭun.mp3,https://dsal.uchicago.edu/dictionaries/hassan/audio/04553.mp3,,"surprise, astonish, stagger, stun, shock, take aback",waswə̄s pʰaṭun
adj.,uchicago_S_Hassan,wǝsιtʸ.mp3,https://dsal.uchicago.edu/dictionaries/hassan/audio/04554.mp3,,"loose, flowing, not tied up",wǝsιtʸ
v.,uchicago_S_Hassan,wǝṭʰinʸ.mp3,https://dsal.uchicago.edu/dictionaries/hassan/audio/04555.mp3,,"coil, curl, twist, twirl, loop",wǝṭʰinʸ
n.f.,uchicago_S_Hassan,wǝṭil.mp3,https://dsal.uchicago.edu/dictionaries/hassan/audio/04556.mp3,,cockroach,wǝṭil
n.m.,uchicago_S_Hassan,wǝzīr.mp3,https://dsal.uchicago.edu/dictionaries/hassan/audio/04557.mp3,,minister,wǝzīr
n.f.,uchicago_S_Hassan,wǝzι.mp3,https://dsal.uchicago.edu/dictionaries/hassan/audio/04558.mp3,,"gallery, veranda",wǝzι
adj.,uchicago_S_Hassan,wikιrʸdor.mp3,https://dsal.uchicago.edu/dictionaries/hassan/audio/04559.mp3,,"dissolute, wicked, corrupt, depraved, self-indulgent",wikιrʸdor
conj.,uchicago_S_Hassan,winʸ.mp3,https://dsal.uchicago.edu/dictionaries/hassan/audio/04560.mp3,,"immediately, as soon as, the moment, the minute",winʸ
adv.,uchicago_S_Hassan,wizι wizι.mp3,https://dsal.uchicago.edu/dictionaries/hassan/audio/04561.mp3,,"from time to time, now and then, every so often, occasionally, at times",wizι wizι
v.,uchicago_S_Hassan,wodni rōzun.mp3,https://dsal.uchicago.edu/dictionaries/hassan/audio/04562.mp3,,"to stand, standstill, standing position",wodni rōzun
n.m.,uchicago_S_Hassan,wogι.mp3,https://dsal.uchicago.edu/dictionaries/hassan/audio/04563.mp3,,"window, skylight",wogι
n.,uchicago_S_Hassan,wohav.mp3,https://dsal.uchicago.edu/dictionaries/hassan/audio/04564.mp3,,"curse, annoyance",wohav
v.,uchicago_S_Hassan,wohvān.mp3,https://dsal.uchicago.edu/dictionaries/hassan/audio/04565.mp3,,to curse,wohvān
v.,uchicago_S_Hassan,wokʰjār.mp3,https://dsal.uchicago.edu/dictionaries/hassan/audio/04566.mp3,,"conspire, plan, plot",wokʰjār
n.,uchicago_S_Hassan,wolʸut.mp3,https://dsal.uchicago.edu/dictionaries/hassan/audio/04567.mp3,,"coating, wrapper, layer",wolʸut
v.,uchicago_S_Hassan,wōnun.mp3,https://dsal.uchicago.edu/dictionaries/hassan/audio/04568.mp3,,"weave, knit, interweave, wind",wōnun
n.,uchicago_S_Hassan,wopar.mp3,https://dsal.uchicago.edu/dictionaries/hassan/audio/04569.mp3,,"stranger, outsider, visitor, unfamiliar person",wopar
v.,uchicago_S_Hassan,wōrun.mp3,https://dsal.uchicago.edu/dictionaries/hassan/audio/04570.mp3,,"woof, bark, yelp",wōrun
v.,uchicago_S_Hassan,woṭʰ ʦʰǝnin.mp3,https://dsal.uchicago.edu/dictionaries/hassan/audio/04571.mp3,,"dive, jump, leap, fall",woṭʰ ʦʰǝnin
v.,uchicago_S_Hassan,wotʰrāwun.mp3,https://dsal.uchicago.edu/dictionaries/hassan/audio/04572.mp3,,"wipe, rub, wipe down, swab clean",wotʰrāwun
n.m.,uchicago_S_Hassan,wotʰrun.mp3,https://dsal.uchicago.edu/dictionaries/hassan/audio/04573.mp3,,"covering, layer, blanket, spread, floor covering, flooring",wotʰrun
v.,uchicago_S_Hassan,wotʰun.mp3,https://dsal.uchicago.edu/dictionaries/hassan/audio/04574.mp3,,"wake up, get up, waken",wotʰun
adj.,uchicago_S_Hassan,wozul.mp3,https://dsal.uchicago.edu/dictionaries/hassan/audio/04575.mp3,,"red, cherry, burgundy, scarlet, crimson",wozul
v.,uchicago_S_Hassan,wālι wāši.mp3,https://dsal.uchicago.edu/dictionaries/hassan/audio/04576.mp3,,babbling and cooing,wālι wāši
adj.,uchicago_S_Hassan,wə̄rān gaʦun.mp3,https://dsal.uchicago.edu/dictionaries/hassan/audio/04577.mp3,,"astray, lost, departed, vanished",wə̄rān gaʦun
v.,uchicago_S_Hassan,wucʰun.mp3,https://dsal.uchicago.edu/dictionaries/hassan/audio/04578.mp3,,"check with, see, seek advice from, look up, check in. turn to, talk to, discuss with",wucʰun
v.,uchicago_S_Hassan,weti rōvmut.mp3,https://dsal.uchicago.edu/dictionaries/hassan/audio/04579.mp3,,"astray, lost, off track",weti rōvmut
v.,uchicago_S_Hassan,wǝkιr vālin.mp3,https://dsal.uchicago.edu/dictionaries/hassan/audio/04580.mp3,,shout or tease someone,wǝkιr vālin
n.,uchicago_S_Hassan,wuḍav.mp3,https://dsal.uchicago.edu/dictionaries/hassan/audio/04581.mp3,,to fly,wuḍav
v.,uchicago_S_Hassan,wuḍnāwun.mp3,https://dsal.uchicago.edu/dictionaries/hassan/audio/04582.mp3,,cause to fly,wuḍnāwun
v.,uchicago_S_Hassan,wuḍun.mp3,https://dsal.uchicago.edu/dictionaries/hassan/audio/04583.mp3,,to fly,wuḍun
adj.,uchicago_S_Hassan,wuḍwun.mp3,https://dsal.uchicago.edu/dictionaries/hassan/audio/04584.mp3,,"flying, on the wing, speedy",wuḍwun
n.,uchicago_S_Hassan,wuḍwun-jānwar.mp3,https://dsal.uchicago.edu/dictionaries/hassan/audio/04585.mp3,,bird,wuḍwun-jānwar
n.f.,uchicago_S_Hassan,wudιr.mp3,https://dsal.uchicago.edu/dictionaries/hassan/audio/04586.mp3,,plateau,wudιr
v.,uchicago_S_Hassan,wuḍιrāwun.mp3,https://dsal.uchicago.edu/dictionaries/hassan/audio/04587.mp3,,"lay to rest, bury, put in the ground",wuḍιrāwun
n.,uchicago_S_Hassan,wuh.mp3,https://dsal.uchicago.edu/dictionaries/hassan/audio/04588.mp3,,twenty,wuh
adj.,uchicago_S_Hassan,wuhyum.mp3,https://dsal.uchicago.edu/dictionaries/hassan/audio/04589.mp3,,twentieth,wuhyum
n.m.,uchicago_S_Hassan,wumēdwār.mp3,https://dsal.uchicago.edu/dictionaries/hassan/audio/04590.mp3,,"hopeful, expectant, aspirant, candidate, applicant",wumēdwār
v.,uchicago_S_Hassan,wuⁿgān.mp3,https://dsal.uchicago.edu/dictionaries/hassan/audio/04591.mp3,,to howl,wuⁿgān
n.,uchicago_S_Hassan,wuⁿgun.mp3,https://dsal.uchicago.edu/dictionaries/hassan/audio/04592.mp3,,howl,wuⁿgun
n.,uchicago_S_Hassan,wunʸudʸur.mp3,https://dsal.uchicago.edu/dictionaries/hassan/audio/04593.mp3,,"sleepless, without sleeping, wakeful, restless, disturbed",wunʸudʸur
v.,uchicago_S_Hassan,wupʰnāwun.mp3,https://dsal.uchicago.edu/dictionaries/hassan/audio/04594.mp3,,cause to fly,wupʰnāwun
v.,uchicago_S_Hassan,wupʰun.mp3,https://dsal.uchicago.edu/dictionaries/hassan/audio/04595.mp3,,to fly,wupʰun
n.m.,uchicago_S_Hassan,wurun.mp3,https://dsal.uchicago.edu/dictionaries/hassan/audio/04596.mp3,,"bed-clothes, bedding, sheet, comforter, quilt",wurun
n.,uchicago_S_Hassan,wuškι.mp3,https://dsal.uchicago.edu/dictionaries/hassan/audio/04597.mp3,,barley,wuškι
n.m.,uchicago_S_Hassan,wuškι.mp3,https://dsal.uchicago.edu/dictionaries/hassan/audio/04598.mp3,,oats,wuškι
v.,uchicago_S_Hassan,wušnāwun.mp3,https://dsal.uchicago.edu/dictionaries/hassan/audio/04599.mp3,,"warm up, heat, reheat, heat up, melt",wušnāwun
n.m.,uchicago_S_Hassan,wūšnēr.mp3,https://dsal.uchicago.edu/dictionaries/hassan/audio/04600.mp3,,"warmth, heat, warmness, tenderness",wūšnēr
adj.,uchicago_S_Hassan,wārimuṭʰ.mp3,https://dsal.uchicago.edu/dictionaries/hassan/audio/04601.mp3,,soya bean,wārimuṭʰ
adj.,uchicago_S_Hassan,wušun.mp3,https://dsal.uchicago.edu/dictionaries/hassan/audio/04602.mp3,,"warm, temperate, hot, affectionate, loving",wušun
v.,uchicago_S_Hassan,wuṭʰun.mp3,https://dsal.uchicago.edu/dictionaries/hassan/audio/04603.mp3,,"twist, twirl, coil",wuṭʰun
n.,uchicago_S_Hassan,wͻtʰrun.mp3,https://dsal.uchicago.edu/dictionaries/hassan/audio/04604.mp3,,"bedding, covering, comfort",wͻtʰrun
v.,uchicago_S_Hassan,wͻrι mə̄j.mp3,https://dsal.uchicago.edu/dictionaries/hassan/audio/04605.mp3,,step-mother,wͻrι mə̄j
n.,uchicago_S_Hassan,wutur.mp3,https://dsal.uchicago.edu/dictionaries/hassan/audio/04606.mp3,,north,wutur
n.f.,uchicago_S_Hassan,wuzan jāy.mp3,https://dsal.uchicago.edu/dictionaries/hassan/audio/04607.mp3,,"source, supply, cause",wuzan jāy
v.,uchicago_S_Hassan,wuznāwun.mp3,https://dsal.uchicago.edu/dictionaries/hassan/audio/04608.mp3,,to rouse,wuznāwun
v.,uchicago_S_Hassan,wāp.mp3,https://dsal.uchicago.edu/dictionaries/hassan/audio/04609.mp3,,to sow,wāp
adj.,uchicago_S_Hassan,wʸuṭʰ.mp3,https://dsal.uchicago.edu/dictionaries/hassan/audio/04610.mp3,,"gross, fat",wʸuṭʰ
n.f.,uchicago_S_Hassan,wιnal.mp3,https://dsal.uchicago.edu/dictionaries/hassan/audio/04611.mp3,,"mist, haze, fog, smog",wιnal
adv.,uchicago_S_Hassan,wιni.mp3,https://dsal.uchicago.edu/dictionaries/hassan/audio/04612.mp3,,"still, even now, however, yet",wιni
conj.,uchicago_S_Hassan,wǝnʸ.mp3,https://dsal.uchicago.edu/dictionaries/hassan/audio/04613.mp3,,yet,wǝnʸ
n.f.,uchicago_S_Hassan,wιṭʰ.mp3,https://dsal.uchicago.edu/dictionaries/hassan/audio/04614.mp3,,lip,wιṭʰ
v.,uchicago_S_Hassan,wιznāwun.mp3,https://dsal.uchicago.edu/dictionaries/hassan/audio/04615.mp3,,"to awaken, wake, wake up, get up, stir, arouse, set off",wιznāwun
n.f.,uchicago_S_Hassan,wə̄r.mp3,https://dsal.uchicago.edu/dictionaries/hassan/audio/04616.mp3,,"small farm to grow vegetables, kitchen garden",wə̄r
adj.,uchicago_S_Hassan,wə̄jib.mp3,https://dsal.uchicago.edu/dictionaries/hassan/audio/04617.mp3,,"proper, appropriate, apposite, accurate, right, suitable",wə̄jib
adj.,uchicago_S_Hassan,wə̄kif.mp3,https://dsal.uchicago.edu/dictionaries/hassan/audio/04618.mp3,,"conscious, aware, mindful, cognizant",wə̄kif
adj.,uchicago_S_Hassan,wə̄ⁿk mas.mp3,https://dsal.uchicago.edu/dictionaries/hassan/audio/04619.mp3,,curly hair,wə̄ⁿk mas
n.f.,uchicago_S_Hassan,wə̄ns.mp3,https://dsal.uchicago.edu/dictionaries/hassan/audio/04620.mp3,,age,wə̄ns
n.f.,uchicago_S_Hassan,ʦιdwə̄r.mp3,https://dsal.uchicago.edu/dictionaries/hassan/audio/04621.mp3,,"small water-vessel, container",ʦιdwə̄r
n.m.,uchicago_S_Hassan,wə̄rān.mp3,https://dsal.uchicago.edu/dictionaries/hassan/audio/04622.mp3,,"ruin, downfall, deterioration",wə̄rān
adv.,uchicago_S_Hassan,wārι kārι.mp3,https://dsal.uchicago.edu/dictionaries/hassan/audio/04623.mp3,,you are welcome,wārι kārι
v.,uchicago_S_Hassan,wə̄rə̄ni.mp3,https://dsal.uchicago.edu/dictionaries/hassan/audio/04624.mp3,,to desolate,wə̄rə̄ni
n.m.,uchicago_S_Hassan,yam.mp3,https://dsal.uchicago.edu/dictionaries/hassan/audio/04625.mp3,,god of death in Hindus,yam
conj.,uchicago_S_Hassan,yā.mp3,https://dsal.uchicago.edu/dictionaries/hassan/audio/04626.mp3,,"or, otherwise, or else",yā
adj.,uchicago_S_Hassan,yacʰ-butʰ.mp3,https://dsal.uchicago.edu/dictionaries/hassan/audio/04627.mp3,,ugly faced,yacʰ-butʰ
n.f.,uchicago_S_Hassan,yādāštι.mp3,https://dsal.uchicago.edu/dictionaries/hassan/audio/04628.mp3,,"recollection, remembrance, memory, recall",yādāštι
n.,uchicago_S_Hassan,yakʰ.mp3,https://dsal.uchicago.edu/dictionaries/hassan/audio/04629.mp3,,ice,yakʰ
v.,uchicago_S_Hassan,yakin karun.mp3,https://dsal.uchicago.edu/dictionaries/hassan/audio/04630.mp3,,"convince, persuade, prove to",yakin karun
n.m.,uchicago_S_Hassan,yakīn.mp3,https://dsal.uchicago.edu/dictionaries/hassan/audio/04631.mp3,,"belief, faith trust, reliance, loyalty, faithfulness",yakīn
adj.,uchicago_S_Hassan,yaksāⁿ.mp3,https://dsal.uchicago.edu/dictionaries/hassan/audio/04632.mp3,,"same, similar, equal, matching, alike",yaksāⁿ
v.,uchicago_S_Hassan,yalʸ.mp3,https://dsal.uchicago.edu/dictionaries/hassan/audio/04633.mp3,,jolting,yalʸ
n.,uchicago_S_Hassan,yambιrzal.mp3,https://dsal.uchicago.edu/dictionaries/hassan/audio/04634.mp3,,Narcissus,yambιrzal
n.,uchicago_S_Hassan,yangι.mp3,https://dsal.uchicago.edu/dictionaries/hassan/audio/04635.mp3,,asafetida,yangι
v.,uchicago_S_Hassan,yār sapdun.mp3,https://dsal.uchicago.edu/dictionaries/hassan/audio/04636.mp3,,"make friends with, take care of, look after, help",yār sapdun
n.m.,uchicago_S_Hassan,yār.mp3,https://dsal.uchicago.edu/dictionaries/hassan/audio/04637.mp3,,"companion, friend, buddy, pal",yār
n.m.,uchicago_S_Hassan,yə̄r.mp3,https://dsal.uchicago.edu/dictionaries/hassan/audio/04638.mp3,,"friendship, companionship",yə̄r
n.f.,uchicago_S_Hassan,yāraz.mp3,https://dsal.uchicago.edu/dictionaries/hassan/audio/04639.mp3,,"friendship, companionship, closeness, familiarity",yāraz
n.m.,uchicago_S_Hassan,yārbal.mp3,https://dsal.uchicago.edu/dictionaries/hassan/audio/04640.mp3,,quay,yārbal
n.f.,uchicago_S_Hassan,yāri kilum.mp3,https://dsal.uchicago.edu/dictionaries/hassan/audio/04641.mp3,,rosin of pine,yāri kilum
n.f.,uchicago_S_Hassan,yāri kul.mp3,https://dsal.uchicago.edu/dictionaries/hassan/audio/04642.mp3,,spruce,yāri kul
n.,uchicago_S_Hassan,yari-cʰang.mp3,https://dsal.uchicago.edu/dictionaries/hassan/audio/04643.mp3,,cone of pine tree,yari-cʰang
n.m.,uchicago_S_Hassan,yārιbal boṭʰ.mp3,https://dsal.uchicago.edu/dictionaries/hassan/audio/04644.mp3,,landing-place on river bank,yārιbal boṭʰ
n.,uchicago_S_Hassan,yasmῑn.mp3,https://dsal.uchicago.edu/dictionaries/hassan/audio/04645.mp3,,Lilac,yasmῑn
adv.,uchicago_S_Hassan,yatʰ andar.mp3,https://dsal.uchicago.edu/dictionaries/hassan/audio/04646.mp3,,"herein, in this, here",yatʰ andar
adv.,uchicago_S_Hassan,yatʰ manz.mp3,https://dsal.uchicago.edu/dictionaries/hassan/audio/04647.mp3,,"in this, here, herein",yatʰ manz
n.m.,uchicago_S_Hassan,yātrī.mp3,https://dsal.uchicago.edu/dictionaries/hassan/audio/04648.mp3,,pilgrim,yātrī
adj.,uchicago_S_Hassan,yāwι.mp3,https://dsal.uchicago.edu/dictionaries/hassan/audio/04649.mp3,,"fashionable, stylish, modish",yāwι
adv.,uchicago_S_Hassan,yawι.mp3,https://dsal.uchicago.edu/dictionaries/hassan/audio/04650.mp3,,"yesterday, the past , the recent past",yawι
adv.,uchicago_S_Hassan,yǝcʰ pῑṭʰ.mp3,https://dsal.uchicago.edu/dictionaries/hassan/audio/04651.mp3,,"badly, imperfectly, shoddily, roughly",yǝcʰ pῑṭʰ
adj.,uchicago_S_Hassan,yǝcʰ.mp3,https://dsal.uchicago.edu/dictionaries/hassan/audio/04652.mp3,,"bad, ugly, depraved, awful, terrible, dreadful",yǝcʰ
n.f.,uchicago_S_Hassan,zaci.mp3,https://dsal.uchicago.edu/dictionaries/hassan/audio/04653.mp3,,a collection of rags,zaci
n.f.,uchicago_S_Hassan,yecʰar.mp3,https://dsal.uchicago.edu/dictionaries/hassan/audio/04654.mp3,,"depravity, wickedness, decadence, immorality",yecʰar
n.f.,uchicago_S_Hassan,yeḍ.mp3,https://dsal.uchicago.edu/dictionaries/hassan/audio/04655.mp3,,"abdomen, belly, tummy",yeḍ
adv.,uchicago_S_Hassan,yιtan.mp3,https://dsal.uchicago.edu/dictionaries/hassan/audio/04656.mp3,,"an effort, endeavour",yιtan
n.f.,uchicago_S_Hassan,yetīm.mp3,https://dsal.uchicago.edu/dictionaries/hassan/audio/04657.mp3,,an orphan,yetīm
n.m.,uchicago_S_Hassan,yeḍal.mp3,https://dsal.uchicago.edu/dictionaries/hassan/audio/04658.mp3,,"glutton, foodie, food lover",yeḍal
n.m.,uchicago_S_Hassan,yeḍιbod.mp3,https://dsal.uchicago.edu/dictionaries/hassan/audio/04659.mp3,,"glutton, foodie, food lover",yeḍιbod
adj.,uchicago_S_Hassan,yekʰbǝstι.mp3,https://dsal.uchicago.edu/dictionaries/hassan/audio/04660.mp3,,"frigid, cold, frosty, chilly, freezing",yekʰbǝstι
v.,uchicago_S_Hassan,yelāj karun.mp3,https://dsal.uchicago.edu/dictionaries/hassan/audio/04661.mp3,,"cure, heal, treat, make well, restore to health",yelāj karun
n.m.,uchicago_S_Hassan,yelāj.mp3,https://dsal.uchicago.edu/dictionaries/hassan/audio/04662.mp3,,"remedy, solution, cure, therapy, treatment",yelāj
adv.,uchicago_S_Hassan,yeli teli.mp3,https://dsal.uchicago.edu/dictionaries/hassan/audio/04663.mp3,,"now and then, from time to time, sometimes, now and again, once in a while",yeli teli
conj.,uchicago_S_Hassan,yeli.mp3,https://dsal.uchicago.edu/dictionaries/hassan/audio/04664.mp3,,"when, while, after, as soon as, once",yeli
v.,uchicago_S_Hassan,yellι trāwun.mp3,https://dsal.uchicago.edu/dictionaries/hassan/audio/04665.mp3,,"release, discharge, free, let go",yellι trāwun
adj.,uchicago_S_Hassan,yelι gomut.mp3,https://dsal.uchicago.edu/dictionaries/hassan/audio/04666.mp3,,"free, loose, unchained, untied",yelι gomut
adv.,uchicago_S_Hassan,yemi kʰātrι.mp3,https://dsal.uchicago.edu/dictionaries/hassan/audio/04667.mp3,,"therefore, for that reason, as a result",yemi kʰātrι
conj.,uchicago_S_Hassan,yemi patι.mp3,https://dsal.uchicago.edu/dictionaries/hassan/audio/04668.mp3,,"& adv. since, given that, in view of the fact that, from the time when",yemi patι
n.f.,uchicago_S_Hassan,yenʸ.mp3,https://dsal.uchicago.edu/dictionaries/hassan/audio/04669.mp3,,"fringe, trimming",yenʸ
n.,uchicago_S_Hassan,yeniwōl.mp3,https://dsal.uchicago.edu/dictionaries/hassan/audio/04670.mp3,,the day of wedding,yeniwōl
v.,uchicago_S_Hassan,yenʸ yerιnʸ.mp3,https://dsal.uchicago.edu/dictionaries/hassan/audio/04671.mp3,,"twist, distort, bend, warp",yenʸ yerιnʸ
n.f.,uchicago_S_Hassan,yērun.mp3,https://dsal.uchicago.edu/dictionaries/hassan/audio/04672.mp3,,"warp, twist, bend, distortion",yērun
adv.,uchicago_S_Hassan,yepōr.mp3,https://dsal.uchicago.edu/dictionaries/hassan/audio/04673.mp3,,"this side, to one side",yepōr
n.m.,uchicago_S_Hassan,yēr.mp3,https://dsal.uchicago.edu/dictionaries/hassan/audio/04674.mp3,,"fleece, yarn, wool",yēr
n.m.,uchicago_S_Hassan,yēri.mp3,https://dsal.uchicago.edu/dictionaries/hassan/audio/04675.mp3,,"sing the praises of, prosperity, blessings",yēri
v.,uchicago_S_Hassan,yērī karin.mp3,https://dsal.uchicago.edu/dictionaries/hassan/audio/04676.mp3,,"relieve, help, ease",yērī karin
n.m.,uchicago_S_Hassan,yērιkōn.mp3,https://dsal.uchicago.edu/dictionaries/hassan/audio/04677.mp3,,woolen thread,yērιkōn
n.m.,uchicago_S_Hassan,yerιpan.mp3,https://dsal.uchicago.edu/dictionaries/hassan/audio/04678.mp3,,wollen thread,yerιpan
adv.,uchicago_S_Hassan,yitʰ pə̄ṭʰ.mp3,https://dsal.uchicago.edu/dictionaries/hassan/audio/04679.mp3,,"in this manner, in this way, in this fashion, like this, along these lines",yitʰ pə̄ṭʰ
prep.,uchicago_S_Hassan,yeti pʸeṭʰ.mp3,https://dsal.uchicago.edu/dictionaries/hassan/audio/04680.mp3,,from (place),yeti pʸeṭʰ
n.,uchicago_S_Hassan,yud.mp3,https://dsal.uchicago.edu/dictionaries/hassan/audio/04681.mp3,,battle,yud
adj.,uchicago_S_Hassan,yeʦʰanwōl.mp3,https://dsal.uchicago.edu/dictionaries/hassan/audio/04682.mp3,,"eager, keen, raring to go, willing, ready",yeʦʰanwōl
v.,uchicago_S_Hassan,yeʦʰ tι paʦ.mp3,https://dsal.uchicago.edu/dictionaries/hassan/audio/04683.mp3,,"want, desire, hope for, long for, wish",yeʦʰ tι paʦ
n.f.,uchicago_S_Hassan,yeʦʰ.mp3,https://dsal.uchicago.edu/dictionaries/hassan/audio/04684.mp3,,"will, motivation, willpower, determination",yeʦʰ
v.,uchicago_S_Hassan,yeʦʰ-san.mp3,https://dsal.uchicago.edu/dictionaries/hassan/audio/04685.mp3,,"hope for, long for, desire, want",yeʦʰ-san
v.,uchicago_S_Hassan,yeʦʰun.mp3,https://dsal.uchicago.edu/dictionaries/hassan/audio/04686.mp3,,"yearn, desire, long, want very much",yeʦʰun
n.m.,uchicago_S_Hassan,yezār.mp3,https://dsal.uchicago.edu/dictionaries/hassan/audio/04687.mp3,,paijama,yezār
n.m.,uchicago_S_Hassan,yezat.mp3,https://dsal.uchicago.edu/dictionaries/hassan/audio/04688.mp3,,"respect, reverence, admiration",yezat
adv.,uchicago_S_Hassan,yeztι sān.mp3,https://dsal.uchicago.edu/dictionaries/hassan/audio/04689.mp3,,"respectfully, politely, reverentially, deferentially, civilly, considerately",yeztι sān
adj.,uchicago_S_Hassan,yeztιwōl.mp3,https://dsal.uchicago.edu/dictionaries/hassan/audio/04690.mp3,,"famous, renowned, recognized, prominent",yeztιwōl
v.,uchicago_S_Hassan,yī.mp3,https://dsal.uchicago.edu/dictionaries/hassan/audio/04691.mp3,,"to come, approach, arrive, appear, happen",yī
n.,uchicago_S_Hassan,yih.mp3,https://dsal.uchicago.edu/dictionaries/hassan/audio/04692.mp3,,this (demons sg pron),yih
v.,uchicago_S_Hassan,yihānat karin.mp3,https://dsal.uchicago.edu/dictionaries/hassan/audio/04693.mp3,,"to insult, offend, attack the dignity, abus",yihānat karin
n.f.,uchicago_S_Hassan,yihānat.mp3,https://dsal.uchicago.edu/dictionaries/hassan/audio/04694.mp3,,"contempt, disdain, dislike, disrespect, disapproval, hatred, condescension",yihānat
n.,uchicago_S_Hassan,yihʸuv.mp3,https://dsal.uchicago.edu/dictionaries/hassan/audio/04695.mp3,,this very (demons pron),yihʸuv
n.,uchicago_S_Hassan,yim.mp3,https://dsal.uchicago.edu/dictionaries/hassan/audio/04696.mp3,,these (demons pl pron),yim
v.,uchicago_S_Hassan,yīrun.mp3,https://dsal.uchicago.edu/dictionaries/hassan/audio/04697.mp3,,"sink, be submerged",yīrun
adj.,uchicago_S_Hassan,yīt.mp3,https://dsal.uchicago.edu/dictionaries/hassan/audio/04698.mp3,,"countless, numerous, scores of",yīt
adv.,uchicago_S_Hassan,yitʰ kə̄n.mp3,https://dsal.uchicago.edu/dictionaries/hassan/audio/04699.mp3,,in this way,yitʰ kə̄n
adv.,uchicago_S_Hassan,yeti tati.mp3,https://dsal.uchicago.edu/dictionaries/hassan/audio/04700.mp3,,"any how, anyway, in any case, nevertheless",yeti tati
adv.,uchicago_S_Hassan,yitʰay asun.mp3,https://dsal.uchicago.edu/dictionaries/hassan/audio/04701.mp3,,"gratuitously, without need, needlessly, pointlessly",yitʰay asun
n.,uchicago_S_Hassan,yitʰay.mp3,https://dsal.uchicago.edu/dictionaries/hassan/audio/04702.mp3,,"gratis, without cause, free, free of charge, complimentary",yitʰay
adv.,uchicago_S_Hassan,yitʰι titʰι.mp3,https://dsal.uchicago.edu/dictionaries/hassan/audio/04703.mp3,,"thus, therefore, hence, in this way",yitʰι titʰι
conj.,uchicago_S_Hassan,yodway.mp3,https://dsal.uchicago.edu/dictionaries/hassan/audio/04704.mp3,,"although, while, though",yodway
n.m.,uchicago_S_Hassan,yōnipan.mp3,https://dsal.uchicago.edu/dictionaries/hassan/audio/04705.mp3,,thread (brahminical),yōnipan
adv.,uchicago_S_Hassan,yōr.mp3,https://dsal.uchicago.edu/dictionaries/hassan/audio/04706.mp3,,"here, this place, or point",yōr
adv.,uchicago_S_Hassan,yutuy.mp3,https://dsal.uchicago.edu/dictionaries/hassan/audio/04707.mp3,,"only, no more than",yutuy
prep.,uchicago_S_Hassan,yotām.mp3,https://dsal.uchicago.edu/dictionaries/hassan/audio/04708.mp3,,"until, pending, in anticipation of",yotām
n.m.,uchicago_S_Hassan,zargar.mp3,https://dsal.uchicago.edu/dictionaries/hassan/audio/04709.mp3,,"a worker in gold, a goldsmith",zargar
adv.,uchicago_S_Hassan,yotāmatʰ.mp3,https://dsal.uchicago.edu/dictionaries/hassan/audio/04710.mp3,,"until now, up till now",yotāmatʰ
prep.,uchicago_S_Hassan,yotāmatan.mp3,https://dsal.uchicago.edu/dictionaries/hassan/audio/04711.mp3,,"until, pending, in anticipation of",yotāmatan
prep.,uchicago_S_Hassan,yotānʸ.mp3,https://dsal.uchicago.edu/dictionaries/hassan/audio/04712.mp3,,"a period time, until, pending, in anticipation of",yotānʸ
adv.,uchicago_S_Hassan,yotān.mp3,https://dsal.uchicago.edu/dictionaries/hassan/audio/04713.mp3,,"here, at this time, at this juncture",yotān
prep.,uchicago_S_Hassan,yud.mp3,https://dsal.uchicago.edu/dictionaries/hassan/audio/04714.mp3,,"if, other than",yud
n.,uchicago_S_Hassan,yuhus.mp3,https://dsal.uchicago.edu/dictionaries/hassan/audio/04715.mp3,,this year,yuhus
n.m.,uchicago_S_Hassan,yuhιdʸ.mp3,https://dsal.uchicago.edu/dictionaries/hassan/audio/04716.mp3,,Jew,yuhιdʸ
n.,uchicago_S_Hassan,yūp.mp3,https://dsal.uchicago.edu/dictionaries/hassan/audio/04717.mp3,,inundation,yūp
n.,uchicago_S_Hassan,yus.mp3,https://dsal.uchicago.edu/dictionaries/hassan/audio/04718.mp3,,"who, that",yus
adv.,uchicago_S_Hassan,yūt.mp3,https://dsal.uchicago.edu/dictionaries/hassan/audio/04719.mp3,,"so much, to a large extent, a lot",yūt
conj.,uchicago_S_Hassan,yutām.mp3,https://dsal.uchicago.edu/dictionaries/hassan/audio/04720.mp3,,"while, whilst, despite the fact that, whilst",yutām
conj.,uchicago_S_Hassan,yutāmat.mp3,https://dsal.uchicago.edu/dictionaries/hassan/audio/04721.mp3,,"during that time, whilst, although, whereas",yutāmat
adv.,uchicago_S_Hassan,yutan.mp3,https://dsal.uchicago.edu/dictionaries/hassan/audio/04722.mp3,,"hither, towards this place",yutan
adv.,uchicago_S_Hassan,yutatʰ.mp3,https://dsal.uchicago.edu/dictionaries/hassan/audio/04723.mp3,,"here, at this point",yutatʰ
adj.,uchicago_S_Hassan,yeʦkə̄lʸ.mp3,https://dsal.uchicago.edu/dictionaries/hassan/audio/04724.mp3,,"for a long time, lasting a long time",yeʦkə̄lʸ
n.f.,uchicago_S_Hassan,yǝḍ dag.mp3,https://dsal.uchicago.edu/dictionaries/hassan/audio/04725.mp3,,"stomach pain, hunger",yǝḍ dag
adj.,uchicago_S_Hassan,yutʰ.mp3,https://dsal.uchicago.edu/dictionaries/hassan/audio/04726.mp3,,"& adv. such, specified thing or person, so, thus",yutʰ
n.m.,uchicago_S_Hassan,yιndιr.mp3,https://dsal.uchicago.edu/dictionaries/hassan/audio/04727.mp3,,spinning wheel,yιndιr
n.m.,uchicago_S_Hassan,yə̄r kul.mp3,https://dsal.uchicago.edu/dictionaries/hassan/audio/04728.mp3,,pine tree,yə̄r kul
v.,uchicago_S_Hassan,zabān lāgay.mp3,https://dsal.uchicago.edu/dictionaries/hassan/audio/04729.mp3,,"argue, disagree, say",zabān lāgay
n.m.,uchicago_S_Hassan,zabān.mp3,https://dsal.uchicago.edu/dictionaries/hassan/audio/04730.mp3,,"tongue, language, speech",zabān
v.,uchicago_S_Hassan,zabar banāwun.mp3,https://dsal.uchicago.edu/dictionaries/hassan/audio/04731.mp3,,"improve, get better, advance, progress, develop, expand",zabar banāwun
adv.,uchicago_S_Hassan,zabar.mp3,https://dsal.uchicago.edu/dictionaries/hassan/audio/04732.mp3,,"well, in a good way, properly, correctly, acceptably",zabar
n.,uchicago_S_Hassan,zakʰιmak.mp3,https://dsal.uchicago.edu/dictionaries/hassan/audio/04733.mp3,,flint,zakʰιmak
adj.,uchicago_S_Hassan,zə̄ṭʰrun.mp3,https://dsal.uchicago.edu/dictionaries/hassan/audio/04734.mp3,,"to make long, to make longer, to lengthen",zə̄ṭʰrun
n.f.,uchicago_S_Hassan,zahīr.mp3,https://dsal.uchicago.edu/dictionaries/hassan/audio/04735.mp3,,dysentery,zahīr
adj.,uchicago_S_Hassan,zahrīlʸ.mp3,https://dsal.uchicago.edu/dictionaries/hassan/audio/04736.mp3,,poisonous,zahrīlʸ
n.m.,uchicago_S_Hassan,zahr.mp3,https://dsal.uchicago.edu/dictionaries/hassan/audio/04737.mp3,,"venom, poison, toxin, hatred",zahr
n.f.,uchicago_S_Hassan,zakāt.mp3,https://dsal.uchicago.edu/dictionaries/hassan/audio/04738.mp3,,"alms, religious tax as a basic inn function of Islam",zakāt
v.,uchicago_S_Hassan,zakʰmī gaʦun.mp3,https://dsal.uchicago.edu/dictionaries/hassan/audio/04739.mp3,,"injure, hurt, damage",zakʰmī gaʦun
adj.,uchicago_S_Hassan,zakʰmī.mp3,https://dsal.uchicago.edu/dictionaries/hassan/audio/04740.mp3,,"wounded, injured, hurt, upset",zakʰmī
n.m.,uchicago_S_Hassan,zakʰιm.mp3,https://dsal.uchicago.edu/dictionaries/hassan/audio/04741.mp3,,"wound, sore, lesion, injury",zakʰιm
adj.,uchicago_S_Hassan,zə̄kir.mp3,https://dsal.uchicago.edu/dictionaries/hassan/audio/04742.mp3,,"knowledgeable, expert, well-informed",zə̄kir
n.,uchicago_S_Hassan,zal.mp3,https://dsal.uchicago.edu/dictionaries/hassan/audio/04743.mp3,,urine,zal
n.f.,uchicago_S_Hassan,zāl.mp3,https://dsal.uchicago.edu/dictionaries/hassan/audio/04744.mp3,,web (spider’s or like),zāl
v.,uchicago_S_Hassan,nār zālun.mp3,https://dsal.uchicago.edu/dictionaries/hassan/audio/04745.mp3,,"fire up, inflame, fan the flames of",nār zālun
v.,uchicago_S_Hassan,zālun.mp3,https://dsal.uchicago.edu/dictionaries/hassan/audio/04746.mp3,,"to burn, be on fire, blaze",zālun
n.m.,uchicago_S_Hassan,zalur.mp3,https://dsal.uchicago.edu/dictionaries/hassan/audio/04747.mp3,,spider,zalur
adj.,uchicago_S_Hassan,zalwun zalwun.mp3,https://dsal.uchicago.edu/dictionaries/hassan/audio/04748.mp3,,"hot, red-hot, burning up",zalwun zalwun
adj.,uchicago_S_Hassan,zalwun.mp3,https://dsal.uchicago.edu/dictionaries/hassan/audio/04749.mp3,,"provocative, incendiary, rousing, rabble-rousing",zalwun
n.f.,uchicago_S_Hassan,zamānǝt.mp3,https://dsal.uchicago.edu/dictionaries/hassan/audio/04750.mp3,,"bail, security, bond, financial guarantee",zamānǝt
n.m.,uchicago_S_Hassan,zamānι.mp3,https://dsal.uchicago.edu/dictionaries/hassan/audio/04751.mp3,,"span, era, age, phase, time",zamānι
n.,uchicago_S_Hassan,zāmdɔd.mp3,https://dsal.uchicago.edu/dictionaries/hassan/audio/04752.mp3,,curd,zāmdɔd
v.,uchicago_S_Hassan,zāmenʸ karin.mp3,https://dsal.uchicago.edu/dictionaries/hassan/audio/04753.mp3,,yawning,zāmenʸ karin
n.f.,uchicago_S_Hassan,zāmenʸ.mp3,https://dsal.uchicago.edu/dictionaries/hassan/audio/04754.mp3,,yawn,zāmenʸ
n.m.,uchicago_S_Hassan,zātukʰ.mp3,https://dsal.uchicago.edu/dictionaries/hassan/audio/04755.mp3,,the astrological calculation of a nativity,zātukʰ
n.m.,uchicago_S_Hassan,zamīn.mp3,https://dsal.uchicago.edu/dictionaries/hassan/audio/04756.mp3,,"ground, earth",zamīn
n.m.,uchicago_S_Hassan,zamīn cʰal.mp3,https://dsal.uchicago.edu/dictionaries/hassan/audio/04757.mp3,,a piece of land,zamīn cʰal
n.m.,uchicago_S_Hassan,zāmtur.mp3,https://dsal.uchicago.edu/dictionaries/hassan/audio/04758.mp3,,son-in-law,zāmtur
n.m.,uchicago_S_Hassan,zāmut.mp3,https://dsal.uchicago.edu/dictionaries/hassan/audio/04759.mp3,,birth,zāmut
n.f.,uchicago_S_Hassan,zāmιʦ.mp3,https://dsal.uchicago.edu/dictionaries/hassan/audio/04760.mp3,,birth,zāmιʦ
v.,uchicago_S_Hassan,zān karin.mp3,https://dsal.uchicago.edu/dictionaries/hassan/audio/04761.mp3,,"to discover, acquainted with,",zān karin
adv.,uchicago_S_Hassan,zan.mp3,https://dsal.uchicago.edu/dictionaries/hassan/audio/04762.mp3,,"for instance, for example, equally",zan
n.f.,uchicago_S_Hassan,zān.mp3,https://dsal.uchicago.edu/dictionaries/hassan/audio/04763.mp3,,"knowledge, acquaintance, familiarity, freindship",zān
n.f.,uchicago_S_Hassan,zanān.mp3,https://dsal.uchicago.edu/dictionaries/hassan/audio/04764.mp3,,"wife, spouse",zanān
n.pl.,uchicago_S_Hassan,zanānι.mp3,https://dsal.uchicago.edu/dictionaries/hassan/audio/04765.mp3,,women,zanānι
n.f.,uchicago_S_Hassan,zaⁿg.mp3,https://dsal.uchicago.edu/dictionaries/hassan/audio/04766.mp3,,leg,zaⁿg
n.f.,uchicago_S_Hassan,zaⁿg.mp3,https://dsal.uchicago.edu/dictionaries/hassan/audio/04767.mp3,,"rust, corrosion",zaⁿg
adv.,uchicago_S_Hassan,zaⁿh nι.mp3,https://dsal.uchicago.edu/dictionaries/hassan/audio/04768.mp3,,"never, on no account, not at all, by no means",zaⁿh nι
adv.,uchicago_S_Hassan,zaⁿh.mp3,https://dsal.uchicago.edu/dictionaries/hassan/audio/04769.mp3,,"ever, yet",zaⁿh
v.,uchicago_S_Hassan,zanjīr karin.mp3,https://dsal.uchicago.edu/dictionaries/hassan/audio/04770.mp3,,"enchain, bind, enslave",zanjīr karin
n.m.,uchicago_S_Hassan,zanjīr.mp3,https://dsal.uchicago.edu/dictionaries/hassan/audio/04771.mp3,,chain,zanjīr
v.,uchicago_S_Hassan,zānun mānun.mp3,https://dsal.uchicago.edu/dictionaries/hassan/audio/04772.mp3,,"be familiar with, distinguish, identify, understand, recognize",zānun mānun
n.f.,uchicago_S_Hassan,zaṭal.mp3,https://dsal.uchicago.edu/dictionaries/hassan/audio/04773.mp3,,"a false statement, misrepresentation, deceitful talk",zaṭal
v.,uchicago_S_Hassan,zānun.mp3,https://dsal.uchicago.edu/dictionaries/hassan/audio/04774.mp3,,"to perceive, distinguish, see, make out, observe, sense, feel, understand, comprehend",zānun
v.,uchicago_S_Hassan,zār giⁿdun.mp3,https://dsal.uchicago.edu/dictionaries/hassan/audio/04775.mp3,,to gamble,zār giⁿdun
adv.,uchicago_S_Hassan,zār zār wadun.mp3,https://dsal.uchicago.edu/dictionaries/hassan/audio/04776.mp3,,weep aloud,zār zār wadun
adj.,uchicago_S_Hassan,zar.mp3,https://dsal.uchicago.edu/dictionaries/hassan/audio/04777.mp3,,deafness,zar
v.,uchicago_S_Hassan,zōtun.mp3,https://dsal.uchicago.edu/dictionaries/hassan/audio/04778.mp3,,"to shine, gleam, glitter",zōtun
n.,uchicago_S_Hassan,zār.mp3,https://dsal.uchicago.edu/dictionaries/hassan/audio/04779.mp3,,"gambling, game (of hazrdard)",zār
n.m.,uchicago_S_Hassan,zarab kʰānι.mp3,https://dsal.uchicago.edu/dictionaries/hassan/audio/04780.mp3,,mint,zarab kʰānι
adj.,uchicago_S_Hassan,zard.mp3,https://dsal.uchicago.edu/dictionaries/hassan/audio/04781.mp3,,"yellow, golden",zard
v.,uchicago_S_Hassan,zarer wātnāwun.mp3,https://dsal.uchicago.edu/dictionaries/hassan/audio/04782.mp3,,"to injure, damage, harm, hurt",zarer wātnāwun
n.f.,uchicago_S_Hassan,zitin.mp3,https://dsal.uchicago.edu/dictionaries/hassan/audio/04783.mp3,,a spark,zitin
adj.,uchicago_S_Hassan,zarkʰēz.mp3,https://dsal.uchicago.edu/dictionaries/hassan/audio/04784.mp3,,fertile,zarkʰēz
n.,uchicago_S_Hassan,zārpār.mp3,https://dsal.uchicago.edu/dictionaries/hassan/audio/04785.mp3,,"request, call, appeal",zārpār
v.,uchicago_S_Hassan,zārpārι karun.mp3,https://dsal.uchicago.edu/dictionaries/hassan/audio/04786.mp3,,"intercede, plead, act as mediator, intervene",zārpārι karun
n.f.,uchicago_S_Hassan,zarūrat.mp3,https://dsal.uchicago.edu/dictionaries/hassan/audio/04787.mp3,,"necessity, need, requirement, essential",zarūrat
adj.,uchicago_S_Hassan,zarūri.mp3,https://dsal.uchicago.edu/dictionaries/hassan/audio/04788.mp3,,"necessary, essential, needed, compulsory",zarūri
v.,uchicago_S_Hassan,zarʸer.mp3,https://dsal.uchicago.edu/dictionaries/hassan/audio/04789.mp3,,"hurt, harm, damage",zarʸer
n.m.,uchicago_S_Hassan,zarb.mp3,https://dsal.uchicago.edu/dictionaries/hassan/audio/04790.mp3,,"intercession, intervention, mediation, negotiation",zarb
n.f.,uchicago_S_Hassan,zitine gāš.mp3,https://dsal.uchicago.edu/dictionaries/hassan/audio/04791.mp3,,"a spark light, a distant tiny gleam of light",zitine gāš
n.f.,uchicago_S_Hassan,zāt.mp3,https://dsal.uchicago.edu/dictionaries/hassan/audio/04792.mp3,,"surname, family name, caste, origin",zāt
n.f.,uchicago_S_Hassan,zaṭʰ.mp3,https://dsal.uchicago.edu/dictionaries/hassan/audio/04793.mp3,,"tangle, knot in hair, mesh",zaṭʰ
n.,uchicago_S_Hassan,zāy.mp3,https://dsal.uchicago.edu/dictionaries/hassan/audio/04794.mp3,,"& adj. waste, leftover, surplus, garbage, barren",zāy
v.,uchicago_S_Hassan,zāy karun.mp3,https://dsal.uchicago.edu/dictionaries/hassan/audio/04795.mp3,,"to waste, misuse, throw away, dissipate",zāy karun
v.,uchicago_S_Hassan,zazrun.mp3,https://dsal.uchicago.edu/dictionaries/hassan/audio/04796.mp3,,"decay, decompose, rot, molder, perish, corrode, waste away",zazrun
n.,uchicago_S_Hassan,zicʰēr.mp3,https://dsal.uchicago.edu/dictionaries/hassan/audio/04797.mp3,,eldership,zicʰēr
n.m.,uchicago_S_Hassan,zēcʰer.mp3,https://dsal.uchicago.edu/dictionaries/hassan/audio/04798.mp3,,"stature, height, tallness, size",zēcʰer
n.f.,uchicago_S_Hassan,zel.mp3,https://dsal.uchicago.edu/dictionaries/hassan/audio/04799.mp3,,cream,zel
n.,uchicago_S_Hassan,zǝmīndērī.mp3,https://dsal.uchicago.edu/dictionaries/hassan/audio/04800.mp3,,"& adj. farming, agriculture, cultivation",zǝmīndērī
n.m.,uchicago_S_Hassan,zenanwōl.mp3,https://dsal.uchicago.edu/dictionaries/hassan/audio/04801.mp3,,"conqueror, defeater, vanquisher, subjugator, captor",zenanwōl
n.m.,uchicago_S_Hassan,zitiš.mp3,https://dsal.uchicago.edu/dictionaries/hassan/audio/04802.mp3,,an astrologer,zitiš
v.,uchicago_S_Hassan,zēnun.mp3,https://dsal.uchicago.edu/dictionaries/hassan/audio/04803.mp3,,"to gain, obtain, secure, collect",zēnun
v.,uchicago_S_Hassan,zēn.mp3,https://dsal.uchicago.edu/dictionaries/hassan/audio/04804.mp3,,"win, come first, succeed, be the victor",zēn
n.f.,uchicago_S_Hassan,zǝnʸ.mp3,https://dsal.uchicago.edu/dictionaries/hassan/audio/04805.mp3,,"woman, lady, female",zǝnʸ
n.f.,uchicago_S_Hassan,zenι-jāy.mp3,https://dsal.uchicago.edu/dictionaries/hassan/audio/04806.mp3,,"birth-place, home, hometown, place of birth, source, origon",zenι-jāy
n.m.,uchicago_S_Hassan,zǝrι.mp3,https://dsal.uchicago.edu/dictionaries/hassan/audio/04807.mp3,,"atom, particle, molecule, bit",zǝrι
v.,uchicago_S_Hassan,zēṭʰrāwun.mp3,https://dsal.uchicago.edu/dictionaries/hassan/audio/04808.mp3,,"alter, modify, reallocate, shift",zēṭʰrāwun
n.f.,uchicago_S_Hassan,zev.mp3,https://dsal.uchicago.edu/dictionaries/hassan/audio/04809.mp3,,"tongue, language",zev
v.,uchicago_S_Hassan,zewrāwun.mp3,https://dsal.uchicago.edu/dictionaries/hassan/audio/04810.mp3,,curdle,zewrāwun
v.,uchicago_S_Hassan,zewun.mp3,https://dsal.uchicago.edu/dictionaries/hassan/audio/04811.mp3,,to curdle,zewun
v.,uchicago_S_Hassan,zewι kaḍun.mp3,https://dsal.uchicago.edu/dictionaries/hassan/audio/04812.mp3,,"utter, say, express, voice, speak",zewι kaḍun
n.,uchicago_S_Hassan,zǝytūn.mp3,https://dsal.uchicago.edu/dictionaries/hassan/audio/04813.mp3,,olive,zǝytūn
conj.,uchicago_S_Hassan,zi.mp3,https://dsal.uchicago.edu/dictionaries/hassan/audio/04814.mp3,,"(complimentizer) that, to introduce clause of purpose, consequence",zi
n.m.,uchicago_S_Hassan,zid.mp3,https://dsal.uchicago.edu/dictionaries/hassan/audio/04815.mp3,,"envy, jealousy, desire, resentment, greed",zid
n.f.,uchicago_S_Hassan,zaʦ.mp3,https://dsal.uchicago.edu/dictionaries/hassan/audio/04816.mp3,,a ray of light,zaʦ
n.m.,uchicago_S_Hassan,zidī.mp3,https://dsal.uchicago.edu/dictionaries/hassan/audio/04817.mp3,,"jealousy, spitefulness, nastiness, covetousness, envy",zidī
adj.,uchicago_S_Hassan,razīlι.mp3,https://dsal.uchicago.edu/dictionaries/hassan/audio/04818.mp3,,"mean, nasty, unkind, hurtful, horrid, spiteful",razīlι
n.m.,uchicago_S_Hassan,zillι.mp3,https://dsal.uchicago.edu/dictionaries/hassan/audio/04819.mp3,,"district, region, ward, locality, neighborhood",zillι
n.m.,uchicago_S_Hassan,zin moⁿḍ.mp3,https://dsal.uchicago.edu/dictionaries/hassan/audio/04820.mp3,,log,zin moⁿḍ
n.m.,uchicago_S_Hassan,zīn.mp3,https://dsal.uchicago.edu/dictionaries/hassan/audio/04821.mp3,,a saddle,zīn
n.m.,uchicago_S_Hassan,zinah.mp3,https://dsal.uchicago.edu/dictionaries/hassan/audio/04822.mp3,,adultery,zinah
n.f.,uchicago_S_Hassan,zindagī.mp3,https://dsal.uchicago.edu/dictionaries/hassan/audio/04823.mp3,,"life, existence, living",zindagī
v.,uchicago_S_Hassan,zindι rozun.mp3,https://dsal.uchicago.edu/dictionaries/hassan/audio/04824.mp3,,to live,zindι rozun
adj.,uchicago_S_Hassan,zindι.mp3,https://dsal.uchicago.edu/dictionaries/hassan/audio/04825.mp3,,"alive, living, animate, breathing, active, full of beans",zindι
n.f.,uchicago_S_Hassan,zinʸ hǝṭ.mp3,https://dsal.uchicago.edu/dictionaries/hassan/audio/04826.mp3,,"brushwood, firewood, sticks, kindling",zinʸ hǝṭ
n.,uchicago_S_Hassan,zirāt.mp3,https://dsal.uchicago.edu/dictionaries/hassan/audio/04827.mp3,,field for plough and farming,zirāt
adj.,uchicago_S_Hassan,zῑʦal.mp3,https://dsal.uchicago.edu/dictionaries/hassan/audio/04828.mp3,,"of good caste, of good birth, of good breed",zῑʦal
n.f.,uchicago_S_Hassan,ziyāfat.mp3,https://dsal.uchicago.edu/dictionaries/hassan/audio/04829.mp3,,"feast, formal dinner, banquet",ziyāfat
adj.,uchicago_S_Hassan,ziyārə̄ti zǝmīn.mp3,https://dsal.uchicago.edu/dictionaries/hassan/audio/04830.mp3,,arable land,ziyārə̄ti zǝmīn
n.m.,uchicago_S_Hassan,ziyun.mp3,https://dsal.uchicago.edu/dictionaries/hassan/audio/04831.mp3,,firwood,ziyun
n.m.,uchicago_S_Hassan,ziyur.mp3,https://dsal.uchicago.edu/dictionaries/hassan/audio/04832.mp3,,grand children,ziyur
n.f.,uchicago_S_Hassan,zιr.mp3,https://dsal.uchicago.edu/dictionaries/hassan/audio/04833.mp3,,deaf,zιr
n.m.,uchicago_S_Hassan,zod.mp3,https://dsal.uchicago.edu/dictionaries/hassan/audio/04834.mp3,,"hole, gap, opening, outlet, puncture, aperture, perforation",zod
n.m.,uchicago_S_Hassan,zohr.mp3,https://dsal.uchicago.edu/dictionaries/hassan/audio/04835.mp3,,venus,zohr
n.m.,uchicago_S_Hassan,zōl.mp3,https://dsal.uchicago.edu/dictionaries/hassan/audio/04836.mp3,,"fungal disease of toes, tenia-pedis",zōl
adj.,uchicago_S_Hassan,zͻlι.mp3,https://dsal.uchicago.edu/dictionaries/hassan/audio/04837.mp3,,"drowsy, lethargic, heavy-eyed, tired, sleepy",zͻlι
n.f.,uchicago_S_Hassan,zūn.mp3,https://dsal.uchicago.edu/dictionaries/hassan/audio/04838.mp3,,egg yolk,zūn
n.m.,uchicago_S_Hassan,zon.mp3,https://dsal.uchicago.edu/dictionaries/hassan/audio/04839.mp3,,"person, man, guy, individual",zon
adj.,uchicago_S_Hassan,zōnʸmut.mp3,https://dsal.uchicago.edu/dictionaries/hassan/audio/04840.mp3,,"known, recognized, acknowledged, well-known",zōnʸmut
v.,uchicago_S_Hassan,zōr dʸun.mp3,https://dsal.uchicago.edu/dictionaries/hassan/audio/04841.mp3,,to make efforts,zōr dʸun
adj.,uchicago_S_Hassan,zor.mp3,https://dsal.uchicago.edu/dictionaries/hassan/audio/04842.mp3,,"deaf, hard of hearing, hearing-impaired, unable to hear",zor
n.m.,uchicago_S_Hassan,zōr.mp3,https://dsal.uchicago.edu/dictionaries/hassan/audio/04843.mp3,,"ferocity, forcefulness, aggression, violence, brutality, cruelty, sadism, fierceness",zōr
v.,uchicago_S_Hassan,zorāwǝrī.mp3,https://dsal.uchicago.edu/dictionaries/hassan/audio/04844.mp3,,"overcoming, prevail over, conquer, defeat, overpower",zorāwǝrī
adj.,uchicago_S_Hassan,zōrawār.mp3,https://dsal.uchicago.edu/dictionaries/hassan/audio/04845.mp3,,"powerful, strong, influential, commanding, great",zōrawār
v.,uchicago_S_Hassan,zōrāwār gaʦun.mp3,https://dsal.uchicago.edu/dictionaries/hassan/audio/04846.mp3,,to win by force,zōrāwār gaʦun
adv.,uchicago_S_Hassan,zōrιh.mp3,https://dsal.uchicago.edu/dictionaries/hassan/audio/04847.mp3,,"very hard, strongly, powerfully, muscularly, robustly",zōrιh
n.pl.,uchicago_S_Hassan,zͻvι.mp3,https://dsal.uchicago.edu/dictionaries/hassan/audio/04848.mp3,,lice,zͻvι
n.m.,uchicago_S_Hassan,zūv.mp3,https://dsal.uchicago.edu/dictionaries/hassan/audio/04849.mp3,,"spirit, life-force, strength, will",zūv
v.,uchicago_S_Hassan,zod karun.mp3,https://dsal.uchicago.edu/dictionaries/hassan/audio/04850.mp3,,"pierce, prick, penetrate, perforate, puncture",zod karun
n.m.,uchicago_S_Hassan,zūl.mp3,https://dsal.uchicago.edu/dictionaries/hassan/audio/04851.mp3,,"illumination, lighting",zūl
v.,uchicago_S_Hassan,zulm karun.mp3,https://dsal.uchicago.edu/dictionaries/hassan/audio/04852.mp3,,"to oppress, repress, subjugate",zulm karun
n.m.,uchicago_S_Hassan,zulm.mp3,https://dsal.uchicago.edu/dictionaries/hassan/audio/04853.mp3,,"aggression, tyranny, oppression, domination, violence, brutality, cruelty, sadism, fierceness",zulm
v.,uchicago_S_Hassan,zulun.mp3,https://dsal.uchicago.edu/dictionaries/hassan/audio/04854.mp3,,"cut off, cut, file, sharpen",zulun
n.f.,uchicago_S_Hassan,zūn.mp3,https://dsal.uchicago.edu/dictionaries/hassan/audio/04855.mp3,,moon,zūn
n.f.,uchicago_S_Hassan,zunι gāš.mp3,https://dsal.uchicago.edu/dictionaries/hassan/audio/04856.mp3,,moonlight,zunι gāš
n.,uchicago_S_Hassan,zurʸ.mp3,https://dsal.uchicago.edu/dictionaries/hassan/audio/04857.mp3,,aniseed,zurʸ
n.,uchicago_S_Hassan,zutōwuh.mp3,https://dsal.uchicago.edu/dictionaries/hassan/audio/04858.mp3,,twenty-two,zutōwuh
adj.,uchicago_S_Hassan,zutōwuhʸum.mp3,https://dsal.uchicago.edu/dictionaries/hassan/audio/04859.mp3,,twenty-second,zutōwuhʸum
v.,uchicago_S_Hassan,zev pʰͻrān.mp3,https://dsal.uchicago.edu/dictionaries/hassan/audio/04860.mp3,,"the telling a long story with great prolixity, verbose",zev pʰͻrān
n.m.,uchicago_S_Hassan,zʸuṭʰ beni.mp3,https://dsal.uchicago.edu/dictionaries/hassan/audio/04861.mp3,,"firewood, timber, wood",zʸuṭʰ beni
n.m.,uchicago_S_Hassan,zʸuṭʰ bōy.mp3,https://dsal.uchicago.edu/dictionaries/hassan/audio/04862.mp3,,eldest brother,zʸuṭʰ bōy
adj.,uchicago_S_Hassan,zʸiṭʰ.mp3,https://dsal.uchicago.edu/dictionaries/hassan/audio/04863.mp3,,respected people,zʸiṭʰ
adj.,uchicago_S_Hassan,zʸūṭʰ.mp3,https://dsal.uchicago.edu/dictionaries/hassan/audio/04864.mp3,,"tall, above an average height",zʸūṭʰ
n.,uchicago_S_Hassan,zι.mp3,https://dsal.uchicago.edu/dictionaries/hassan/audio/04865.mp3,,"two, pair",zι
adv.,uchicago_S_Hassan,zῑhir pə̄ṭʰ.mp3,https://dsal.uchicago.edu/dictionaries/hassan/audio/04866.mp3,,"ostensibly, seemingly, superficially, apparently",zῑhir pə̄ṭʰ
n.f.,uchicago_S_Hassan,jal.mp3,https://dsal.uchicago.edu/dictionaries/hassan/audio/04867.mp3,,name of a certain small bird with a sweet voice,jal
v.,uchicago_S_Hassan,zιlun.mp3,https://dsal.uchicago.edu/dictionaries/hassan/audio/04868.mp3,,"scrape, peel, abrade, grate",zιlun
v.,uchicago_S_Hassan,zīn gaⁿḍun.mp3,https://dsal.uchicago.edu/dictionaries/hassan/audio/04869.mp3,,to saddle,zīn gaⁿḍun
n.f.,uchicago_S_Hassan,zιṭʰ.mp3,https://dsal.uchicago.edu/dictionaries/hassan/audio/04870.mp3,,elder or old,zιṭʰ
n.f.,uchicago_S_Hassan,zιʦ.mp3,https://dsal.uchicago.edu/dictionaries/hassan/audio/04871.mp3,,"ray, beam, glimmer, gleam",zιʦ
v.,uchicago_S_Hassan,zə̄hir karun.mp3,https://dsal.uchicago.edu/dictionaries/hassan/audio/04872.mp3,,"publish, print, bring out",zə̄hir karun
adj.,uchicago_S_Hassan,zə̄hiri.mp3,https://dsal.uchicago.edu/dictionaries/hassan/audio/04873.mp3,,"visible, observable, noticeable, evident, detectable, obvious",zə̄hiri
n.m.,uchicago_S_Hassan,zə̄lim.mp3,https://dsal.uchicago.edu/dictionaries/hassan/audio/04874.mp3,,"tyrant, oppressor, tormenter, persecutor",zə̄lim
n.f.,uchicago_S_Hassan,zə̄r.mp3,https://dsal.uchicago.edu/dictionaries/hassan/audio/04875.mp3,,gambler,zə̄r
adj.,uchicago_S_Hassan,zə̄vʸul.mp3,https://dsal.uchicago.edu/dictionaries/hassan/audio/04876.mp3,,"slim, lean, slender",zə̄vʸul
n.m.,uchicago_S_Hassan,zə̄yir.mp3,https://dsal.uchicago.edu/dictionaries/hassan/audio/04877.mp3,,pilgrim,zə̄yir
adj.,uchicago_S_Hassan,ιndrιhumal.mp3,https://dsal.uchicago.edu/dictionaries/hassan/audio/04878.mp3,,"introvert, shy person",ιndrιhumal
adj.,uchicago_S_Hassan,ūṭʰʸum.mp3,https://dsal.uchicago.edu/dictionaries/hassan/audio/04880.mp3,,eighth,ūṭʰʸum
adj.,uchicago_S_Hassan,ə̄di.mp3,https://dsal.uchicago.edu/dictionaries/hassan/audio/04881.mp3,,"habitual, usual, addicted, regular",ə̄di
v.,uchicago_S_Hassan,ə̄ḍrāwun.mp3,https://dsal.uchicago.edu/dictionaries/hassan/audio/04882.mp3,,"to knead, mix (as flour with water), to set a person to work, to commence",ə̄ḍrāwun
v.,uchicago_S_Hassan,ə̄ḍrun.mp3,https://dsal.uchicago.edu/dictionaries/hassan/audio/04883.mp3,,"to mix with liquid, to make dough, mud etc",ə̄ḍrun
v.,uchicago_S_Hassan,ə̄ḍzə̄ḍ karin.mp3,https://dsal.uchicago.edu/dictionaries/hassan/audio/04884.mp3,,"rebuke, scolding, telling off",ə̄ḍzə̄ḍ karin
n.f.,uchicago_S_Hassan,ə̄ḍzə̄ḍ.mp3,https://dsal.uchicago.edu/dictionaries/hassan/audio/04885.mp3,,"scolding, reproach, rebuke, waste",ə̄ḍzə̄ḍ
v.,uchicago_S_Hassan,ə̄hī karin.mp3,https://dsal.uchicago.edu/dictionaries/hassan/audio/04886.mp3,,to bless,ə̄hī karin
v.,uchicago_S_Hassan,ə̄hī.mp3,https://dsal.uchicago.edu/dictionaries/hassan/audio/04887.mp3,,"pray, wish, call upon",ə̄hī
adj.,uchicago_S_Hassan,ə̄kʰrī.mp3,https://dsal.uchicago.edu/dictionaries/hassan/audio/04888.mp3,,"final, last, ultimate",ə̄kʰrī
n.f.,uchicago_S_Hassan,ə̄ṭιj.mp3,https://dsal.uchicago.edu/dictionaries/hassan/audio/04889.mp3,,"soften dough, leaven",ə̄ṭιj
n.m.,uchicago_S_Hassan,ə̄l.mp3,https://dsal.uchicago.edu/dictionaries/hassan/audio/04890.mp3,,cardamom,ə̄l
adv.,uchicago_S_Hassan,zev zev karun.mp3,https://dsal.uchicago.edu/dictionaries/hassan/audio/04891.mp3,,to urge another by word of mouth,zev zev karun
n.f.,uchicago_S_Hassan,ə̄lci.mp3,https://dsal.uchicago.edu/dictionaries/hassan/audio/04892.mp3,,plums,ə̄lci
n.m.,uchicago_S_Hassan,ə̄lci kul.mp3,https://dsal.uchicago.edu/dictionaries/hassan/audio/04893.mp3,,plum tree,ə̄lci kul
n.m.,uchicago_S_Hassan,ə̄nak.mp3,https://dsal.uchicago.edu/dictionaries/hassan/audio/04894.mp3,,"spectacles, specs, eyeglasses, glasses",ə̄nak
n.f.,uchicago_S_Hassan,ə̄ⁿṭ.mp3,https://dsal.uchicago.edu/dictionaries/hassan/audio/04895.mp3,,"stone of fruit, hard seed of a fruit",ə̄ⁿṭ
n.m.,uchicago_S_Hassan,ə̄nι.mp3,https://dsal.uchicago.edu/dictionaries/hassan/audio/04896.mp3,,"mirror, spec, spectacle",ə̄nι
n.m.,uchicago_S_Hassan,ə̄nιgagur.mp3,https://dsal.uchicago.edu/dictionaries/hassan/audio/04897.mp3,,musk rat,ə̄nιgagur
n.f.,uchicago_S_Hassan,ə̄r.mp3,https://dsal.uchicago.edu/dictionaries/hassan/audio/04898.mp3,,"awl, a kind of tool, bradawl, borer",ə̄r
v.,uchicago_S_Hassan,ə̄rak yun.mp3,https://dsal.uchicago.edu/dictionaries/hassan/audio/04899.mp3,,"sweat, work, worry, be concerned, be afraid",ə̄rak yun
n.m.,uchicago_S_Hassan,zͻv.mp3,https://dsal.uchicago.edu/dictionaries/hassan/audio/04900.mp3,,a louse,zͻv
n.,uchicago_S_Hassan,ə̄rakʰ.mp3,https://dsal.uchicago.edu/dictionaries/hassan/audio/04901.mp3,,"perspiration, sweat",ə̄rakʰ
n.m.,uchicago_S_Hassan,ə̄rikaš.mp3,https://dsal.uchicago.edu/dictionaries/hassan/audio/04902.mp3,,sawyer,ə̄rikaš
v.,uchicago_S_Hassan,ə̄s.mp3,https://dsal.uchicago.edu/dictionaries/hassan/audio/04903.mp3,,(3rd per.sing.f.) (she) was,ə̄s
n.m.,uchicago_S_Hassan,ə̄s.mp3,https://dsal.uchicago.edu/dictionaries/hassan/audio/04904.mp3,,mouth,ə̄s
n.f.,uchicago_S_Hassan,ə̄šnāv bāy.mp3,https://dsal.uchicago.edu/dictionaries/hassan/audio/04905.mp3,,"kinship, kinswoman",ə̄šnāv bāy
n.m.,uchicago_S_Hassan,zovi kacʰ.mp3,https://dsal.uchicago.edu/dictionaries/hassan/audio/04906.mp3,,a certain medicinal grass,zovi kacʰ
n.,uchicago_S_Hassan,ə̄šnāv.mp3,https://dsal.uchicago.edu/dictionaries/hassan/audio/04907.mp3,,"relative, relation, family member, next of kin",ə̄šnāv
v.,uchicago_S_Hassan,ə̄sι kaḍun.mp3,https://dsal.uchicago.edu/dictionaries/hassan/audio/04908.mp3,,"utter, say, express, voice",ə̄sι kaḍun
v.,uchicago_S_Hassan,ə̄ṭij banāwin.mp3,https://dsal.uchicago.edu/dictionaries/hassan/audio/04909.mp3,,to make glue with wheat,ə̄ṭij banāwin
v.,uchicago_S_Hassan,ǝbrun.mp3,https://dsal.uchicago.edu/dictionaries/hassan/audio/04910.mp3,,to cloud up,ǝbrun
adj.,uchicago_S_Hassan,ə̄yūl pan.mp3,https://dsal.uchicago.edu/dictionaries/hassan/audio/04911.mp3,,thread which is not strong,ə̄yūl pan
n.m.,uchicago_S_Hassan,abāzun.mp3,https://dsal.uchicago.edu/dictionaries/hassan/audio/04912.mp3,,"one without virtue, wealth, or knowledge",abāzun
n.,uchicago_S_Hassan,ācʰar.mp3,https://dsal.uchicago.edu/dictionaries/hassan/audio/04913.mp3,,"wonderful, strange",ācʰar
adj.,uchicago_S_Hassan,acʰīṭ.mp3,https://dsal.uchicago.edu/dictionaries/hassan/audio/04914.mp3,,"possessing the evil eye, jealous",acʰīṭ
n.,uchicago_S_Hassan,ācʰor.mp3,https://dsal.uchicago.edu/dictionaries/hassan/audio/04915.mp3,,"untaught, untrained",ācʰor
v.,uchicago_S_Hassan,adal badal wanun.mp3,https://dsal.uchicago.edu/dictionaries/hassan/audio/04916.mp3,,to make an incorrect statement in conversation; to give incorrect instruction,adal badal wanun
n.,uchicago_S_Hassan,adal wadal.mp3,https://dsal.uchicago.edu/dictionaries/hassan/audio/04917.mp3,,"abusive language, attacking abusively",adal wadal
n.m.,uchicago_S_Hassan,adālǝti.mp3,https://dsal.uchicago.edu/dictionaries/hassan/audio/04918.mp3,,"one who presides in a court of justice, a judge",adālǝti
adv.,uchicago_S_Hassan,aḍam zaḍ.mp3,https://dsal.uchicago.edu/dictionaries/hassan/audio/04919.mp3,,"very little, used regarding the partial return of something deposited",aḍam zaḍ
n.m.,uchicago_S_Hassan,ādan bōj.mp3,https://dsal.uchicago.edu/dictionaries/hassan/audio/04920.mp3,,"a brother-friend who from childhood have grown up together as brothers, but are not brothers by blood",ādan bōj
n.m.,uchicago_S_Hassan,ādan yār.mp3,https://dsal.uchicago.edu/dictionaries/hassan/audio/04921.mp3,,one who has been a friend from childhood,ādan yār
n.,uchicago_S_Hassan,ādan.mp3,https://dsal.uchicago.edu/dictionaries/hassan/audio/04922.mp3,,a first-born child of a woman,ādan
n.,uchicago_S_Hassan,ādan.mp3,https://dsal.uchicago.edu/dictionaries/hassan/audio/04923.mp3,,"a period, time, term, limit of time",ādan
n.,uchicago_S_Hassan,ādār.mp3,https://dsal.uchicago.edu/dictionaries/hassan/audio/04924.mp3,,a support,ādār
n.,uchicago_S_Hassan,ādar.mp3,https://dsal.uchicago.edu/dictionaries/hassan/audio/04925.mp3,,"honour, respect, respect shown by an inferior to a superior",ādar
n.m.,uchicago_S_Hassan,ādι.mp3,https://dsal.uchicago.edu/dictionaries/hassan/audio/04926.mp3,,a beginning,ādι
n.m.,uchicago_S_Hassan,aḍijι kʰōⁿgur.mp3,https://dsal.uchicago.edu/dictionaries/hassan/audio/04927.mp3,,"a skeleton; a main bone of a complete skeleton, a living skeleton (of one who is very lean)",aḍijι kʰōⁿgur
n.m.,uchicago_S_Hassan,aḍijι trangur.mp3,https://dsal.uchicago.edu/dictionaries/hassan/audio/04928.mp3,,a string of connected bones,aḍijι trangur
v.,uchicago_S_Hassan,aḍun.mp3,https://dsal.uchicago.edu/dictionaries/hassan/audio/04929.mp3,,"to become half; hence, to become lean or wasted",aḍun
n.m.,uchicago_S_Hassan,adyāy.mp3,https://dsal.uchicago.edu/dictionaries/hassan/audio/04930.mp3,,a chapter or section of a book,adyāy
n.m.,uchicago_S_Hassan,aḍʸul.mp3,https://dsal.uchicago.edu/dictionaries/hassan/audio/04931.mp3,,"the rounded head of a bone, a large bone, such as that of the leg",aḍʸul
n.f.,uchicago_S_Hassan,aḍι kǝj.mp3,https://dsal.uchicago.edu/dictionaries/hassan/audio/04932.mp3,,one who stammer,aḍι kǝj
adj.,uchicago_S_Hassan,aḍι trakur.mp3,https://dsal.uchicago.edu/dictionaries/hassan/audio/04933.mp3,,having hard or strong bones,aḍι trakur
adj.,uchicago_S_Hassan,adog.mp3,https://dsal.uchicago.edu/dictionaries/hassan/audio/04934.mp3,,not husked (as of paddy in a mortar),adog
v.,uchicago_S_Hassan,afsūs lārun.mp3,https://dsal.uchicago.edu/dictionaries/hassan/audio/04935.mp3,,to become vexed,afsūs lārun
n.m.,uchicago_S_Hassan,āg bāg.mp3,https://dsal.uchicago.edu/dictionaries/hassan/audio/04936.mp3,,"checking, careful examination",āg bāg
n.m.,uchicago_S_Hassan,ag.mp3,https://dsal.uchicago.edu/dictionaries/hassan/audio/04937.mp3,,a knot in wood; the knot in a tree,ag
v.,uchicago_S_Hassan,agādi gaʦun.mp3,https://dsal.uchicago.edu/dictionaries/hassan/audio/04938.mp3,,"to persevere steadily, to persist till one has gained one's object, to display causeless wrath against one who is without fault",agādi gaʦun
adj.,uchicago_S_Hassan,agāl magāl.mp3,https://dsal.uchicago.edu/dictionaries/hassan/audio/04939.mp3,,"dirtied, etc.; used specially of incorrect writing full of mistakes",agāl magāl
v.,uchicago_S_Hassan,agun diyun.mp3,https://dsal.uchicago.edu/dictionaries/hassan/audio/04940.mp3,,to fire,agun diyun
n.,uchicago_S_Hassan,agastι pōš.mp3,https://dsal.uchicago.edu/dictionaries/hassan/audio/04941.mp3,,"the name of a certain plant described as blooming in the autumn, having a strong scent, with flowers of nearly every colour",agastι pōš
n.,uchicago_S_Hassan,āgāz.mp3,https://dsal.uchicago.edu/dictionaries/hassan/audio/04942.mp3,,"beginning, commencement",āgāz
n.f.,uchicago_S_Hassan,agǝnḍ.mp3,https://dsal.uchicago.edu/dictionaries/hassan/audio/04943.mp3,,not tied up,agǝnḍ
adj.,uchicago_S_Hassan,agol.mp3,https://dsal.uchicago.edu/dictionaries/hassan/audio/04944.mp3,,"not molten, not melted, still unmelted, not reduced to a liquid form (usually of metals exposed to heat)",agol
n.m.,uchicago_S_Hassan,agonḍ.mp3,https://dsal.uchicago.edu/dictionaries/hassan/audio/04945.mp3,,not tied up,agonḍ
n.,uchicago_S_Hassan,agōr.mp3,https://dsal.uchicago.edu/dictionaries/hassan/audio/04946.mp3,,"not terrible, a euphemistic name of Lord šiva",agōr
adj.,uchicago_S_Hassan,agor.mp3,https://dsal.uchicago.edu/dictionaries/hassan/audio/04947.mp3,,"not worked, not smoothed off, rough (of metal vessels or ornaments, earthen vessels, wooden pillars",agor
adj.,uchicago_S_Hassan,aguh.mp3,https://dsal.uchicago.edu/dictionaries/hassan/audio/04948.mp3,,"not ground, not reduced to a fine powder",aguh
n.,uchicago_S_Hassan,agun.mp3,https://dsal.uchicago.edu/dictionaries/hassan/audio/04949.mp3,,fire,agun
n.,uchicago_S_Hassan,agunι kuṭʰ.mp3,https://dsal.uchicago.edu/dictionaries/hassan/audio/04950.mp3,,the name of a particular moment or place fixed for sacrificial purposes,agunι kuṭʰ
n.,uchicago_S_Hassan,agunιkonḍ.mp3,https://dsal.uchicago.edu/dictionaries/hassan/audio/04951.mp3,,a hole or enclosed space for the consecrated fire at a sacrifice,agunιkonḍ
n.,uchicago_S_Hassan,āgur.mp3,https://dsal.uchicago.edu/dictionaries/hassan/audio/04952.mp3,,a place of origin or source,āgur
n.,uchicago_S_Hassan,agur.mp3,https://dsal.uchicago.edu/dictionaries/hassan/audio/04953.mp3,,sandal,agur
v.,uchicago_S_Hassan,āgyā din.mp3,https://dsal.uchicago.edu/dictionaries/hassan/audio/04954.mp3,,to give an order; to decide,āgyā din
v.,uchicago_S_Hassan,āgyā karin.mp3,https://dsal.uchicago.edu/dictionaries/hassan/audio/04955.mp3,,to make an order; to make a proposition,āgyā karin
n.,uchicago_S_Hassan,agyān.mp3,https://dsal.uchicago.edu/dictionaries/hassan/audio/04956.mp3,,"ignorance, want of intelligence",agyān
n.f.,uchicago_S_Hassan,āgι bāy.mp3,https://dsal.uchicago.edu/dictionaries/hassan/audio/04957.mp3,,"a master's wife, a mistress",āgι bāy
n.m.,uchicago_S_Hassan,agι ziyun.mp3,https://dsal.uchicago.edu/dictionaries/hassan/audio/04958.mp3,,firewood in which there are many knots,agι ziyun
n.m.,uchicago_S_Hassan,agιdār.mp3,https://dsal.uchicago.edu/dictionaries/hassan/audio/04959.mp3,,timber in which there are many knots,agιdār
adj.,uchicago_S_Hassan,āhabāvī.mp3,https://dsal.uchicago.edu/dictionaries/hassan/audio/04960.mp3,,selfish,āhabāvī
n.,uchicago_S_Hassan,ahāl.mp3,https://dsal.uchicago.edu/dictionaries/hassan/audio/04961.mp3,,"to be skilful in any work, to be well practised in anything, to know how to do anything",ahāl
v.,uchicago_S_Hassan,āham.mp3,https://dsal.uchicago.edu/dictionaries/hassan/audio/04962.mp3,,came to me,āham
n.m.,uchicago_S_Hassan,ahankār.mp3,https://dsal.uchicago.edu/dictionaries/hassan/audio/04963.mp3,,"pride, vanity, overweening or insolent behaviour, whether due to wealth, knowledge, or family; the conceit of individuality, belief in the independent existence of the ego",ahankār
v.,uchicago_S_Hassan,āhār.mp3,https://dsal.uchicago.edu/dictionaries/hassan/audio/04964.mp3,,to eat,āhār
v.,uchicago_S_Hassan,ahlāwun.mp3,https://dsal.uchicago.edu/dictionaries/hassan/audio/04965.mp3,,causes another to agree to any action,ahlāwun
v.,uchicago_S_Hassan,ahlun.mp3,https://dsal.uchicago.edu/dictionaries/hassan/audio/04966.mp3,,to agree to any action,ahlun
n.,uchicago_S_Hassan,āhō.mp3,https://dsal.uchicago.edu/dictionaries/hassan/audio/04967.mp3,,a deer,āhō
adj.,uchicago_S_Hassan,ahōr.mp3,https://dsal.uchicago.edu/dictionaries/hassan/audio/04968.mp3,,"not returned (of a debt, or anything lent)",ahōr
n.f.,uchicago_S_Hassan,ahrēmιʦ.mp3,https://dsal.uchicago.edu/dictionaries/hassan/audio/04969.mp3,,one who has become hard or obstinate by perversity or change of nature,ahrēmιʦ
n.m.,uchicago_S_Hassan,ahrōymut.mp3,https://dsal.uchicago.edu/dictionaries/hassan/audio/04970.mp3,,one who has become hard or obstinate by perversity or change of nature,ahrōymut
v.,uchicago_S_Hassan,ahrun.mp3,https://dsal.uchicago.edu/dictionaries/hassan/audio/04971.mp3,,"to be distraught from fear, sorrow, or the like; also, to show extreme obstinacy",ahrun
n.m.,uchicago_S_Hassan,ahrιbal.mp3,https://dsal.uchicago.edu/dictionaries/hassan/audio/04972.mp3,,the name of a well-known district and waterfall in Kashmīr,ahrιbal
adj.,uchicago_S_Hassan,aji hāri hʸund.mp3,https://dsal.uchicago.edu/dictionaries/hassan/audio/04973.mp3,,"of half a cowry, worth only half a cowry, worth nothing",aji hāri hʸund
adv.,uchicago_S_Hassan,aji rə̄ʦ.mp3,https://dsal.uchicago.edu/dictionaries/hassan/audio/04974.mp3,,at midnight,aji rə̄ʦ
adv.,uchicago_S_Hassan,ajī wait.mp3,https://dsal.uchicago.edu/dictionaries/hassan/audio/04975.mp3,,exactly half-way,ajī wait
adv.,uchicago_S_Hassan,aji wati.mp3,https://dsal.uchicago.edu/dictionaries/hassan/audio/04976.mp3,,"at half-way, having reached half-way",aji wati
adj.,uchicago_S_Hassan,aji.mp3,https://dsal.uchicago.edu/dictionaries/hassan/audio/04977.mp3,,"half, partially, partly",aji
adj.,uchicago_S_Hassan,akōy.mp3,https://dsal.uchicago.edu/dictionaries/hassan/audio/04978.mp3,,only one,akōy
n.m.,uchicago_S_Hassan,āmun.mp3,https://dsal.uchicago.edu/dictionaries/hassan/audio/04979.mp3,,the acrid smell of burning cloth,āmun
n.m.,uchicago_S_Hassan,āⁿcār noṭ.mp3,https://dsal.uchicago.edu/dictionaries/hassan/audio/04980.mp3,,a pickle jar,āⁿcār noṭ
n.m.,uchicago_S_Hassan,āⁿcār.mp3,https://dsal.uchicago.edu/dictionaries/hassan/audio/04981.mp3,,pickles,āⁿcār
n.m.,uchicago_S_Hassan,ātʰwar.mp3,https://dsal.uchicago.edu/dictionaries/hassan/audio/04982.mp3,,"Sunday, the name of the first day of the week",ātʰwar
adv.,uchicago_S_Hassan,atines.mp3,https://dsal.uchicago.edu/dictionaries/hassan/audio/04983.mp3,,there,atines
n.m.,uchicago_S_Hassan,aṭι bōr.mp3,https://dsal.uchicago.edu/dictionaries/hassan/audio/04984.mp3,,a burden carried on the shoulder or back; a shoulder on which a burden is carried,aṭι bōr
n.f.,uchicago_S_Hassan,aṭι.mp3,https://dsal.uchicago.edu/dictionaries/hassan/audio/04985.mp3,,the rope for tying a burden on the shoulders,aṭι
interj.,uchicago_S_Hassan,ə̄yi kʰͻdāyi.mp3,https://dsal.uchicago.edu/dictionaries/hassan/audio/04986.mp3,,O God!,ə̄yi kʰͻdāyi
interj.,uchicago_S_Hassan,ə̄yi.mp3,https://dsal.uchicago.edu/dictionaries/hassan/audio/04987.mp3,,O!,ə̄yi
v.,uchicago_S_Hassan,bab din.mp3,https://dsal.uchicago.edu/dictionaries/hassan/audio/04988.mp3,,"to give the breast, to apply a child to the breast, to give suck",bab din
n.f.,uchicago_S_Hassan,babal.mp3,https://dsal.uchicago.edu/dictionaries/hassan/audio/04989.mp3,,"possessing a large bosom, full-bosomed, high-bosomed",babal
n.m.sg.,uchicago_S_Hassan,babi ṭoⁿḍ.mp3,https://dsal.uchicago.edu/dictionaries/hassan/audio/04990.mp3,,nipple of the breast of a human being or beast,babi ṭoⁿḍ
n.m.,uchicago_S_Hassan,bābū.mp3,https://dsal.uchicago.edu/dictionaries/hassan/audio/04991.mp3,,used for addressing an immigrant from India,bābū
n.m.,uchicago_S_Hassan,bābūna.mp3,https://dsal.uchicago.edu/dictionaries/hassan/audio/04992.mp3,,camomile; camomile flowers; Matricaria chamomilla,bābūna
n.f.,uchicago_S_Hassan,babι dag.mp3,https://dsal.uchicago.edu/dictionaries/hassan/audio/04993.mp3,,grief for the death of a father,babι dag
adj.,uchicago_S_Hassan,babι kə̄n.mp3,https://dsal.uchicago.edu/dictionaries/hassan/audio/04994.mp3,,a woman or female beast suffering from obstruction of the flow of milk,babι kə̄n
adj.,uchicago_S_Hassan,babι rostι.mp3,https://dsal.uchicago.edu/dictionaries/hassan/audio/04995.mp3,,"wanting a father, one whose father is dead, especially who is not yet grown up",babι rostι
n.m.,uchicago_S_Hassan,babι wāy.mp3,https://dsal.uchicago.edu/dictionaries/hassan/audio/04996.mp3,,"a severe pain in a woman's bosom; caused by disease, or as a consequence of the unsatisfied longing of a pregnant woman",babι wāy
n.m.,uchicago_S_Hassan,babι wohav.mp3,https://dsal.uchicago.edu/dictionaries/hassan/audio/04997.mp3,,vulgar abuse or imprecations uttered against a person's father,babι wohav
adj.,uchicago_S_Hassan,babι yetīm.mp3,https://dsal.uchicago.edu/dictionaries/hassan/audio/04998.mp3,,"a fatherless child, a helpless orphan with no one to supply the place of a father",babι yetīm
n.m.,uchicago_S_Hassan,bābι.mp3,https://dsal.uchicago.edu/dictionaries/hassan/audio/04999.mp3,,"grandfather; old man, sir, the head of an order of monks especially in Muslim community",bābι
n.f.,uchicago_S_Hassan,babιr.mp3,https://dsal.uchicago.edu/dictionaries/hassan/audio/05000.mp3,,the sweet basil palnt,babιr
v.,uchicago_S_Hassan,bad rad wanun.mp3,https://dsal.uchicago.edu/dictionaries/hassan/audio/05001.mp3,,to use abusive language about or to an opponent,bad rad wanun
n.f.,uchicago_S_Hassan,bad wati.mp3,https://dsal.uchicago.edu/dictionaries/hassan/audio/05002.mp3,,"badness in behaviour, dress, actions, intelligence, skill, or the like",bad wati
n.m.,uchicago_S_Hassan,bāgī.mp3,https://dsal.uchicago.edu/dictionaries/hassan/audio/05003.mp3,,"defeater, subjugator,",bāgī
adv.,uchicago_S_Hassan,bāⁿd.mp3,https://dsal.uchicago.edu/dictionaries/hassan/audio/05004.mp3,,"repeatedly urging, pressing, or insisting upon",bāⁿd
n.f.,uchicago_S_Hassan,badalwǝnʸ.mp3,https://dsal.uchicago.edu/dictionaries/hassan/audio/05005.mp3,,"the price of exchange, when an old article is exchanged for a new one of the same kind",badalwǝnʸ
adv.,uchicago_S_Hassan,badalι.mp3,https://dsal.uchicago.edu/dictionaries/hassan/audio/05006.mp3,,in exchange of,badalι
n.f.,uchicago_S_Hassan,bādām gūj.mp3,https://dsal.uchicago.edu/dictionaries/hassan/audio/05007.mp3,,an almond-kernel,bādām gūj
n.f.,uchicago_S_Hassan,bādām pʰιlay.mp3,https://dsal.uchicago.edu/dictionaries/hassan/audio/05008.mp3,,the almond-blooming,bādām pʰιlay
n.m.,uchicago_S_Hassan,baḍāv.mp3,https://dsal.uchicago.edu/dictionaries/hassan/audio/05009.mp3,,"setting forth, setting out",baḍāv
n.f.,uchicago_S_Hassan,baḍīmī.mp3,https://dsal.uchicago.edu/dictionaries/hassan/audio/05010.mp3,,the exercise of generosity,baḍīmī
v.,uchicago_S_Hassan,badlāwun.mp3,https://dsal.uchicago.edu/dictionaries/hassan/audio/05011.mp3,,"to cause to be changed or altered; to change, alter",badlāwun
n.m.sg.,uchicago_S_Hassan,bād.mp3,https://dsal.uchicago.edu/dictionaries/hassan/audio/05012.mp3,,"venereal disease, syphilis",bād
v.,uchicago_S_Hassan,baḍun.mp3,https://dsal.uchicago.edu/dictionaries/hassan/audio/05013.mp3,,"to become large, become big, get big",baḍun
n.m.,uchicago_S_Hassan,baḍur.mp3,https://dsal.uchicago.edu/dictionaries/hassan/audio/05014.mp3,,a kind of bird found the lakes north of Kashmīr,baḍur
n.f.,uchicago_S_Hassan,baḍι nānʸ.mp3,https://dsal.uchicago.edu/dictionaries/hassan/audio/05015.mp3,,grand-mother,baḍι nānʸ
adj.,uchicago_S_Hassan,bādιlad.mp3,https://dsal.uchicago.edu/dictionaries/hassan/audio/05016.mp3,,afflicted with venereal disease,bādιlad
n.f.,uchicago_S_Hassan,badιliyetʰ.mp3,https://dsal.uchicago.edu/dictionaries/hassan/audio/05017.mp3,,"a condition of change, transformation",badιliyetʰ
adj.,uchicago_S_Hassan,bādə̄m.mp3,https://dsal.uchicago.edu/dictionaries/hassan/audio/05018.mp3,,"light-brown, almond-coloured",bādə̄m
n.m.,uchicago_S_Hassan,bāg.mp3,https://dsal.uchicago.edu/dictionaries/hassan/audio/05019.mp3,,"a share, a portion",bāg
n.m.,uchicago_S_Hassan,bagal.mp3,https://dsal.uchicago.edu/dictionaries/hassan/audio/05020.mp3,,the side-pocket of a coat or similar garment,bagal
n.m.,uchicago_S_Hassan,bagandar.mp3,https://dsal.uchicago.edu/dictionaries/hassan/audio/05021.mp3,,"a fistula in the anus, a boil in or close to the anus",bagandar
n.m.,uchicago_S_Hassan,bagandarlad.mp3,https://dsal.uchicago.edu/dictionaries/hassan/audio/05022.mp3,,suffering from or afflicted by fistula,bagandarlad
n.f.,uchicago_S_Hassan,bagandarlǝdin.mp3,https://dsal.uchicago.edu/dictionaries/hassan/audio/05023.mp3,,suffering from or afflicted by fistula,bagandarlǝdin
n.m.,uchicago_S_Hassan,bagārι.mp3,https://dsal.uchicago.edu/dictionaries/hassan/audio/05024.mp3,,oil or ghee dripping,bagārι
adj.,uchicago_S_Hassan,bagārιdār.mp3,https://dsal.uchicago.edu/dictionaries/hassan/audio/05025.mp3,,"greasy, oily, buttery",bagārιdār
n.f.,uchicago_S_Hassan,bāgāy.mp3,https://dsal.uchicago.edu/dictionaries/hassan/audio/05026.mp3,,"dividing into shares, distributive division",bāgāy
n.f.,uchicago_S_Hassan,bāgiy.mp3,https://dsal.uchicago.edu/dictionaries/hassan/audio/05027.mp3,,good-luck,bāgiy
adj.,uchicago_S_Hassan,bagvatʰ.mp3,https://dsal.uchicago.edu/dictionaries/hassan/audio/05028.mp3,,"adored, holy, revered, venerable",bagvatʰ
n.f.,uchicago_S_Hassan,bagvatī.mp3,https://dsal.uchicago.edu/dictionaries/hassan/audio/05029.mp3,,applied as a proper name to the goddess Pārvatī,bagvatī
n.f.,uchicago_S_Hassan,bāgwə̄nil.mp3,https://dsal.uchicago.edu/dictionaries/hassan/audio/05030.mp3,,the profession or trade of a gardener,bāgwə̄nil
n.m.,uchicago_S_Hassan,bāgι āmut.mp3,https://dsal.uchicago.edu/dictionaries/hassan/audio/05031.mp3,,come into sharing (husband for a woman),bāgι āmut
n.f.,uchicago_S_Hassan,bāgι āmιʦ.mp3,https://dsal.uchicago.edu/dictionaries/hassan/audio/05032.mp3,,come into sharing (wife for a husband),bāgι āmιʦ
n.m.,uchicago_S_Hassan,bāgιhār.mp3,https://dsal.uchicago.edu/dictionaries/hassan/audio/05033.mp3,,"division of a number, an arithmetical operation",bāgιhār
prep.,uchicago_S_Hassan,bagə̄r.mp3,https://dsal.uchicago.edu/dictionaries/hassan/audio/05034.mp3,,"without, exclusive of, excluding, except, besides",bagə̄r
n.f.sg.,uchicago_S_Hassan,bākʰ.mp3,https://dsal.uchicago.edu/dictionaries/hassan/audio/05035.mp3,,weeping associated with screeches or screams,bākʰ
n.f.pl.,uchicago_S_Hassan,bākι.mp3,https://dsal.uchicago.edu/dictionaries/hassan/audio/05036.mp3,,weeping associated with screeches or screams,bākι
v.,uchicago_S_Hassan,bāⁿbar lārin.mp3,https://dsal.uchicago.edu/dictionaries/hassan/audio/05037.mp3,,flurry to occur,bāⁿbar lārin
n.f.,uchicago_S_Hassan,bāⁿbar.mp3,https://dsal.uchicago.edu/dictionaries/hassan/audio/05038.mp3,,"fluster, flurry, agitated haste in doing anything",bāⁿbar
adv.,uchicago_S_Hassan,bāⁿbιri bāⁿbιri.mp3,https://dsal.uchicago.edu/dictionaries/hassan/audio/05039.mp3,,"hurriedly, flurriedly",bāⁿbιri bāⁿbιri
n.f.,uchicago_S_Hassan,bāⁿbιri hǝʦ.mp3,https://dsal.uchicago.edu/dictionaries/hassan/audio/05040.mp3,,"hurried, flurried",bāⁿbιri hǝʦ
n.m.,uchicago_S_Hassan,bāⁿbιri hot.mp3,https://dsal.uchicago.edu/dictionaries/hassan/audio/05041.mp3,,"hurried, flurried",bāⁿbιri hot
n.f.,uchicago_S_Hassan,bāⁿg.mp3,https://dsal.uchicago.edu/dictionaries/hassan/audio/05042.mp3,,the call to prayer by the mu'aẕẕin from the tower of a mosque,bāⁿg
adj.,uchicago_S_Hassan,barham.mp3,https://dsal.uchicago.edu/dictionaries/hassan/audio/05043.mp3,,"confused, jumbled together, turned upside down, entangled, spoiled",barham
n.f.,uchicago_S_Hassan,brahmǝnʸ.mp3,https://dsal.uchicago.edu/dictionaries/hassan/audio/05044.mp3,,a woman of the Brāhmaṇ caste,brahmǝnʸ
adj.,uchicago_S_Hassan,barkarār.mp3,https://dsal.uchicago.edu/dictionaries/hassan/audio/05045.mp3,,"fixed, established, firm, unchangeable",barkarār
n.m.,uchicago_S_Hassan,barkatʰ.mp3,https://dsal.uchicago.edu/dictionaries/hassan/audio/05046.mp3,,"increase, abundance, prosperity, blessing, Kāshmīrī Muslims use this word for 'one' in counting, instead of one, by way of asking God's blessing on the whole transaction",barkatʰ
n.m.,uchicago_S_Hassan,barmι.mp3,https://dsal.uchicago.edu/dictionaries/hassan/audio/05047.mp3,,"an auger, drill",barmι
adj.,uchicago_S_Hassan,bē bahas.mp3,https://dsal.uchicago.edu/dictionaries/hassan/audio/05048.mp3,,"without disputation, without controversy",bē bahas
adj.,uchicago_S_Hassan,bebagārι.mp3,https://dsal.uchicago.edu/dictionaries/hassan/audio/05049.mp3,,not cooked in oil,bebagārι
adj.,uchicago_S_Hassan,bēbākʰ.mp3,https://dsal.uchicago.edu/dictionaries/hassan/audio/05050.mp3,,"without remainder, complete, paid up in full",bēbākʰ
n.f.,uchicago_S_Hassan,bǝbil.mp3,https://dsal.uchicago.edu/dictionaries/hassan/audio/05051.mp3,,action like that of a father in fatherly affection,bǝbil
adj.,uchicago_S_Hassan,bedād.mp3,https://dsal.uchicago.edu/dictionaries/hassan/audio/05052.mp3,,"oppressed, distressed, unjust",bedād
v.,uchicago_S_Hassan,bēdār gaʦun.mp3,https://dsal.uchicago.edu/dictionaries/hassan/audio/05053.mp3,,"to be aroused, awakened from sleep; to have the intellect aroused",bēdār gaʦun
adj.,uchicago_S_Hassan,beḍōl.mp3,https://dsal.uchicago.edu/dictionaries/hassan/audio/05054.mp3,,"shapeless, ill-fashioned, ugly, clumsy, ill-mannered",beḍōl
n.f.,uchicago_S_Hassan,bǝḍran.mp3,https://dsal.uchicago.edu/dictionaries/hassan/audio/05055.mp3,,"plastering, applying a plaster of mud mixed with chaff and chopped straw",bǝḍran
v.,uchicago_S_Hassan,bǝḍrun.mp3,https://dsal.uchicago.edu/dictionaries/hassan/audio/05056.mp3,,to plaster,bǝḍrun
n.f.,uchicago_S_Hassan,bēdə̄rī.mp3,https://dsal.uchicago.edu/dictionaries/hassan/audio/05057.mp3,,"waking, wakefulness; vigilance, watchfulness",bēdə̄rī
n.f.,uchicago_S_Hassan,bēg.mp3,https://dsal.uchicago.edu/dictionaries/hassan/audio/05058.mp3,,a carriage,bēg
adj.,uchicago_S_Hassan,bē-gāh.mp3,https://dsal.uchicago.edu/dictionaries/hassan/audio/05059.mp3,,"untimely, unseasonable",bē-gāh
adj.,uchicago_S_Hassan,begrʸōvmut.mp3,https://dsal.uchicago.edu/dictionaries/hassan/audio/05060.mp3,,that which has acquired an acrid taste,begrʸōvmut
n.f.,uchicago_S_Hassan,begə̄rʸ.mp3,https://dsal.uchicago.edu/dictionaries/hassan/audio/05061.mp3,,"compelling to work for nothing, forced labour",begə̄rʸ
n.,uchicago_S_Hassan,be-intihā.mp3,https://dsal.uchicago.edu/dictionaries/hassan/audio/05062.mp3,,"without limit, endless",be-intihā
v.,uchicago_S_Hassan,begə̄r karun.mp3,https://dsal.uchicago.edu/dictionaries/hassan/audio/05063.mp3,,"to set at variance, to set friends at enmity",begə̄r karun
n.f.,uchicago_S_Hassan,bodιgēr.mp3,https://dsal.uchicago.edu/dictionaries/hassan/audio/05064.mp3,,a well-known hill lying north of the city of Śrīnagar,bodιgēr
n.m.,uchicago_S_Hassan,bombur.mp3,https://dsal.uchicago.edu/dictionaries/hassan/audio/05065.mp3,,a garden – bee,bombur
n.f.,uchicago_S_Hassan,bragin.mp3,https://dsal.uchicago.edu/dictionaries/hassan/audio/05066.mp3,,"the blue heron, Ardea cinerea",bragin
n.f.,uchicago_S_Hassan,brahman.mp3,https://dsal.uchicago.edu/dictionaries/hassan/audio/05067.mp3,,a man of the Brahmaṇ caste,brahman
v.,uchicago_S_Hassan,brakʰ lagun.mp3,https://dsal.uchicago.edu/dictionaries/hassan/audio/05068.mp3,,"to suffer from a crushing blow, to be a wreck after a severe illness",brakʰ lagun
n.m.,uchicago_S_Hassan,brakʰ.mp3,https://dsal.uchicago.edu/dictionaries/hassan/audio/05069.mp3,,"a crushing blow, a blow",brakʰ
v.,uchicago_S_Hassan,brakun.mp3,https://dsal.uchicago.edu/dictionaries/hassan/audio/05070.mp3,,"to crunch with the teeth, to masticate",brakun
n.,uchicago_S_Hassan,brakι drāv.mp3,https://dsal.uchicago.edu/dictionaries/hassan/audio/05071.mp3,,"hardened by experiencing or making a practice of undergoing blows, trained",brakι drāv
v.,uchicago_S_Hassan,bram diyun.mp3,https://dsal.uchicago.edu/dictionaries/hassan/audio/05072.mp3,,"to swindle, cheat, defraud",bram diyun
n.m.,uchicago_S_Hassan,bram.mp3,https://dsal.uchicago.edu/dictionaries/hassan/audio/05073.mp3,,"wandering, cheating",bram
n.m.,uchicago_S_Hassan,bramhā.mp3,https://dsal.uchicago.edu/dictionaries/hassan/audio/05074.mp3,,"name of a Hindū god, a member of the triad of Brahmā, Lord Śiva",bramhā
n.m.,uchicago_S_Hassan,brang.mp3,https://dsal.uchicago.edu/dictionaries/hassan/audio/05075.mp3,,an old minaret,brang
n.f.,uchicago_S_Hassan,brimjι.mp3,https://dsal.uchicago.edu/dictionaries/hassan/audio/05076.mp3,,"a tree, Celtis australis, usually found in graveyards in Kashmīr",brimjι
n.m.,uchicago_S_Hassan,brīmι pōš.mp3,https://dsal.uchicago.edu/dictionaries/hassan/audio/05077.mp3,,the water-lily,brīmι pōš
adj.,uchicago_S_Hassan,brokιmut.mp3,https://dsal.uchicago.edu/dictionaries/hassan/audio/05078.mp3,,"crushed, pounded; crunched by the teeth, masticated",brokιmut
adv.,uchicago_S_Hassan,bruⁿh bruⁿh pakun.mp3,https://dsal.uchicago.edu/dictionaries/hassan/audio/05079.mp3,,"to keep walking in front, to precede",bruⁿh bruⁿh pakun
adv.,uchicago_S_Hassan,brūⁿh.mp3,https://dsal.uchicago.edu/dictionaries/hassan/audio/05080.mp3,,in front,brūⁿh
v.,uchicago_S_Hassan,būd gaʦun.mp3,https://dsal.uchicago.edu/dictionaries/hassan/audio/05081.mp3,,to become visible or cognizable by the senses,būd gaʦun
v.,uchicago_S_Hassan,būd karun.mp3,https://dsal.uchicago.edu/dictionaries/hassan/audio/05082.mp3,,make visible or cognizable,būd karun
n.m.,uchicago_S_Hassan,būd.mp3,https://dsal.uchicago.edu/dictionaries/hassan/audio/05083.mp3,,"learning, knowledge, wisdom, intelligence derived from study",būd
n.m.,uchicago_S_Hassan,budul.mp3,https://dsal.uchicago.edu/dictionaries/hassan/audio/05084.mp3,,"a kind of tree, the Himalayan silver fir, Abies Webbiana",budul
n.m.,uchicago_S_Hassan,buḍι wāl.mp3,https://dsal.uchicago.edu/dictionaries/hassan/audio/05085.mp3,,grey hair,buḍι wāl
n.m.,uchicago_S_Hassan,būdι wōl.mp3,https://dsal.uchicago.edu/dictionaries/hassan/audio/05086.mp3,,"learned, well instructed, intelligent",būdι wōl
n.f.,uchicago_S_Hassan,būdι wə̄jen.mp3,https://dsal.uchicago.edu/dictionaries/hassan/audio/05087.mp3,,"learned, well instructed, intelligent",būdι wə̄jen
n.f.,uchicago_S_Hassan,buḍι ə̄l.mp3,https://dsal.uchicago.edu/dictionaries/hassan/audio/05088.mp3,,"a kind of cardamom, bearing a large seed",buḍι ə̄l
adj.,uchicago_S_Hassan,buḍιhor.mp3,https://dsal.uchicago.edu/dictionaries/hassan/audio/05089.mp3,,"spotted, brindled, white spots scattered over something",buḍιhor
n.m.,uchicago_S_Hassan,būgōl.mp3,https://dsal.uchicago.edu/dictionaries/hassan/audio/05090.mp3,,geography,būgōl
n.f.,uchicago_S_Hassan,buji butʰ.mp3,https://dsal.uchicago.edu/dictionaries/hassan/audio/05091.mp3,,a young man who has a face like an old woman's whose face is wrinkled,buji butʰ
n.f.pl.,uchicago_S_Hassan,buji.mp3,https://dsal.uchicago.edu/dictionaries/hassan/audio/05092.mp3,,old women,buji
n.f.,uchicago_S_Hassan,būṭ.mp3,https://dsal.uchicago.edu/dictionaries/hassan/audio/05093.mp3,,"herbal plant, herbal medicines",būṭ
n.m.,uchicago_S_Hassan,bʸob.mp3,https://dsal.uchicago.edu/dictionaries/hassan/audio/05094.mp3,,"the space between the body and the clothes, the inside breast of the long gown worn by Kashmīrīs",bʸob
n.f.,uchicago_S_Hassan,bιḍin.mp3,https://dsal.uchicago.edu/dictionaries/hassan/audio/05095.mp3,,old woman,bιḍin
n.m.,uchicago_S_Hassan,bιḍι bab.mp3,https://dsal.uchicago.edu/dictionaries/hassan/audio/05096.mp3,,grand-father,bιḍι bab
n.f.,uchicago_S_Hassan,bιḍι mōj.mp3,https://dsal.uchicago.edu/dictionaries/hassan/audio/05097.mp3,,"the big mother, the senior lady of a family",bιḍι mōj
n.m.,uchicago_S_Hassan,bə̄diyānι.mp3,https://dsal.uchicago.edu/dictionaries/hassan/audio/05098.mp3,,sweet-fennel,bə̄diyānι
prep.,uchicago_S_Hassan,bə̄g.mp3,https://dsal.uchicago.edu/dictionaries/hassan/audio/05099.mp3,,on account of,bə̄g
prep.,uchicago_S_Hassan,bə̄gi.mp3,https://dsal.uchicago.edu/dictionaries/hassan/audio/05100.mp3,,at about the time of,bə̄gi
n.f.,uchicago_S_Hassan,bə̄gran.mp3,https://dsal.uchicago.edu/dictionaries/hassan/audio/05101.mp3,,"dividing, apportioning; division, distribution",bə̄gran
v.,uchicago_S_Hassan,bə̄grun.mp3,https://dsal.uchicago.edu/dictionaries/hassan/audio/05102.mp3,,"to divide, apportion, distribute, portion out, parcel out",bə̄grun
n.f.,uchicago_S_Hassan,bə̄n.mp3,https://dsal.uchicago.edu/dictionaries/hassan/audio/05103.mp3,,the collar,bə̄n
n.f.,uchicago_S_Hassan,bə̄ⁿḍil.mp3,https://dsal.uchicago.edu/dictionaries/hassan/audio/05104.mp3,,the profession of a baⁿḍ or actor,bə̄ⁿḍil
n.m.,uchicago_S_Hassan,bə̄ⁿg.mp3,https://dsal.uchicago.edu/dictionaries/hassan/audio/05105.mp3,,the mu'aẕẕin who calls to prayer,bə̄ⁿg
adj.,uchicago_S_Hassan,bə̄rīk.mp3,https://dsal.uchicago.edu/dictionaries/hassan/audio/05106.mp3,,very heavy,bə̄rīk
n.,uchicago_S_Hassan,cend.mp3,https://dsal.uchicago.edu/dictionaries/hassan/audio/05107.mp3,,registration cards of fair price shops of the Government,cend
n.m.,uchicago_S_Hassan,cācι.mp3,https://dsal.uchicago.edu/dictionaries/hassan/audio/05108.mp3,,"a father's brother, a paternal uncle",cācι
v.,uchicago_S_Hassan,cāh gaʦun.mp3,https://dsal.uchicago.edu/dictionaries/hassan/audio/05109.mp3,,to have one's life made a burden by another's abuse,cāh gaʦun
n.m.,uchicago_S_Hassan,cāh.mp3,https://dsal.uchicago.edu/dictionaries/hassan/audio/05110.mp3,,"a pit, a well",cāh
n.m.,uchicago_S_Hassan,caka dͻd.mp3,https://dsal.uchicago.edu/dictionaries/hassan/audio/05111.mp3,,curdled from which the whey has been strained,caka dͻd
n.m.,uchicago_S_Hassan,cākar.mp3,https://dsal.uchicago.edu/dictionaries/hassan/audio/05112.mp3,,"a servant, a house servant",cākar
v.,uchicago_S_Hassan,cākʰ gaʦin.mp3,https://dsal.uchicago.edu/dictionaries/hassan/audio/05113.mp3,,"tearing to occur, to be torn; to be split",cākʰ gaʦin
n.,uchicago_S_Hassan,cīⁿ cīⁿ karun.mp3,https://dsal.uchicago.edu/dictionaries/hassan/audio/05114.mp3,,"to utter repeatedly low sounds when crying, to sob",cīⁿ cīⁿ karun
n.m.,uchicago_S_Hassan,caklι.mp3,https://dsal.uchicago.edu/dictionaries/hassan/audio/05115.mp3,,a group of villages’,caklι
n.f.,uchicago_S_Hassan,camakʰ.mp3,https://dsal.uchicago.edu/dictionaries/hassan/audio/05116.mp3,,"glitter, brilliance, splendour",camakʰ
n.m.,uchicago_S_Hassan,camār.mp3,https://dsal.uchicago.edu/dictionaries/hassan/audio/05117.mp3,,a low caste leather-worker,camār
n.f.,uchicago_S_Hassan,camārgī.mp3,https://dsal.uchicago.edu/dictionaries/hassan/audio/05118.mp3,,a habit of causing sorrow or trouble to others,camārgī
v.,uchicago_S_Hassan,camkun.mp3,https://dsal.uchicago.edu/dictionaries/hassan/audio/05119.mp3,,"to shine, beam, glow, glitter, sparkle, glisten",camkun
adj.,uchicago_S_Hassan,camι kʰamι.mp3,https://dsal.uchicago.edu/dictionaries/hassan/audio/05120.mp3,,"moving gracefully, hence, stately, pompous",camι kʰamι
n.f.,uchicago_S_Hassan,cāⁿcarāray.mp3,https://dsal.uchicago.edu/dictionaries/hassan/audio/05121.mp3,,"crying aloud from pain, groaning",cāⁿcarāray
n.f.,uchicago_S_Hassan,canḍ.mp3,https://dsal.uchicago.edu/dictionaries/hassan/audio/05122.mp3,,a woman of bad character,canḍ
n.m.,uchicago_S_Hassan,canḍāl.mp3,https://dsal.uchicago.edu/dictionaries/hassan/audio/05123.mp3,,a man of a degraded tribe,canḍāl
n.m.,uchicago_S_Hassan,canḍι bāpār.mp3,https://dsal.uchicago.edu/dictionaries/hassan/audio/05124.mp3,,habitual action of an unruly woman,canḍι bāpār
n.m.,uchicago_S_Hassan,candι gͻʦιr.mp3,https://dsal.uchicago.edu/dictionaries/hassan/audio/05125.mp3,,the bag part of a pocket,candι gͻʦιr
n.m.,uchicago_S_Hassan,cāⁿg.mp3,https://dsal.uchicago.edu/dictionaries/hassan/audio/05126.mp3,,the cone of a fir-tree,cāⁿg
n.m.,uchicago_S_Hassan,canι cebīlι.mp3,https://dsal.uchicago.edu/dictionaries/hassan/audio/05127.mp3,,"eaten as dried grains, such as mixed peas, pulses",canι cebīlι
n.m.,uchicago_S_Hassan,canι.mp3,https://dsal.uchicago.edu/dictionaries/hassan/audio/05128.mp3,,"the chick-pea, Cicer arietinum",canι
n.f.,uchicago_S_Hassan,cāpar.mp3,https://dsal.uchicago.edu/dictionaries/hassan/audio/05129.mp3,,vain talking,cāpar
n.m.,uchicago_S_Hassan,capʰ capʰ.mp3,https://dsal.uchicago.edu/dictionaries/hassan/audio/05130.mp3,,the ugly sound made in greedily eating,capʰ capʰ
n.m.,uchicago_S_Hassan,caprῑs.mp3,https://dsal.uchicago.edu/dictionaries/hassan/audio/05131.mp3,,"a peon, orderly, messenger of a court",caprῑs
n.m.,uchicago_S_Hassan,carci.mp3,https://dsal.uchicago.edu/dictionaries/hassan/audio/05132.mp3,,"discussion of some absent person's actions or affairs, coming into fashion, great appreciation",carci
n.m.,uchicago_S_Hassan,cāyi koš.mp3,https://dsal.uchicago.edu/dictionaries/hassan/audio/05133.mp3,,"tea-leaves which have been infused, tea-leaves remains",cāyi koš
v.,uchicago_S_Hassan,ce.mp3,https://dsal.uchicago.edu/dictionaries/hassan/audio/05134.mp3,,to drink,ce
n.f.,uchicago_S_Hassan,cebιr.mp3,https://dsal.uchicago.edu/dictionaries/hassan/audio/05135.mp3,,a young woman,cebιr
n.f.,uchicago_S_Hassan,ceki.mp3,https://dsal.uchicago.edu/dictionaries/hassan/audio/05136.mp3,,"longing, desire, urgent wish",ceki
n.f.,uchicago_S_Hassan,cēl.mp3,https://dsal.uchicago.edu/dictionaries/hassan/audio/05137.mp3,,"method, mode, manner; conduct, behaviour, character",cēl
n.m.,uchicago_S_Hassan,cēlι.mp3,https://dsal.uchicago.edu/dictionaries/hassan/audio/05138.mp3,,"a pupil, disciple, follower",cēlι
v.,uchicago_S_Hassan,cʰaḍun.mp3,https://dsal.uchicago.edu/dictionaries/hassan/audio/05139.mp3,,"to release, let go, dismiss",cʰaḍun
n.f.,uchicago_S_Hassan,cʰak.mp3,https://dsal.uchicago.edu/dictionaries/hassan/audio/05140.mp3,,"the spreading of anything usually collected in piles or heap, e.g. dust or grain",cʰak
n.m.,uchicago_S_Hassan,cʰakārι.mp3,https://dsal.uchicago.edu/dictionaries/hassan/audio/05141.mp3,,the act of scattering about in all directions,cʰakārι
n.m.,uchicago_S_Hassan,cʰal cʰōkʰ.mp3,https://dsal.uchicago.edu/dictionaries/hassan/audio/05142.mp3,,"the washing of a great number of articles at one time, the act of washing",cʰal cʰōkʰ
n.,uchicago_S_Hassan,cʰalan grāy.mp3,https://dsal.uchicago.edu/dictionaries/hassan/audio/05143.mp3,,"& v. a slight, hasty washing",cʰalan grāy
n.m.,uchicago_S_Hassan,cʰalι pʰol.mp3,https://dsal.uchicago.edu/dictionaries/hassan/audio/05144.mp3,,quarrelling combined with mutual recriminations,cʰalι pʰol
n.m.,uchicago_S_Hassan,cʰalι.mp3,https://dsal.uchicago.edu/dictionaries/hassan/audio/05145.mp3,,"a plain ring of gold, silver, or other metal, worn on the finger",cʰalι
m.f.,uchicago_S_Hassan,cʰalι cʰāⁿgιr.mp3,https://dsal.uchicago.edu/dictionaries/hassan/audio/05146.mp3,,improperly to scatter about in all directions,cʰalι cʰāⁿgιr
n.m.,uchicago_S_Hassan,cʰamb.mp3,https://dsal.uchicago.edu/dictionaries/hassan/audio/05147.mp3,,"a ravine, precipitous cleft",cʰamb
n.m.,uchicago_S_Hassan,cʰambι dulι gaʦun.mp3,https://dsal.uchicago.edu/dictionaries/hassan/audio/05148.mp3,,to fall over a precipice; to die a sudden or untimely death,cʰambι dulι gaʦun
n.m.,uchicago_S_Hassan,cʰāⁿcʰι pūt.mp3,https://dsal.uchicago.edu/dictionaries/hassan/audio/05149.mp3,,a child's rattle,cʰāⁿcʰι pūt
n.m.,uchicago_S_Hassan,cʰanerʸ.mp3,https://dsal.uchicago.edu/dictionaries/hassan/audio/05150.mp3,,emptiness,cʰanerʸ
n.f.,uchicago_S_Hassan,cʰāⁿgιr.mp3,https://dsal.uchicago.edu/dictionaries/hassan/audio/05151.mp3,,"hurry, flurry in doing anything",cʰāⁿgιr
n.f.,uchicago_S_Hassan,cʰāⁿp.mp3,https://dsal.uchicago.edu/dictionaries/hassan/audio/05152.mp3,,a seal a stamp or impression made by a seal,cʰāⁿp
adj.,uchicago_S_Hassan,cʰāⁿṭʰ.mp3,https://dsal.uchicago.edu/dictionaries/hassan/audio/05153.mp3,,left to one side as unpleasing,cʰāⁿṭʰ
v.,uchicago_S_Hassan,cʰāⁿṭun.mp3,https://dsal.uchicago.edu/dictionaries/hassan/audio/05154.mp3,,"to pick, pick out, cull, select",cʰāⁿṭun
n.f.,uchicago_S_Hassan,cʰānwāy.mp3,https://dsal.uchicago.edu/dictionaries/hassan/audio/05155.mp3,,wages paid to a carpenter,cʰānwāy
n.f.,uchicago_S_Hassan,cʰānι kīj.mp3,https://dsal.uchicago.edu/dictionaries/hassan/audio/05156.mp3,,Kasmiri carpenters are constantly omitting a nail here or there in order that they may be recalled,cʰānι kīj
n.m.,uchicago_S_Hassan,cʰānι ṭʰas.mp3,https://dsal.uchicago.edu/dictionaries/hassan/audio/05157.mp3,,the noise made by a carpenter when he hits hammer on something,cʰānι ṭʰas
n.f.,uchicago_S_Hassan,cʰānιwə̄n.mp3,https://dsal.uchicago.edu/dictionaries/hassan/audio/05158.mp3,,wages paid for sifting flour,cʰānιwə̄n
v.,uchicago_S_Hassan,cʰapun.mp3,https://dsal.uchicago.edu/dictionaries/hassan/audio/05159.mp3,,"to be hidden, concealed",cʰapun
v.,uchicago_S_Hassan,cʰāⁿ pun.mp3,https://dsal.uchicago.edu/dictionaries/hassan/audio/05160.mp3,,to print,cʰāⁿ pun
n.f.,uchicago_S_Hassan,cʰar.mp3,https://dsal.uchicago.edu/dictionaries/hassan/audio/05161.mp3,,name of a certain disease like impetigo contagiosa; also used of carbuncles,cʰar
adv.,uchicago_S_Hassan,cʰarāh.mp3,https://dsal.uchicago.edu/dictionaries/hassan/audio/05162.mp3,,"alone, only",cʰarāh
n.f.,uchicago_S_Hassan,cʰatāⁿg.mp3,https://dsal.uchicago.edu/dictionaries/hassan/audio/05163.mp3,,"a certain weight, the sixteenth part of a seer",cʰatāⁿg
n.m.,uchicago_S_Hassan,cʰaṭι.mp3,https://dsal.uchicago.edu/dictionaries/hassan/audio/05164.mp3,,a flock led out for the season on to the hills for grazing,cʰaṭι
n.f.,uchicago_S_Hassan,cʰaʦar.mp3,https://dsal.uchicago.edu/dictionaries/hassan/audio/05165.mp3,,whiteness,cʰaʦar
v.,uchicago_S_Hassan,cʰaʦran.mp3,https://dsal.uchicago.edu/dictionaries/hassan/audio/05166.mp3,,"the act of making white, of whitening",cʰaʦran
v.,uchicago_S_Hassan,cʰāwun.mp3,https://dsal.uchicago.edu/dictionaries/hassan/audio/05167.mp3,,"to embroider (cloth, etc.)",cʰāwun
v.,uchicago_S_Hassan,cʰāwun.mp3,https://dsal.uchicago.edu/dictionaries/hassan/audio/05168.mp3,,"partake of, experience, to enjoy, make use of, partake of, experience",cʰāwun
v.,uchicago_S_Hassan,cʰǝkrun.mp3,https://dsal.uchicago.edu/dictionaries/hassan/audio/05169.mp3,,"to be scattered, become separate from the other",cʰǝkrun
n.f.,uchicago_S_Hassan,cʰǝkιr.mp3,https://dsal.uchicago.edu/dictionaries/hassan/audio/05170.mp3,,a kind of song sung by women to the accompaniment of a drum and other instruments,cʰǝkιr
adv.,uchicago_S_Hassan,cʰal cʰal.mp3,https://dsal.uchicago.edu/dictionaries/hassan/audio/05171.mp3,,washing frequently or continually,cʰal cʰal
n.m.,uchicago_S_Hassan,cʰelin wə̄nʸ.mp3,https://dsal.uchicago.edu/dictionaries/hassan/audio/05172.mp3,,the dirty water left after washing anything particularly rice for cooking,cʰelin wə̄nʸ
adv.,uchicago_S_Hassan,cʰelitʰ cʰūlitʰ.mp3,https://dsal.uchicago.edu/dictionaries/hassan/audio/05173.mp3,,"exactly, accurately",cʰelitʰ cʰūlitʰ
v.,uchicago_S_Hassan,cʰepʰi lagun.mp3,https://dsal.uchicago.edu/dictionaries/hassan/audio/05174.mp3,,to offer oneself as a sacrifice instead of or on behalf of any one,cʰepʰi lagun
n.m.,uchicago_S_Hassan,cʰepʰi.mp3,https://dsal.uchicago.edu/dictionaries/hassan/audio/05175.mp3,,a sacrificial offering,cʰepʰi
adv.,uchicago_S_Hassan,cʰepitʰ.mp3,https://dsal.uchicago.edu/dictionaries/hassan/audio/05176.mp3,,"secretly, privately",cʰepitʰ
n.m.,uchicago_S_Hassan,cʰērι bardār.mp3,https://dsal.uchicago.edu/dictionaries/hassan/audio/05177.mp3,,"a wand-bearer, the marshal who walks before people",cʰērι bardār
n.m.,uchicago_S_Hassan,cʰǝtri bardār.mp3,https://dsal.uchicago.edu/dictionaries/hassan/audio/05178.mp3,,an official whose duty it is to carry the state umbrella over a king's head,cʰǝtri bardār
n.m.,uchicago_S_Hassan,cʰǝtri kul.mp3,https://dsal.uchicago.edu/dictionaries/hassan/audio/05179.mp3,,an umbrella plane-tree,cʰǝtri kul
n.f.,uchicago_S_Hassan,cʰih.mp3,https://dsal.uchicago.edu/dictionaries/hassan/audio/05180.mp3,,a slight accidental blow,cʰih
n.f.,uchicago_S_Hassan,cʰīh.mp3,https://dsal.uchicago.edu/dictionaries/hassan/audio/05181.mp3,,a sneeze,cʰīh
n.f.,uchicago_S_Hassan,cʰik.mp3,https://dsal.uchicago.edu/dictionaries/hassan/audio/05182.mp3,,"a squirt, a syringe",cʰik
n.f.,uchicago_S_Hassan,cʰikι cʰikʰ.mp3,https://dsal.uchicago.edu/dictionaries/hassan/audio/05183.mp3,,when two persons sprinkle each other or throw water on each other,cʰikι cʰikʰ
n.f.,uchicago_S_Hassan,cʰir.mp3,https://dsal.uchicago.edu/dictionaries/hassan/audio/05184.mp3,,the thin stream of milk issuing at one pull of the udder at the time of milking,cʰir
n.m.,uchicago_S_Hassan,cʰirkāv.mp3,https://dsal.uchicago.edu/dictionaries/hassan/audio/05185.mp3,,sprinkling water on the ground,cʰirkāv
n.f.,uchicago_S_Hassan,cʰirιgǝr bāy.mp3,https://dsal.uchicago.edu/dictionaries/hassan/audio/05186.mp3,,a female seller of goat’s or sheep’s milk,cʰirιgǝr bāy
n.m.,uchicago_S_Hassan,cʰirιgor.mp3,https://dsal.uchicago.edu/dictionaries/hassan/audio/05187.mp3,,a seller of goat’s or sheep’s milk,cʰirιgor
n.f.,uchicago_S_Hassan,cʰiṭʰ.mp3,https://dsal.uchicago.edu/dictionaries/hassan/audio/05188.mp3,,"cotton cloth stamped in colours, chintz; a chintz garment",cʰiṭʰ
n.m.,uchicago_S_Hassan,cʰiṭʰgar.mp3,https://dsal.uchicago.edu/dictionaries/hassan/audio/05189.mp3,,a chintz-maker,cʰiṭʰgar
adj.,uchicago_S_Hassan,cakι dͻd.mp3,https://dsal.uchicago.edu/dictionaries/hassan/audio/05190.mp3,,"curds, curdled milk ( dahī ) from which the liquid portion, or whey, has been strained",cakι dͻd
n.m.,uchicago_S_Hassan,cʰoⁿp.mp3,https://dsal.uchicago.edu/dictionaries/hassan/audio/05191.mp3,,"a kind of small churning-stick, used for churning curdled milk",cʰoⁿp
v.,uchicago_S_Hassan,cʰōnun.mp3,https://dsal.uchicago.edu/dictionaries/hassan/audio/05192.mp3,,knocking down walnuts from a tree; siftings,cʰōnun
n.m.,uchicago_S_Hassan,cʰōr.mp3,https://dsal.uchicago.edu/dictionaries/hassan/audio/05193.mp3,,sudden diarrhœa to occur,cʰōr
n.f.,uchicago_S_Hassan,cʰōrι baṭenʸ.mp3,https://dsal.uchicago.edu/dictionaries/hassan/audio/05194.mp3,,a shameless Brahmaṇ woman,cʰōrι baṭenʸ
v.,uchicago_S_Hassan,cʰu.mp3,https://dsal.uchicago.edu/dictionaries/hassan/audio/05195.mp3,,"being only used in the present tense and rarely in the imperative; it is participial in form, being liable to change for gender",cʰu
n.m.,uchicago_S_Hassan,cʰuk.mp3,https://dsal.uchicago.edu/dictionaries/hassan/audio/05196.mp3,,"a squirt, a syringe",cʰuk
n.f.,uchicago_S_Hassan,cʰūkιr.mp3,https://dsal.uchicago.edu/dictionaries/hassan/audio/05197.mp3,,a good-looking full-grown girl,cʰūkιr
n.f.,uchicago_S_Hassan,cʰūl.mp3,https://dsal.uchicago.edu/dictionaries/hassan/audio/05198.mp3,,"a waterfall, cascade",cʰūl
v.,uchicago_S_Hassan,cʰιnιrun.mp3,https://dsal.uchicago.edu/dictionaries/hassan/audio/05199.mp3,,"to reduce below a certain fixed quantity, to lessen",cʰιnιrun
v.,uchicago_S_Hassan,cʰͻk.mp3,https://dsal.uchicago.edu/dictionaries/hassan/audio/05200.mp3,,rinsing out only with water,cʰͻk
n.m.,uchicago_S_Hassan,cʰͻkι pʰǝkīr.mp3,https://dsal.uchicago.edu/dictionaries/hassan/audio/05201.mp3,,leading the life of a beggar,cʰͻkι pʰǝkīr
n.m.,uchicago_S_Hassan,cʰͻkιwun.mp3,https://dsal.uchicago.edu/dictionaries/hassan/audio/05202.mp3,,the act of dipping into water,cʰͻkιwun
n.m.,uchicago_S_Hassan,cʰͻmb.mp3,https://dsal.uchicago.edu/dictionaries/hassan/audio/05203.mp3,,a method of threshing paddy,cʰͻmb
n.f.,uchicago_S_Hassan,cʰə̄nil.mp3,https://dsal.uchicago.edu/dictionaries/hassan/audio/05204.mp3,,the art or profession of a carpenter,cʰə̄nil
n.f.,uchicago_S_Hassan,cicarāray.mp3,https://dsal.uchicago.edu/dictionaries/hassan/audio/05205.mp3,,"usually the low moaning of a number of starving people, especially children",cicarāray
n.m.,uchicago_S_Hassan,cikan.mp3,https://dsal.uchicago.edu/dictionaries/hassan/audio/05206.mp3,,"a particular embroidery type, embroidery work on silk flowers on muslin or other cloth",cikan
n.f.,uchicago_S_Hassan,cikʰ.mp3,https://dsal.uchicago.edu/dictionaries/hassan/audio/05207.mp3,,a high-pitched cry,cikʰ
n.f.,uchicago_S_Hassan,cīkʰ.mp3,https://dsal.uchicago.edu/dictionaries/hassan/audio/05208.mp3,,"a scream, a screech",cīkʰ
v.,uchicago_S_Hassan,cikι din.mp3,https://dsal.uchicago.edu/dictionaries/hassan/audio/05209.mp3,,a call or cry uttered in a high-pitched,cikι din
n.m.,uchicago_S_Hassan,cikιcāv.mp3,https://dsal.uchicago.edu/dictionaries/hassan/audio/05210.mp3,,the effervescence of spirits in a young man making him self-confident and daring,cikιcāv
n.f.,uchicago_S_Hassan,cilim.mp3,https://dsal.uchicago.edu/dictionaries/hassan/audio/05211.mp3,,the bowl of a huqqa which holds the tobacco and the fire,cilim
n.m.,uchicago_S_Hassan,cillι.mp3,https://dsal.uchicago.edu/dictionaries/hassan/audio/05212.mp3,,a period of forty days; the forty days of Lent during which Muslims remain at home or mosque and engaged in divine worship,cillι
adj.,uchicago_S_Hassan,cīni.mp3,https://dsal.uchicago.edu/dictionaries/hassan/audio/05213.mp3,,of or belonging to China,cīni
n.m.,uchicago_S_Hassan,cīrbāl.mp3,https://dsal.uchicago.edu/dictionaries/hassan/audio/05214.mp3,,the game of football,cīrbāl
n.m.,uchicago_S_Hassan,cirīgoš.mp3,https://dsal.uchicago.edu/dictionaries/hassan/audio/05215.mp3,,pleasure caused by vocal exercise,cirīgoš
n.m.,uchicago_S_Hassan,ciriv ciriv.mp3,https://dsal.uchicago.edu/dictionaries/hassan/audio/05216.mp3,,to make a twittering,ciriv ciriv
n.f.,uchicago_S_Hassan,cīr.mp3,https://dsal.uchicago.edu/dictionaries/hassan/audio/05217.mp3,,"chit, a lottery ticket, a slip of paper",cīr
adj.,uchicago_S_Hassan,cobιrι mot.mp3,https://dsal.uchicago.edu/dictionaries/hassan/audio/05218.mp3,,madly in love at first sight with some particular girl; lusting for a girl,cobιrι mot
n.f.,uchicago_S_Hassan,cogilʸ.mp3,https://dsal.uchicago.edu/dictionaries/hassan/audio/05219.mp3,,"tale-bearing, back-biting, slandering, slander",cogilʸ
n.m.,uchicago_S_Hassan,cōk.mp3,https://dsal.uchicago.edu/dictionaries/hassan/audio/05220.mp3,,an enclosure set apart for cooking or distributing food,cōk
n.m.,uchicago_S_Hassan,canḍ.mp3,https://dsal.uchicago.edu/dictionaries/hassan/audio/05221.mp3,,the sound made by a slap of the open hand on the shoulder or similar flat part of the body,canḍ
n.f.,uchicago_S_Hassan,cōⁿkʰur.mp3,https://dsal.uchicago.edu/dictionaries/hassan/audio/05222.mp3,,a group of four,cōⁿkʰur
n.m.,uchicago_S_Hassan,cukāw.mp3,https://dsal.uchicago.edu/dictionaries/hassan/audio/05223.mp3,,the settlement or fixing of a price between buyer and seller,cukāw
v.,uchicago_S_Hassan,cukāwun.mp3,https://dsal.uchicago.edu/dictionaries/hassan/audio/05224.mp3,,to fix or settle a price,cukāwun
adj.,uchicago_S_Hassan,cipι kə̄ni.mp3,https://dsal.uchicago.edu/dictionaries/hassan/audio/05225.mp3,,"dull-eyed, blear-eyed",cipι kə̄ni
n.f.,uchicago_S_Hassan,cūri.mp3,https://dsal.uchicago.edu/dictionaries/hassan/audio/05226.mp3,,"a collection of creases in fine cloth, the like made by folding, sewing",cūri
n.m.,uchicago_S_Hassan,cͻgι.mp3,https://dsal.uchicago.edu/dictionaries/hassan/audio/05227.mp3,,a kind of cloak reaching to the feet like a dressing-gown,cͻgι
n.m.,uchicago_S_Hassan,cͻkʰtι.mp3,https://dsal.uchicago.edu/dictionaries/hassan/audio/05228.mp3,,roast meat kept over from dinner and suitable for the following midday meal,cͻkʰtι
v.,uchicago_S_Hassan,cʰͻmbun.mp3,https://dsal.uchicago.edu/dictionaries/hassan/audio/05229.mp3,,to thresh grain,cʰͻmbun
adv.,uchicago_S_Hassan,dabādab.mp3,https://dsal.uchicago.edu/dictionaries/hassan/audio/05230.mp3,,"very quickly, speedily",dabādab
v.,uchicago_S_Hassan,dabang.mp3,https://dsal.uchicago.edu/dictionaries/hassan/audio/05231.mp3,,"drunk, insensible from consuming an intoxicating drug",dabang
n.m.,uchicago_S_Hassan,dabāv.mp3,https://dsal.uchicago.edu/dictionaries/hassan/audio/05232.mp3,,"pressing down; force, strength, power; authority, influence, prestige",dabāv
n.m.,uchicago_S_Hassan,dabι dabι.mp3,https://dsal.uchicago.edu/dictionaries/hassan/audio/05233.mp3,,power,dabι dabι
adj.,uchicago_S_Hassan,dabιlad.mp3,https://dsal.uchicago.edu/dictionaries/hassan/audio/05234.mp3,,damaged by a blow from a fall,dabιlad
adj.,uchicago_S_Hassan,dabιlǝdin.mp3,https://dsal.uchicago.edu/dictionaries/hassan/audio/05235.mp3,,damaged by a blow from a fall,dabιlǝdin
n.f.,uchicago_S_Hassan,ḍābιr.mp3,https://dsal.uchicago.edu/dictionaries/hassan/audio/05236.mp3,,a kind of drum,ḍābιr
n.m.,uchicago_S_Hassan,dacʰer.mp3,https://dsal.uchicago.edu/dictionaries/hassan/audio/05237.mp3,,hard-heartedness,dacʰer
n.f.,uchicago_S_Hassan,dacʰin.mp3,https://dsal.uchicago.edu/dictionaries/hassan/audio/05238.mp3,,a fee or present offered to an officiating priest or teacher,dacʰin
n.f.,uchicago_S_Hassan,dād.mp3,https://dsal.uchicago.edu/dictionaries/hassan/audio/05239.mp3,,"law, equity, justice",dād
n.m.,uchicago_S_Hassan,dadārι.mp3,https://dsal.uchicago.edu/dictionaries/hassan/audio/05240.mp3,,destruction of property,dadārι
n.f.,uchicago_S_Hassan,dadrāy.mp3,https://dsal.uchicago.edu/dictionaries/hassan/audio/05241.mp3,,a violent and continuous storm of rain,dadrāy
v.,uchicago_S_Hassan,dadιrāwun.mp3,https://dsal.uchicago.edu/dictionaries/hassan/audio/05242.mp3,,"to make weak, to oppress",dadιrāwun
n.f.,uchicago_S_Hassan,ḍūⁿg.mp3,https://dsal.uchicago.edu/dictionaries/hassan/audio/05243.mp3,,"a dive (into deep water), esp. of a skilled diver",ḍūⁿg
v.,uchicago_S_Hassan,dagith.mp3,https://dsal.uchicago.edu/dictionaries/hassan/audio/05244.mp3,,to beat,dagith
adv.,uchicago_S_Hassan,ḍagι ḍagι.mp3,https://dsal.uchicago.edu/dictionaries/hassan/audio/05245.mp3,,little and little,ḍagι ḍagι
n.f.,uchicago_S_Hassan,dahri bājēn.mp3,https://dsal.uchicago.edu/dictionaries/hassan/audio/05246.mp3,,a member of a row of women met together for singing,dahri bājēn
n.m.,uchicago_S_Hassan,dahri bōj.mp3,https://dsal.uchicago.edu/dictionaries/hassan/audio/05247.mp3,,a member of a row met together for dome good or bad conduct,dahri bōj
adv.,uchicago_S_Hassan,dahri dahri.mp3,https://dsal.uchicago.edu/dictionaries/hassan/audio/05248.mp3,,"in rows, in lines",dahri dahri
n.m.,uchicago_S_Hassan,ḍāⁿbāḍōl.mp3,https://dsal.uchicago.edu/dictionaries/hassan/audio/05249.mp3,,"bewilderment, distraction in any business",ḍāⁿbāḍōl
adj.,uchicago_S_Hassan,ḍāⁿbal.mp3,https://dsal.uchicago.edu/dictionaries/hassan/audio/05250.mp3,,one who act sickness or weakness in order to escape punishment,ḍāⁿbal
n.f.,uchicago_S_Hassan,dāⁿdar kʰāh.mp3,https://dsal.uchicago.edu/dictionaries/hassan/audio/05251.mp3,,"a kitchen-garden, also a name of a place in Srinagar",dāⁿdar kʰāh
adj.,uchicago_S_Hassan,dāⁿdι brāṭʰ.mp3,https://dsal.uchicago.edu/dictionaries/hassan/audio/05252.mp3,,one who is as stupid as an ox,dāⁿdι brāṭʰ
n.f.,uchicago_S_Hassan,dāⁿdιrenʸ.mp3,https://dsal.uchicago.edu/dictionaries/hassan/audio/05253.mp3,,a woman who herself sits in the market and sells such articles,dāⁿdιrenʸ
n.m.,uchicago_S_Hassan,ḍāⁿgur.mp3,https://dsal.uchicago.edu/dictionaries/hassan/audio/05254.mp3,,a grain-merchant,ḍāⁿgur
n.m.,uchicago_S_Hassan,daram.mp3,https://dsal.uchicago.edu/dictionaries/hassan/audio/05255.mp3,,a forester,daram
v.,uchicago_S_Hassan,dārangī.mp3,https://dsal.uchicago.edu/dictionaries/hassan/audio/05256.mp3,,delay to occur in some work commenced,dārangī
adj.,uchicago_S_Hassan,dāranwōl.mp3,https://dsal.uchicago.edu/dictionaries/hassan/audio/05257.mp3,,"owned, loaner",dāranwōl
n.m.,uchicago_S_Hassan,darayōmut.mp3,https://dsal.uchicago.edu/dictionaries/hassan/audio/05258.mp3,,"firm, strong, entirely recovered from illness, naughty",darayōmut
adj.,uchicago_S_Hassan,darāz.mp3,https://dsal.uchicago.edu/dictionaries/hassan/audio/05259.mp3,,"extended, stretched out, long",darāz
n.m.,uchicago_S_Hassan,darāzι.mp3,https://dsal.uchicago.edu/dictionaries/hassan/audio/05260.mp3,,a chest of drawers,darāzι
adj.,uchicago_S_Hassan,dārel.mp3,https://dsal.uchicago.edu/dictionaries/hassan/audio/05261.mp3,,long-bearded,dārel
v.,uchicago_S_Hassan,darham barham gaʦun.mp3,https://dsal.uchicago.edu/dictionaries/hassan/audio/05262.mp3,,to become confused or paralyzed with astonishment,darham barham gaʦun
adj.,uchicago_S_Hassan,darham.mp3,https://dsal.uchicago.edu/dictionaries/hassan/audio/05263.mp3,,"entangled, distorted",darham
adj.,uchicago_S_Hassan,darkār.mp3,https://dsal.uchicago.edu/dictionaries/hassan/audio/05264.mp3,,"necessary, required, wanted",darkār
n.f.,uchicago_S_Hassan,darmιc katʰ.mp3,https://dsal.uchicago.edu/dictionaries/hassan/audio/05265.mp3,,"a word of piety, a truthful statement",darmιc katʰ
adj.,uchicago_S_Hassan,darnι kaṭʰ.mp3,https://dsal.uchicago.edu/dictionaries/hassan/audio/05266.mp3,,"to maintain or keep a fast, to fast",darnι kaṭʰ
adv.,uchicago_S_Hassan,darpēš.mp3,https://dsal.uchicago.edu/dictionaries/hassan/audio/05267.mp3,,"under consideration, under trial",darpēš
n.m.,uchicago_S_Hassan,daršan gah.mp3,https://dsal.uchicago.edu/dictionaries/hassan/audio/05268.mp3,,a place where one interviews a superior,daršan gah
n.m.,uchicago_S_Hassan,daršun.mp3,https://dsal.uchicago.edu/dictionaries/hassan/audio/05269.mp3,,"a visit of respect, or of adoration",daršun
v.,uchicago_S_Hassan,darun.mp3,https://dsal.uchicago.edu/dictionaries/hassan/audio/05270.mp3,,to do some good practice for meditation,darun
v.,uchicago_S_Hassan,dārun.mp3,https://dsal.uchicago.edu/dictionaries/hassan/audio/05271.mp3,,"to owe (money), to have on loan",dārun
n.m.,uchicago_S_Hassan,dārutʰ.mp3,https://dsal.uchicago.edu/dictionaries/hassan/audio/05272.mp3,,"a debt, money, etc., taken on loan",dārutʰ
n.m.,uchicago_S_Hassan,darvēš.mp3,https://dsal.uchicago.edu/dictionaries/hassan/audio/05273.mp3,,"a dervish, a religious mendicant",darvēš
n.m.,uchicago_S_Hassan,darʸuš.mp3,https://dsal.uchicago.edu/dictionaries/hassan/audio/05274.mp3,,"one who drives a hard bargain, closefisted",darʸuš
v.,uchicago_S_Hassan,das wͻtʰun.mp3,https://dsal.uchicago.edu/dictionaries/hassan/audio/05275.mp3,,to set about commencing a work which has been delayed,das wͻtʰun
n.m.,uchicago_S_Hassan,das.mp3,https://dsal.uchicago.edu/dictionaries/hassan/audio/05276.mp3,,"delay, hindrance, obstruction",das
n.m.,uchicago_S_Hassan,ḍās.mp3,https://dsal.uchicago.edu/dictionaries/hassan/audio/05277.mp3,,"destruction, desolation",ḍās
n.m.,uchicago_S_Hassan,dāš.mp3,https://dsal.uchicago.edu/dictionaries/hassan/audio/05278.mp3,,"strength, lastingness, durability, the property of not being easily worn out",dāš
n.f.,uchicago_S_Hassan,dašā.mp3,https://dsal.uchicago.edu/dictionaries/hassan/audio/05279.mp3,,the influence of a predominant planet on fortune of a person,dašā
n.f.,uchicago_S_Hassan,daršan də̄r.mp3,https://dsal.uchicago.edu/dictionaries/hassan/audio/05280.mp3,,a window where one stays for adoration,daršan də̄r
n.f.,uchicago_S_Hassan,daši.mp3,https://dsal.uchicago.edu/dictionaries/hassan/audio/05281.mp3,,the fringes of a cloth or garmenta,daši
n.f.,uchicago_S_Hassan,ḍasι nāv.mp3,https://dsal.uchicago.edu/dictionaries/hassan/audio/05282.mp3,,"utter desolation, utter destruction",ḍasι nāv
n.f.,uchicago_S_Hassan,dǝbin.mp3,https://dsal.uchicago.edu/dictionaries/hassan/audio/05283.mp3,,"a washerman's club, used for beating the clothes he is washing",dǝbin
v.,uchicago_S_Hassan,dǝbιritʰ tʰāwun.mp3,https://dsal.uchicago.edu/dictionaries/hassan/audio/05284.mp3,,hurriedly to bury or hide in the ground,dǝbιritʰ tʰāwun
adj.,uchicago_S_Hassan,dǝcʰnʸuk.mp3,https://dsal.uchicago.edu/dictionaries/hassan/audio/05285.mp3,,of or belonging to the south,dǝcʰnʸuk
n.m.,uchicago_S_Hassan,dǝdūsι.mp3,https://dsal.uchicago.edu/dictionaries/hassan/audio/05286.mp3,,excessive thirst,dǝdūsι
n.f.,uchicago_S_Hassan,dǝdιr.mp3,https://dsal.uchicago.edu/dictionaries/hassan/audio/05287.mp3,,"a certain coetaneous disease, itch",dǝdιr
adj.,uchicago_S_Hassan,dǝdιrilad.mp3,https://dsal.uchicago.edu/dictionaries/hassan/audio/05288.mp3,,suffering from the disease of itch,dǝdιrilad
n.m.,uchicago_S_Hassan,dēgul.mp3,https://dsal.uchicago.edu/dictionaries/hassan/audio/05289.mp3,,a globular wide-mouthed earthen pot for cooking meat,dēgul
n.m.,uchicago_S_Hassan,dēgι batι.mp3,https://dsal.uchicago.edu/dictionaries/hassan/audio/05290.mp3,,rice cooked in a cauldron,dēgι batι
v.,uchicago_S_Hassan,ḍēⁿji tǝlʸ anun.mp3,https://dsal.uchicago.edu/dictionaries/hassan/audio/05291.mp3,,to twist unfairly an opponent's language,ḍēⁿji tǝlʸ anun
n.f.,uchicago_S_Hassan,dǝrz.mp3,https://dsal.uchicago.edu/dictionaries/hassan/audio/05292.mp3,,"a fissure, cleft, crack, flaw",dǝrz
n.f.,uchicago_S_Hassan,ḍīḍʸ.mp3,https://dsal.uchicago.edu/dictionaries/hassan/audio/05293.mp3,,"the main entrance of a large house or palace, the hall door",ḍīḍʸ
n.f.,uchicago_S_Hassan,dig.mp3,https://dsal.uchicago.edu/dictionaries/hassan/audio/05294.mp3,,"a peck, beak-bite",dig
adj.,uchicago_S_Hassan,digal.mp3,https://dsal.uchicago.edu/dictionaries/hassan/audio/05295.mp3,,a bird inclined to peck,digal
n.f.,uchicago_S_Hassan,digin.mp3,https://dsal.uchicago.edu/dictionaries/hassan/audio/05296.mp3,,a continual flow,digin
adj.,uchicago_S_Hassan,digran.mp3,https://dsal.uchicago.edu/dictionaries/hassan/audio/05297.mp3,,around 5 o'clock,digran
adv.,uchicago_S_Hassan,digras.mp3,https://dsal.uchicago.edu/dictionaries/hassan/audio/05298.mp3,,in the late afternoon or thereabouts,digras
n.f.,uchicago_S_Hassan,digι dig.mp3,https://dsal.uchicago.edu/dictionaries/hassan/audio/05299.mp3,,"mutual pecking, as in a cock-fight",digι dig
n.f.,uchicago_S_Hassan,ḍīⁿj.mp3,https://dsal.uchicago.edu/dictionaries/hassan/audio/05300.mp3,,"ball of wool, cotton, thread, string",ḍīⁿj
v.,uchicago_S_Hassan,dis.mp3,https://dsal.uchicago.edu/dictionaries/hassan/audio/05301.mp3,,give to him,dis
adj.,uchicago_S_Hassan,dob.mp3,https://dsal.uchicago.edu/dictionaries/hassan/audio/05302.mp3,,"nearly full, not quite full",dob
adv.,uchicago_S_Hassan,dohā dohā.mp3,https://dsal.uchicago.edu/dictionaries/hassan/audio/05303.mp3,,"daily, every day",dohā dohā
adj.,uchicago_S_Hassan,dōrandēš.mp3,https://dsal.uchicago.edu/dictionaries/hassan/audio/05304.mp3,,"far-sighted, far-seeing, keen",dōrandēš
n.m.,uchicago_S_Hassan,drāl.mp3,https://dsal.uchicago.edu/dictionaries/hassan/audio/05305.mp3,,"a broker, an agent, property dealer",drāl
n.f.,uchicago_S_Hassan,drālǝz.mp3,https://dsal.uchicago.edu/dictionaries/hassan/audio/05306.mp3,,the profession of broker,drālǝz
n.,uchicago_S_Hassan,dramun.mp3,https://dsal.uchicago.edu/dictionaries/hassan/audio/05307.mp3,,"a kind of grass, Panicum dactylon or Cynodon dactylon",dramun
n.,uchicago_S_Hassan,dran.mp3,https://dsal.uchicago.edu/dictionaries/hassan/audio/05308.mp3,,low marshy ground near lakes,dran
n.f.,uchicago_S_Hassan,drangalι.mp3,https://dsal.uchicago.edu/dictionaries/hassan/audio/05309.mp3,,a gang of people collected for a sudden robbery or the fuss,drangalι
n.m.,uchicago_S_Hassan,drangι bal.mp3,https://dsal.uchicago.edu/dictionaries/hassan/audio/05310.mp3,,"a frontier tollhouse, custom-house, passport office",drangι bal
n.f.,uchicago_S_Hassan,drās.mp3,https://dsal.uchicago.edu/dictionaries/hassan/audio/05311.mp3,,name of a town and district in Baltistān,drās
n.m.,uchicago_S_Hassan,drasι.mp3,https://dsal.uchicago.edu/dictionaries/hassan/audio/05312.mp3,,"pulling at a rope, a cloth, or a like",drasι
v.,uchicago_S_Hassan,drēⁿṭʰun.mp3,https://dsal.uchicago.edu/dictionaries/hassan/audio/05313.mp3,,to become suddenly invisible,drēⁿṭʰun
adv.,uchicago_S_Hassan,drustis dohas.mp3,https://dsal.uchicago.edu/dictionaries/hassan/audio/05314.mp3,,all day,drustis dohas
adv.,uchicago_S_Hassan,drustι dohas.mp3,https://dsal.uchicago.edu/dictionaries/hassan/audio/05315.mp3,,all day long,drustι dohas
adv.,uchicago_S_Hassan,drustι wait.mp3,https://dsal.uchicago.edu/dictionaries/hassan/audio/05316.mp3,,"all the way, during the whole journey",drustι wait
adj.,uchicago_S_Hassan,drusι.mp3,https://dsal.uchicago.edu/dictionaries/hassan/audio/05317.mp3,,"entire, full",drusι
n.m.,uchicago_S_Hassan,drūy.mp3,https://dsal.uchicago.edu/dictionaries/hassan/audio/05318.mp3,,a woman's husband's brother,drūy
n.f.,uchicago_S_Hassan,drιh.mp3,https://dsal.uchicago.edu/dictionaries/hassan/audio/05319.mp3,,a frown,drιh
adj.,uchicago_S_Hassan,drιhʸlad.mp3,https://dsal.uchicago.edu/dictionaries/hassan/audio/05320.mp3,,a frowner(male),drιhʸlad
adj.,uchicago_S_Hassan,drιhʸladin.mp3,https://dsal.uchicago.edu/dictionaries/hassan/audio/05321.mp3,,a frowner(female),drιhʸladin
n.f.,uchicago_S_Hassan,drῑlʸ.mp3,https://dsal.uchicago.edu/dictionaries/hassan/audio/05322.mp3,,"commission paid to a broker, brokerage",drῑlʸ
v.,uchicago_S_Hassan,drͻkun.mp3,https://dsal.uchicago.edu/dictionaries/hassan/audio/05323.mp3,,"to run, play",drͻkun
n.m.,uchicago_S_Hassan,drə̄ʦ dan.mp3,https://dsal.uchicago.edu/dictionaries/hassan/audio/05324.mp3,,the handle of such a sickle,drə̄ʦ dan
n.f.,uchicago_S_Hassan,dub dub.mp3,https://dsal.uchicago.edu/dictionaries/hassan/audio/05325.mp3,,beating of the heart from fear or the like,dub dub
adj.,uchicago_S_Hassan,dubι.mp3,https://dsal.uchicago.edu/dictionaries/hassan/audio/05326.mp3,,fallen upside down,dubι
n.f.,uchicago_S_Hassan,dubιrāhrāy.mp3,https://dsal.uchicago.edu/dictionaries/hassan/audio/05327.mp3,,a repeated knocking at a door,dubιrāhrāy
adj.,uchicago_S_Hassan,dudarι.mp3,https://dsal.uchicago.edu/dictionaries/hassan/audio/05328.mp3,,stout and strong,dudarι
adj.,uchicago_S_Hassan,dudastι.mp3,https://dsal.uchicago.edu/dictionaries/hassan/audio/05329.mp3,,two-handed,dudastι
n.m.,uchicago_S_Hassan,dugāḍι.mp3,https://dsal.uchicago.edu/dictionaries/hassan/audio/05330.mp3,,double-bladed mattock,dugāḍι
adj.,uchicago_S_Hassan,dugan.mp3,https://dsal.uchicago.edu/dictionaries/hassan/audio/05331.mp3,,"twofold, double",dugan
n.m.,uchicago_S_Hassan,dugōš.mp3,https://dsal.uchicago.edu/dictionaries/hassan/audio/05332.mp3,,a disease of the eyes which apparently multiplies the object,dugōš
n.m.,uchicago_S_Hassan,ḍūgrι.mp3,https://dsal.uchicago.edu/dictionaries/hassan/audio/05333.mp3,,a man of the Dogra tribe,ḍūgrι
adj.,uchicago_S_Hassan,duhǝtyum.mp3,https://dsal.uchicago.edu/dictionaries/hassan/audio/05334.mp3,,two-hundredth,duhǝtyum
n.f.,uchicago_S_Hassan,dūjι.mp3,https://dsal.uchicago.edu/dictionaries/hassan/audio/05335.mp3,,the blackboard used as a slate for writing in schools,dūjι
n.m.,uchicago_S_Hassan,ḍūⁿgι.mp3,https://dsal.uchicago.edu/dictionaries/hassan/audio/05336.mp3,,a kind of boat in which the passengers also live,ḍūⁿgι
adj.,uchicago_S_Hassan,dūradaršī.mp3,https://dsal.uchicago.edu/dictionaries/hassan/audio/05337.mp3,,"far-sighted, far-seeing, foreseeing",dūradaršī
adj.,uchicago_S_Hassan,durǝngi.mp3,https://dsal.uchicago.edu/dictionaries/hassan/audio/05338.mp3,,of two colours,durǝngi
n.f.,uchicago_S_Hassan,dʸed.mp3,https://dsal.uchicago.edu/dictionaries/hassan/audio/05339.mp3,,"an elderly lady, such as a mother, grandmother, the chief wife in a household",dʸed
n.m.,uchicago_S_Hassan,dʸōn.mp3,https://dsal.uchicago.edu/dictionaries/hassan/audio/05340.mp3,,"a kind of small churning-stick, used for churning curdled milk",dʸōn
v.,uchicago_S_Hassan,dιdι kaḍun.mp3,https://dsal.uchicago.edu/dictionaries/hassan/audio/05341.mp3,,to whisper,dιdι kaḍun
v.,uchicago_S_Hassan,dιdι pʰōrun.mp3,https://dsal.uchicago.edu/dictionaries/hassan/audio/05342.mp3,,to speak slowly and in a whisper,dιdι pʰōrun
n.f.,uchicago_S_Hassan,dιhǝn.mp3,https://dsal.uchicago.edu/dictionaries/hassan/audio/05343.mp3,,the bad smell of milk,dιhǝn
n.f.,uchicago_S_Hassan,dιrkākinʸ.mp3,https://dsal.uchicago.edu/dictionaries/hassan/audio/05344.mp3,,a term of address used between wives of two or more brothers,dιrkākinʸ
n.m.,uchicago_S_Hassan,dιrkākni tōn.mp3,https://dsal.uchicago.edu/dictionaries/hassan/audio/05345.mp3,,relationship between a younger brother's wife and an elder brother's wife,dιrkākni tōn
adj.,uchicago_S_Hassan,ḍῑs.mp3,https://dsal.uchicago.edu/dictionaries/hassan/audio/05346.mp3,,"a clumsy fool, one who does nothing but sit and eat",ḍῑs
adj.,uchicago_S_Hassan,dͻbʸ drāv.mp3,https://dsal.uchicago.edu/dictionaries/hassan/audio/05347.mp3,,"come from the wash, cleaned and returned by the washerman",dͻbʸ drāv
v.,uchicago_S_Hassan,dͻbιran.mp3,https://dsal.uchicago.edu/dictionaries/hassan/audio/05348.mp3,,"to bury, to hide in the ground; to bury",dͻbιran
n.m.,uchicago_S_Hassan,ḍͻcer.mp3,https://dsal.uchicago.edu/dictionaries/hassan/audio/05349.mp3,,"crookedness of body, humpbackedness",ḍͻcer
adj.,uchicago_S_Hassan,ḍͻḍ.mp3,https://dsal.uchicago.edu/dictionaries/hassan/audio/05350.mp3,,one and a half,ḍͻḍ
v.,uchicago_S_Hassan,dͻdur aʦun.mp3,https://dsal.uchicago.edu/dictionaries/hassan/audio/05351.mp3,,to enter decayedness,dͻdur aʦun
n.m.,uchicago_S_Hassan,dͻdι ambιr.mp3,https://dsal.uchicago.edu/dictionaries/hassan/audio/05352.mp3,,a certain kind of apple with a milky taste,dͻdι ambιr
n.f.,uchicago_S_Hassan,dͻdι beni.mp3,https://dsal.uchicago.edu/dictionaries/hassan/audio/05353.mp3,,"a milk-sister, the daughter of a foster-mother, a foster-sister",dͻdι beni
n.m.,uchicago_S_Hassan,dͻdι heḍur.mp3,https://dsal.uchicago.edu/dictionaries/hassan/audio/05354.mp3,,"a milk-mushroom, a small delicate species of mushroom",dͻdι heḍur
adj.,uchicago_S_Hassan,dͻdι lōṭι.mp3,https://dsal.uchicago.edu/dictionaries/hassan/audio/05355.mp3,,a milk-darling; a good-looking well-mannered child,dͻdι lōṭι
n.m.,uchicago_S_Hassan,dͻdι ʦoḍ.mp3,https://dsal.uchicago.edu/dictionaries/hassan/audio/05356.mp3,,a large earthenware vessel for milk,dͻdι ʦoḍ
n.m.,uchicago_S_Hassan,dͻdι wǝgrι.mp3,https://dsal.uchicago.edu/dictionaries/hassan/audio/05357.mp3,,a thick kind of rice-milk,dͻdι wǝgrι
n.f.,uchicago_S_Hassan,dͻdι wǝṭ.mp3,https://dsal.uchicago.edu/dictionaries/hassan/audio/05358.mp3,,unripe Indian corn,dͻdι wǝṭ
n.f.,uchicago_S_Hassan,dͻdι zel.mp3,https://dsal.uchicago.edu/dictionaries/hassan/audio/05359.mp3,,the cream of clotted milk,dͻdι zel
n.m.,uchicago_S_Hassan,dͻgal batι.mp3,https://dsal.uchicago.edu/dictionaries/hassan/audio/05360.mp3,,cooked rice with clotted lumps of rice in it,dͻgal batι
n.f.,uchicago_S_Hassan,dͻgway.mp3,https://dsal.uchicago.edu/dictionaries/hassan/audio/05361.mp3,,wages paid for husking grain,dͻgway
n.m.,uchicago_S_Hassan,ḍͻgι.mp3,https://dsal.uchicago.edu/dictionaries/hassan/audio/05362.mp3,,a whitlow,ḍͻgι
adv.,uchicago_S_Hassan,dͻhlʸ gāši.mp3,https://dsal.uchicago.edu/dictionaries/hassan/audio/05363.mp3,,"daytime, the time from sunrise to sunset",dͻhlʸ gāši
n.f.,uchicago_S_Hassan,durgatʰ.mp3,https://dsal.uchicago.edu/dictionaries/hassan/audio/05364.mp3,,"defeat, poorness",durgatʰ
adj.,uchicago_S_Hassan,dͻrlab.mp3,https://dsal.uchicago.edu/dictionaries/hassan/audio/05365.mp3,,difficult to get,dͻrlab
n.f.,uchicago_S_Hassan,də̄sī.mp3,https://dsal.uchicago.edu/dictionaries/hassan/audio/05366.mp3,,"a female servant, female devotee",də̄sī
,uchicago_S_Hassan,ǝbaras tal.mp3,https://dsal.uchicago.edu/dictionaries/hassan/audio/05367.mp3,,phrase under a cloud,ǝbaras tal
n.f.,uchicago_S_Hassan,ǝcʰ bͻcʰi.mp3,https://dsal.uchicago.edu/dictionaries/hassan/audio/05368.mp3,,"eye-hunger, a fictitious desire begotten at the sight of food when, owing to illness, etc",ǝcʰ bͻcʰi
n.m.,uchicago_S_Hassan,ǝcʰar bocʰ.mp3,https://dsal.uchicago.edu/dictionaries/hassan/audio/05369.mp3,,"hungry for letters, one who at the time of writing misspells word",ǝcʰar bocʰ
n.m.,uchicago_S_Hassan,ǝcʰar wāl.mp3,https://dsal.uchicago.edu/dictionaries/hassan/audio/05370.mp3,,the eyelashes,ǝcʰar wāl
adv.,uchicago_S_Hassan,ǝcʰarι patι ǝcʰarι.mp3,https://dsal.uchicago.edu/dictionaries/hassan/audio/05371.mp3,,literatim,ǝcʰarι patι ǝcʰarι
adj.,uchicago_S_Hassan,ǝcʰīṭʰ.mp3,https://dsal.uchicago.edu/dictionaries/hassan/audio/05372.mp3,,"possessing the evil eye, jealous",ǝcʰīṭʰ
n.m.,uchicago_S_Hassan,ǝcʰur.mp3,https://dsal.uchicago.edu/dictionaries/hassan/audio/05373.mp3,,a letter of the alphabet,ǝcʰur
n.m.,uchicago_S_Hassan,ǝcʰ lāl.mp3,https://dsal.uchicago.edu/dictionaries/hassan/audio/05374.mp3,,pupil of eye,ǝcʰ lāl
n.f.,uchicago_S_Hassan,ǝḍ hār.mp3,https://dsal.uchicago.edu/dictionaries/hassan/audio/05375.mp3,,"half a cowry, a thing of the size or value of half a cowry",ǝḍ hār
n.m.,uchicago_S_Hassan,ǝdal.mp3,https://dsal.uchicago.edu/dictionaries/hassan/audio/05376.mp3,,justice,ǝdal
n.m.,uchicago_S_Hassan,ǝdrakʰ monḍ.mp3,https://dsal.uchicago.edu/dictionaries/hassan/audio/05377.mp3,,the lumpy root of the ginger plant,ǝdrakʰ monḍ
v.,uchicago_S_Hassan,ǝdrāwun.mp3,https://dsal.uchicago.edu/dictionaries/hassan/audio/05378.mp3,,to make moist or wet,ǝdrāwun
v.,uchicago_S_Hassan,ǝdrun.mp3,https://dsal.uchicago.edu/dictionaries/hassan/audio/05379.mp3,,to become moist,ǝdrun
n.f.,uchicago_S_Hassan,ǝdιr zǝṭ.mp3,https://dsal.uchicago.edu/dictionaries/hassan/audio/05380.mp3,,"a wet rag; an old rag used for wiping off sweat, for mopping up liquids, or the like",ǝdιr zǝṭ
n.m.,uchicago_S_Hassan,ǝdιrer.mp3,https://dsal.uchicago.edu/dictionaries/hassan/audio/05381.mp3,,"dampness, moistness, wetness",ǝdιrer
v.,uchicago_S_Hassan,ǝhoru kaḍun.mp3,https://dsal.uchicago.edu/dictionaries/hassan/audio/05382.mp3,,to calculate the probable result of any work by examining a portion of it at its commencement; skilfulness in such appraisement,ǝhoru kaḍun
n.m.,uchicago_S_Hassan,ə̄kʰun.mp3,https://dsal.uchicago.edu/dictionaries/hassan/audio/05383.mp3,,teacher,ə̄kʰun
adv.,uchicago_S_Hassan,ǝtʸ.mp3,https://dsal.uchicago.edu/dictionaries/hassan/audio/05384.mp3,,from that very place,ǝtʸ
n.m.,uchicago_S_Hassan,gagan.mp3,https://dsal.uchicago.edu/dictionaries/hassan/audio/05385.mp3,,"the atmosphere, sky",gagan
n.m.,uchicago_S_Hassan,gagar dand.mp3,https://dsal.uchicago.edu/dictionaries/hassan/audio/05386.mp3,,a human tooth which is very thin and sharp like that of rat,gagar dand
n.m.,uchicago_S_Hassan,gah.mp3,https://dsal.uchicago.edu/dictionaries/hassan/audio/05387.mp3,,"shinning, brightness",gah
n.m.,uchicago_S_Hassan,gahajār.mp3,https://dsal.uchicago.edu/dictionaries/hassan/audio/05388.mp3,,"shade, dim illumination",gahajār
v.,uchicago_S_Hassan,gahun.mp3,https://dsal.uchicago.edu/dictionaries/hassan/audio/05389.mp3,,"to shine, be bright",gahun
n.f.,uchicago_S_Hassan,gāl.mp3,https://dsal.uchicago.edu/dictionaries/hassan/audio/05390.mp3,,a feeling of shame caused by another's actions,gāl
v.,uchicago_S_Hassan,gēlun.mp3,https://dsal.uchicago.edu/dictionaries/hassan/audio/05391.mp3,,to ridicule,gēlun
n.m.,uchicago_S_Hassan,gālav.mp3,https://dsal.uchicago.edu/dictionaries/hassan/audio/05392.mp3,,place in a boat in which luggage is stored,gālav
n.m.,uchicago_S_Hassan,galdār.mp3,https://dsal.uchicago.edu/dictionaries/hassan/audio/05393.mp3,,a grain-merchant,galdār
n.f.,uchicago_S_Hassan,galdāren.mp3,https://dsal.uchicago.edu/dictionaries/hassan/audio/05394.mp3,,either his wife or a female grain-merchant,galdāren
v.,uchicago_S_Hassan,gali pʰirun.mp3,https://dsal.uchicago.edu/dictionaries/hassan/audio/05395.mp3,,to empty a jar by inverting it and pouring out the contents,gali pʰirun
adj.,uchicago_S_Hassan,galnāy.mp3,https://dsal.uchicago.edu/dictionaries/hassan/audio/05396.mp3,,"not molten, not melted, still unmelted, not reduced to a liquid form (usually of metals exposed to heat)",galnāy
n.m.,uchicago_S_Hassan,galtān.mp3,https://dsal.uchicago.edu/dictionaries/hassan/audio/05397.mp3,,"the receptacle in which the day's receipts of a shopkeeper are deposited, the till",galtān
v.,uchicago_S_Hassan,gālun.mp3,https://dsal.uchicago.edu/dictionaries/hassan/audio/05398.mp3,,to cause to melt,gālun
n.f.,uchicago_S_Hassan,gǝdʸ.mp3,https://dsal.uchicago.edu/dictionaries/hassan/audio/05399.mp3,,"a royal palace where the king transacts business, the royal court",gǝdʸ
adj.,uchicago_S_Hassan,galιboḍ.mp3,https://dsal.uchicago.edu/dictionaries/hassan/audio/05400.mp3,,one who has naturally a loud voice,galιboḍ
n.m.,uchicago_S_Hassan,galιwān.mp3,https://dsal.uchicago.edu/dictionaries/hassan/audio/05401.mp3,,one who habitually bullies and shouts at other,galιwān
n.m.,uchicago_S_Hassan,gālιwun.mp3,https://dsal.uchicago.edu/dictionaries/hassan/audio/05402.mp3,,a destroyer,gālιwun
n.f.,uchicago_S_Hassan,galιwə̄n.mp3,https://dsal.uchicago.edu/dictionaries/hassan/audio/05403.mp3,,one who habitually bullies and shouts at other,galιwə̄n
v.,uchicago_S_Hassan,gāⁿgal gaʦʰin.mp3,https://dsal.uchicago.edu/dictionaries/hassan/audio/05404.mp3,,"in the course of one piece of work, to forget about it and to become busily engaged in another work",gāⁿgal gaʦʰin
v.,uchicago_S_Hassan,gāⁿgιlāwun.mp3,https://dsal.uchicago.edu/dictionaries/hassan/audio/05405.mp3,,to interrupt one when he busily engaged in some work,gāⁿgιlāwun
v.,uchicago_S_Hassan,gāⁿgιlun.mp3,https://dsal.uchicago.edu/dictionaries/hassan/audio/05406.mp3,,to have one's attention diverted from any work,gāⁿgιlun
n.f.,uchicago_S_Hassan,gardenʸ ganḍ.mp3,https://dsal.uchicago.edu/dictionaries/hassan/audio/05407.mp3,,a name given to the nape of the neck,gardenʸ ganḍ
v.,uchicago_S_Hassan,gardi gaʦʰun.mp3,https://dsal.uchicago.edu/dictionaries/hassan/audio/05408.mp3,,to become dusty,gardi gaʦʰun
n.m.,uchicago_S_Hassan,garēbān.mp3,https://dsal.uchicago.edu/dictionaries/hassan/audio/05409.mp3,,"a collar, the opening or neck of a garment",garēbān
adv.,uchicago_S_Hassan,gari.mp3,https://dsal.uchicago.edu/dictionaries/hassan/audio/05410.mp3,,"in the house, at home",gari
n.m.,uchicago_S_Hassan,garik.mp3,https://dsal.uchicago.edu/dictionaries/hassan/audio/05411.mp3,,"produced in a house, the family",garik
adj.,uchicago_S_Hassan,garuk.mp3,https://dsal.uchicago.edu/dictionaries/hassan/audio/05412.mp3,,produced in a house,garuk
n.f.,uchicago_S_Hassan,gārι.mp3,https://dsal.uchicago.edu/dictionaries/hassan/audio/05413.mp3,,"continued longing, unsatisfied even by obtaining the desired object",gārι
n.f.,uchicago_S_Hassan,gegιr.mp3,https://dsal.uchicago.edu/dictionaries/hassan/audio/05414.mp3,,the upper open part of a pair of drawers or pāy-jāmas,gegιr
n.m.,uchicago_S_Hassan,gǝjʸ ṭʰor.mp3,https://dsal.uchicago.edu/dictionaries/hassan/audio/05415.mp3,,the cover of traditional fire opening,gǝjʸ ṭʰor
n.f.,uchicago_S_Hassan,gǝkʰιr.mp3,https://dsal.uchicago.edu/dictionaries/hassan/audio/05416.mp3,,inarticulate noise,gǝkʰιr
n.m.,uchicago_S_Hassan,gǝkʰιrband.mp3,https://dsal.uchicago.edu/dictionaries/hassan/audio/05417.mp3,,inarticulate noise or shouting,gǝkʰιrband
adv.,uchicago_S_Hassan,gǝl gǝl gaʦʰun.mp3,https://dsal.uchicago.edu/dictionaries/hassan/audio/05418.mp3,,"humiliated by abuse, shyly",gǝl gǝl gaʦʰun
v.,uchicago_S_Hassan,gǝlitʰ gaʦʰun.mp3,https://dsal.uchicago.edu/dictionaries/hassan/audio/05419.mp3,,"to be melted, to be humble or humiliated by abuse or fear",gǝlitʰ gaʦʰun
v.,uchicago_S_Hassan,gēlun.mp3,https://dsal.uchicago.edu/dictionaries/hassan/audio/05420.mp3,,to blame a person by making him ridiculous,gēlun
n.f.,uchicago_S_Hassan,gēlʸ.mp3,https://dsal.uchicago.edu/dictionaries/hassan/audio/05421.mp3,,a thick solid beam,gēlʸ
n.f.,uchicago_S_Hassan,gelʸ.mp3,https://dsal.uchicago.edu/dictionaries/hassan/audio/05422.mp3,,hitting anything by throwing a stick at it,gelʸ
v.,uchicago_S_Hassan,gilan mārin.mp3,https://dsal.uchicago.edu/dictionaries/hassan/audio/05423.mp3,,"to turn, to flaunt or flourish one's ornaments",gilan mārin
n.f.,uchicago_S_Hassan,gilan.mp3,https://dsal.uchicago.edu/dictionaries/hassan/audio/05424.mp3,,turning about,gilan
n.f.,uchicago_S_Hassan,gilaṭʰ.mp3,https://dsal.uchicago.edu/dictionaries/hassan/audio/05425.mp3,,palting (sliver or gold),gilaṭʰ
n.f.,uchicago_S_Hassan,gīdι.mp3,https://dsal.uchicago.edu/dictionaries/hassan/audio/05426.mp3,,the excrement of a newly born child or other newly born animal,gīdι
v.,uchicago_S_Hassan,gilιwun.mp3,https://dsal.uchicago.edu/dictionaries/hassan/audio/05427.mp3,,to swindle,gilιwun
v. met.,uchicago_S_Hassan,gīr gaʦʰun.mp3,https://dsal.uchicago.edu/dictionaries/hassan/audio/05428.mp3,,"to distress, vex, worry, harass",gīr gaʦʰun
adj.,uchicago_S_Hassan,gīrι rang.mp3,https://dsal.uchicago.edu/dictionaries/hassan/audio/05429.mp3,,the colour of red ochre,gīrι rang
n.m.,uchicago_S_Hassan,gōhar.mp3,https://dsal.uchicago.edu/dictionaries/hassan/audio/05430.mp3,,"nature, essence, substance, jewel",gōhar
n.m.,uchicago_S_Hassan,gōl mōl.mp3,https://dsal.uchicago.edu/dictionaries/hassan/audio/05431.mp3,,"confusion, jumble, mess",gōl mōl
n.m.,uchicago_S_Hassan,gol.mp3,https://dsal.uchicago.edu/dictionaries/hassan/audio/05432.mp3,,the inside part of the corners of the mouth,gol
n.m.,uchicago_S_Hassan,golur.mp3,https://dsal.uchicago.edu/dictionaries/hassan/audio/05433.mp3,,a swelling of the jowl or lower part of the cheek,golur
n.m.,uchicago_S_Hassan,gōlι.mp3,https://dsal.uchicago.edu/dictionaries/hassan/audio/05434.mp3,,"a ball, globe",gōlι
n.m.,uchicago_S_Hassan,gōr.mp3,https://dsal.uchicago.edu/dictionaries/hassan/audio/05435.mp3,,"molasses, treacle",gōr
n.f.,uchicago_S_Hassan,gōrιbāy.mp3,https://dsal.uchicago.edu/dictionaries/hassan/audio/05436.mp3,,the wife of a family priest,gōrιbāy
n.m.,uchicago_S_Hassan,gͻgι manzul.mp3,https://dsal.uchicago.edu/dictionaries/hassan/audio/05437.mp3,,a child's swinging cot,gͻgι manzul
n.m.,uchicago_S_Hassan,guh.mp3,https://dsal.uchicago.edu/dictionaries/hassan/audio/05438.mp3,,cow-dung; buffalo-dung,guh
n.m.,uchicago_S_Hassan,guhiy ambar.mp3,https://dsal.uchicago.edu/dictionaries/hassan/audio/05439.mp3,,"a pile of cow-dung, a dunghill",guhiy ambar
n.pl.,uchicago_S_Hassan,gujir.mp3,https://dsal.uchicago.edu/dictionaries/hassan/audio/05440.mp3,,pastoral tribe which roams over the hills,gujir
n.f.,uchicago_S_Hassan,gujrenʸ.mp3,https://dsal.uchicago.edu/dictionaries/hassan/audio/05441.mp3,,woman of a certain pastoral tribe which roams over the hills,gujrenʸ
n.m.,uchicago_S_Hassan,gujur.mp3,https://dsal.uchicago.edu/dictionaries/hassan/audio/05442.mp3,,a man of a certain pastoral tribe which roams over the hills,gujur
n.m.,uchicago_S_Hassan,gul miyūṭʰ.mp3,https://dsal.uchicago.edu/dictionaries/hassan/audio/05443.mp3,,"a kiss on the forearm; or a gift fastened on the forearm of a child on the certain occasion like child birth, wedding",gul miyūṭʰ
n.m.,uchicago_S_Hassan,gulēl.mp3,https://dsal.uchicago.edu/dictionaries/hassan/audio/05444.mp3,,a pellet-bow,gulēl
n.m.,uchicago_S_Hassan,gulnār.mp3,https://dsal.uchicago.edu/dictionaries/hassan/audio/05445.mp3,,the flower of pomegranate,gulnār
adj.,uchicago_S_Hassan,gulnār.mp3,https://dsal.uchicago.edu/dictionaries/hassan/audio/05446.mp3,,"very red like flower of pomegranate, crimson",gulnār
n.m.,uchicago_S_Hassan,gulubān.mp3,https://dsal.uchicago.edu/dictionaries/hassan/audio/05447.mp3,,one who takes care of a herd of horses during pasturing,gulubān
v.,uchicago_S_Hassan,gulʸ ālιwǝn.mp3,https://dsal.uchicago.edu/dictionaries/hassan/audio/05448.mp3,,to pass the hands over the head and face in order to pacify,gulʸ ālιwǝn
n.f.,uchicago_S_Hassan,gūlʸ.mp3,https://dsal.uchicago.edu/dictionaries/hassan/audio/05449.mp3,,a bullet,gūlʸ
n.f.,uchicago_S_Hassan,gulʸ.mp3,https://dsal.uchicago.edu/dictionaries/hassan/audio/05450.mp3,,"name of a certain plant, Cichorium intybus",gulʸ
n.m.,uchicago_S_Hassan,gulι.mp3,https://dsal.uchicago.edu/dictionaries/hassan/audio/05451.mp3,,the act of churning or beating up by hand of two liquids together,gulι
n.m.,uchicago_S_Hassan,gulι.mp3,https://dsal.uchicago.edu/dictionaries/hassan/audio/05452.mp3,,"the forearm, the arm between the elbow and the wrist",gulι
v.,uchicago_S_Hassan,gulιwun.mp3,https://dsal.uchicago.edu/dictionaries/hassan/audio/05453.mp3,,to roll something in the mouth,gulιwun
n.m.,uchicago_S_Hassan,gurun.mp3,https://dsal.uchicago.edu/dictionaries/hassan/audio/05454.mp3,,"a young fish, any tiny fish",gurun
n.f.,uchicago_S_Hassan,gurʸ sawə̄r.mp3,https://dsal.uchicago.edu/dictionaries/hassan/audio/05455.mp3,,horse ride,gurʸ sawə̄r
adj.,uchicago_S_Hassan,gιhnāy.mp3,https://dsal.uchicago.edu/dictionaries/hassan/audio/05456.mp3,,"not ground, not reduced to a fine powder",gιhnāy
v.,uchicago_S_Hassan,guh kʰonʸ.mp3,https://dsal.uchicago.edu/dictionaries/hassan/audio/05457.mp3,,"to eat ordure, to utter filthy lying words",guh kʰonʸ
n.m.,uchicago_S_Hassan,zen huv.mp3,https://dsal.uchicago.edu/dictionaries/hassan/audio/05458.mp3,,wet like mud,zen huv
n.m.,uchicago_S_Hassan,guhistān.mp3,https://dsal.uchicago.edu/dictionaries/hassan/audio/05459.mp3,,the anus,guhistān
n.m.,uchicago_S_Hassan,gol.mp3,https://dsal.uchicago.edu/dictionaries/hassan/audio/05460.mp3,,"the mouth of a jar, opening of a bag, entrance to a cave",gol
n.m.,uchicago_S_Hassan,gͻlāb ə̄rakʰ.mp3,https://dsal.uchicago.edu/dictionaries/hassan/audio/05461.mp3,,rose=water,gͻlāb ə̄rakʰ
n.m.,uchicago_S_Hassan,gͻlālι.mp3,https://dsal.uchicago.edu/dictionaries/hassan/audio/05462.mp3,,"the red poppy, Papaver rhœas",gͻlālι
n.m.,uchicago_S_Hassan,gͻlur.mp3,https://dsal.uchicago.edu/dictionaries/hassan/audio/05463.mp3,,the shell or skin of a walnut,gͻlur
adj.,uchicago_S_Hassan,gͻlə̄b.mp3,https://dsal.uchicago.edu/dictionaries/hassan/audio/05464.mp3,,"of the colour of a rose, rosecoloured, rosy, pink",gͻlə̄b
n.m.,uchicago_S_Hassan,gͻrdə̄l.mp3,https://dsal.uchicago.edu/dictionaries/hassan/audio/05465.mp3,,"name of a certain fruit, a small apricot",gͻrdə̄l
adj.,uchicago_S_Hassan,gə̄r wǝjib.mp3,https://dsal.uchicago.edu/dictionaries/hassan/audio/05466.mp3,,"improper, unreasonable, unjust, wrong",gə̄r wǝjib
adj.,uchicago_S_Hassan,gə̄rʸ.mp3,https://dsal.uchicago.edu/dictionaries/hassan/audio/05467.mp3,,"other, different, strange, foreign",gə̄rʸ
v.,uchicago_S_Hassan,gə̄rι trāwun.mp3,https://dsal.uchicago.edu/dictionaries/hassan/audio/05468.mp3,,"to encompass, surround, walk round",gə̄rι trāwun
interj.,uchicago_S_Hassan,hā.mp3,https://dsal.uchicago.edu/dictionaries/hassan/audio/05469.mp3,,"This interj. is generally used in calling a male person at a distance, or in sorrow",hā
n.,uchicago_S_Hassan,hab.mp3,https://dsal.uchicago.edu/dictionaries/hassan/audio/05470.mp3,,"one grain, one berry, one seed",hab
adj.,uchicago_S_Hassan,hacuv.mp3,https://dsal.uchicago.edu/dictionaries/hassan/audio/05471.mp3,,"made of wood, wooden",hacuv
n.m.,uchicago_S_Hassan,hajer.mp3,https://dsal.uchicago.edu/dictionaries/hassan/audio/05472.mp3,,crookedness (in shape) of any thing,hajer
n.m.,uchicago_S_Hassan,hakʰur.mp3,https://dsal.uchicago.edu/dictionaries/hassan/audio/05473.mp3,,"an ox, bull, bullock",hakʰur
n.f.,uchicago_S_Hassan,hakīmī.mp3,https://dsal.uchicago.edu/dictionaries/hassan/audio/05474.mp3,,"the practice of medicine, the profession of a doctor",hakīmī
v.,uchicago_S_Hassan,hakmι.mp3,https://dsal.uchicago.edu/dictionaries/hassan/audio/05475.mp3,,without cause angrily to engage in a quarrel,hakmι
n.f.,uchicago_S_Hassan,hakmιdə̄ri.mp3,https://dsal.uchicago.edu/dictionaries/hassan/audio/05476.mp3,,causeless quarrelling,hakmιdə̄ri
n.m.,uchicago_S_Hassan,hākι bodι.mp3,https://dsal.uchicago.edu/dictionaries/hassan/audio/05477.mp3,,a small collection of green leafy vegetable (bunch),hākι bodι
n.f.,uchicago_S_Hassan,hakιc.mp3,https://dsal.uchicago.edu/dictionaries/hassan/audio/05478.mp3,,"a certain game, generally played by two young women",hakιc
n.m.,uchicago_S_Hassan,hal.mp3,https://dsal.uchicago.edu/dictionaries/hassan/audio/05479.mp3,,"striving, straining, efforts",hal
v.,uchicago_S_Hassan,halam dārun.mp3,https://dsal.uchicago.edu/dictionaries/hassan/audio/05480.mp3,,with great humility to make a request for something to be done,halam dārun
v.,uchicago_S_Hassan,halam də̄ritʰ yun.mp3,https://dsal.uchicago.edu/dictionaries/hassan/audio/05481.mp3,,"to come and make such a request, to approach with a humble petition",halam də̄ritʰ yun
n.m.,uchicago_S_Hassan,halam.mp3,https://dsal.uchicago.edu/dictionaries/hassan/audio/05482.mp3,,the front skirt of the phĕran,halam
adv.,uchicago_S_Hassan,hālay.mp3,https://dsal.uchicago.edu/dictionaries/hassan/audio/05483.mp3,,"just now, even now",hālay
n.m.,uchicago_S_Hassan,halēlι.mp3,https://dsal.uchicago.edu/dictionaries/hassan/audio/05484.mp3,,"yellow myrobalan, Terminalia chebula",halēlι
adj.,uchicago_S_Hassan,hāli hə̄rān.mp3,https://dsal.uchicago.edu/dictionaries/hassan/audio/05485.mp3,,"in a state of confusion, perplexed, distracted, harassed",hāli hə̄rān
v.,uchicago_S_Hassan,halun aʦun.mp3,https://dsal.uchicago.edu/dictionaries/hassan/audio/05486.mp3,,"to enter labour pains, to begin to be in labour",halun aʦun
v.,uchicago_S_Hassan,halun.mp3,https://dsal.uchicago.edu/dictionaries/hassan/audio/05487.mp3,,"labour to begin, the labour pains or straining to commence",halun
n.m.,uchicago_S_Hassan,han han.mp3,https://dsal.uchicago.edu/dictionaries/hassan/audio/05488.mp3,,"every part, every fragment",han han
n.m.,uchicago_S_Hassan,han.mp3,https://dsal.uchicago.edu/dictionaries/hassan/audio/05489.mp3,,"a part, a fragment",han
n.m.,uchicago_S_Hassan,hān.mp3,https://dsal.uchicago.edu/dictionaries/hassan/audio/05490.mp3,,"loss, harm, damage",hān
adj.,uchicago_S_Hassan,hanḍə̄l.mp3,https://dsal.uchicago.edu/dictionaries/hassan/audio/05491.mp3,,"a badly conducted woman, an unchaste woman",hanḍə̄l
adv.,uchicago_S_Hassan,hani hani.mp3,https://dsal.uchicago.edu/dictionaries/hassan/audio/05492.mp3,,"bit by bit, little by little",hani hani
n.f.,uchicago_S_Hassan,hāⁿkal.mp3,https://dsal.uchicago.edu/dictionaries/hassan/audio/05493.mp3,,a door-chain,hāⁿkal
v.,uchicago_S_Hassan,hānun.mp3,https://dsal.uchicago.edu/dictionaries/hassan/audio/05494.mp3,,"to become very cold, to be thoroughly chilled",hānun
prvb.,uchicago_S_Hassan,hapatʰ yāraz.mp3,https://dsal.uchicago.edu/dictionaries/hassan/audio/05495.mp3,,friendship that does harm,hapatʰ yāraz
n.m.,uchicago_S_Hassan,hapatʰgī.mp3,https://dsal.uchicago.edu/dictionaries/hassan/audio/05496.mp3,,"conduct like that of a bear, fierce, pugnacious, and savage",hapatʰgī
n.m.,uchicago_S_Hassan,hapʰ rang.mp3,https://dsal.uchicago.edu/dictionaries/hassan/audio/05497.mp3,,"the colour of a corpse, the appearance of a corpse",hapʰ rang
n.f.,uchicago_S_Hassan,hapʰ ʦʰaṭ.mp3,https://dsal.uchicago.edu/dictionaries/hassan/audio/05498.mp3,,"the appearance of a person in a faint, or suffering from severe fatigue or disease",hapʰ ʦʰaṭ
n.m.,uchicago_S_Hassan,hapʰ.mp3,https://dsal.uchicago.edu/dictionaries/hassan/audio/05499.mp3,,"a human corpse, a dead body",hapʰ
v.,uchicago_S_Hassan,hapōymut.mp3,https://dsal.uchicago.edu/dictionaries/hassan/audio/05500.mp3,,"exhausted, worn out",hapōymut
v.,uchicago_S_Hassan,hapun.mp3,https://dsal.uchicago.edu/dictionaries/hassan/audio/05501.mp3,,"to become exhausted or worn out by delaying, or by hunger when there is great delay in the service of food",hapun
n.m.,uchicago_S_Hassan,hapʸ hāyun.mp3,https://dsal.uchicago.edu/dictionaries/hassan/audio/05502.mp3,,"a famine, a scarcity",hapʸ hāyun
n.m.,uchicago_S_Hassan,hār.mp3,https://dsal.uchicago.edu/dictionaries/hassan/audio/05503.mp3,,a necklace,hār
adj.,uchicago_S_Hassan,hār.mp3,https://dsal.uchicago.edu/dictionaries/hassan/audio/05504.mp3,,anything of small value,hār
n.,uchicago_S_Hassan,hardι pōš.mp3,https://dsal.uchicago.edu/dictionaries/hassan/audio/05505.mp3,,"the name of a certain plant described as blooming in the autumn, having a strong scent, with flowers of nearly every colour",hardι pōš
n.m.,uchicago_S_Hassan,harsιgor.mp3,https://dsal.uchicago.edu/dictionaries/hassan/audio/05506.mp3,,a seller of hǝrsι,harsιgor
interj.,uchicago_S_Hassan,hay.mp3,https://dsal.uchicago.edu/dictionaries/hassan/audio/05507.mp3,,alas for,hay
interj.,uchicago_S_Hassan,hay.mp3,https://dsal.uchicago.edu/dictionaries/hassan/audio/05508.mp3,,"O, addressed to a woman",hay
interj. interj.,uchicago_S_Hassan,hē.mp3,https://dsal.uchicago.edu/dictionaries/hassan/audio/05509.mp3,,"of respect, used by a man to a man",hē
n.f.,uchicago_S_Hassan,hecināwunʸ.mp3,https://dsal.uchicago.edu/dictionaries/hassan/audio/05510.mp3,,"wages paid for teaching, a tutor's salary, school fees",hecināwunʸ
n.f.,uchicago_S_Hassan,hecwen.mp3,https://dsal.uchicago.edu/dictionaries/hassan/audio/05511.mp3,,"money paid for learning, a scholarship",hecwen
n.f.,uchicago_S_Hassan,hǝkʰιr.mp3,https://dsal.uchicago.edu/dictionaries/hassan/audio/05512.mp3,,"a cow which has never calved, a heifer",hǝkʰιr
n.m.,uchicago_S_Hassan,hǝlwι.mp3,https://dsal.uchicago.edu/dictionaries/hassan/audio/05513.mp3,,a kind of pudding,hǝlwι
n.m.,uchicago_S_Hassan,hengdār.mp3,https://dsal.uchicago.edu/dictionaries/hassan/audio/05514.mp3,,"one who is possessed of dignity, authority",hengdār
adv.,uchicago_S_Hassan,gͻḍι.mp3,https://dsal.uchicago.edu/dictionaries/hassan/audio/05515.mp3,,"at first, firstly",gͻḍι
n.m.sg.,uchicago_S_Hassan,hēri pōvι.mp3,https://dsal.uchicago.edu/dictionaries/hassan/audio/05516.mp3,,a single step in a brick or wooden staircase or any staircase,hēri pōvι
n.m.pl.,uchicago_S_Hassan,heri pə̄vι.mp3,https://dsal.uchicago.edu/dictionaries/hassan/audio/05517.mp3,,steps of staircase,heri pə̄vι
n.m.,uchicago_S_Hassan,hijar.mp3,https://dsal.uchicago.edu/dictionaries/hassan/audio/05518.mp3,,separation,hijar
n.f.,uchicago_S_Hassan,hilʸ.mp3,https://dsal.uchicago.edu/dictionaries/hassan/audio/05519.mp3,,an aquatic weed which grows abundantly in lake,hilʸ
n.m.,uchicago_S_Hassan,hirgͻgol.mp3,https://dsal.uchicago.edu/dictionaries/hassan/audio/05520.mp3,,windpipe,hirgͻgol
n.f.,uchicago_S_Hassan,šād.mp3,https://dsal.uchicago.edu/dictionaries/hassan/audio/05521.mp3,,"happiness, rejoicing, a feeling of happiness",šād
n.m.,uchicago_S_Hassan,hohwuru.mp3,https://dsal.uchicago.edu/dictionaries/hassan/audio/05522.mp3,,a father-in-law's house,hohwuru
n.f.,uchicago_S_Hassan,hokʰay.mp3,https://dsal.uchicago.edu/dictionaries/hassan/audio/05523.mp3,,"the time of the year preceding the winter (which is snowy and wet), approximately the autumn",hokʰay
n.m.,uchicago_S_Hassan,hokʰdor.mp3,https://dsal.uchicago.edu/dictionaries/hassan/audio/05524.mp3,,"the season of dry roads, dry weather, the dry season",hokʰdor
n.m.,uchicago_S_Hassan,hōni bͻkut.mp3,https://dsal.uchicago.edu/dictionaries/hassan/audio/05525.mp3,,a puppy,hōni bͻkut
n.f.,uchicago_S_Hassan,hōni bͻkιʦ.mp3,https://dsal.uchicago.edu/dictionaries/hassan/audio/05526.mp3,,a puppy,hōni bͻkιʦ
n.m.,uchicago_S_Hassan,hōnz.mp3,https://dsal.uchicago.edu/dictionaries/hassan/audio/05527.mp3,,a gusset on each side of a garment under the sleeves,hōnz
n.m.,uchicago_S_Hassan,hopal hāk.mp3,https://dsal.uchicago.edu/dictionaries/hassan/audio/05528.mp3,,"a certain wild food-plant, Dipsacus inermis",hopal hāk
n.f.,uchicago_S_Hassan,hub.mp3,https://dsal.uchicago.edu/dictionaries/hassan/audio/05529.mp3,,"love, affection, friendship",hub
n.m.,uchicago_S_Hassan,hubāb.mp3,https://dsal.uchicago.edu/dictionaries/hassan/audio/05530.mp3,,"bubbles, ebullition, of boiling water, food",hubāb
n.m.,uchicago_S_Hassan,hujat.mp3,https://dsal.uchicago.edu/dictionaries/hassan/audio/05531.mp3,,"argument, plea, allegation",hujat
n.m.,uchicago_S_Hassan,hukι.mp3,https://dsal.uchicago.edu/dictionaries/hassan/audio/05532.mp3,,the hookah or pipe and its apparatus,hukι
n.f.,uchicago_S_Hassan,hukum-də̄rī.mp3,https://dsal.uchicago.edu/dictionaries/hassan/audio/05533.mp3,,"rule, sway, sovereignty",hukum-də̄rī
n.f.,uchicago_S_Hassan,hunēmιʦ.mp3,https://dsal.uchicago.edu/dictionaries/hassan/audio/05534.mp3,,"swollen, intumesced, dropsied",hunēmιʦ
n.f.,uchicago_S_Hassan,hūnil.mp3,https://dsal.uchicago.edu/dictionaries/hassan/audio/05535.mp3,,conduct of a dog; conduct like that of a dog,hūnil
v.,uchicago_S_Hassan,hunun.mp3,https://dsal.uchicago.edu/dictionaries/hassan/audio/05536.mp3,,"to swell, intumesce",hunun
n.f.,uchicago_S_Hassan,hūnʸ aḍij.mp3,https://dsal.uchicago.edu/dictionaries/hassan/audio/05537.mp3,,"a stubborn fellow who will not give up his habits, no matter how much he is beaten or abused",hūnʸ aḍij
n.m.,uchicago_S_Hassan,hūnʸ loṭ.mp3,https://dsal.uchicago.edu/dictionaries/hassan/audio/05538.mp3,,"an ill-born low fellow, who does not change his nature",hūnʸ loṭ
n.m.,uchicago_S_Hassan,hunʸōmut.mp3,https://dsal.uchicago.edu/dictionaries/hassan/audio/05539.mp3,,"swollen, intumesced, dropsied",hunʸōmut
adj.,uchicago_S_Hassan,hup.mp3,https://dsal.uchicago.edu/dictionaries/hassan/audio/05540.mp3,,possessing puffed out cheeks,hup
adj.,uchicago_S_Hassan,hupʸ dʸegul.mp3,https://dsal.uchicago.edu/dictionaries/hassan/audio/05541.mp3,,having cheeks puffed out and globular like a cooking pot,hupʸ dʸegul
adj.,uchicago_S_Hassan,hupʸ dͻgij.mp3,https://dsal.uchicago.edu/dictionaries/hassan/audio/05542.mp3,,ugly and swollen-jowled,hupʸ dͻgij
adj.,uchicago_S_Hassan,hupə̄ryum.mp3,https://dsal.uchicago.edu/dictionaries/hassan/audio/05543.mp3,,of or belonging to over there,hupə̄ryum
n.f.,uchicago_S_Hassan,hurri.mp3,https://dsal.uchicago.edu/dictionaries/hassan/audio/05544.mp3,,the cry used in driving a cow or horse,hurri
v.,uchicago_S_Hassan,hιkʰi.mp3,https://dsal.uchicago.edu/dictionaries/hassan/audio/05545.mp3,,the cry uttered in driving away,hιkʰi
adj.,uchicago_S_Hassan,hιrι bāz.mp3,https://dsal.uchicago.edu/dictionaries/hassan/audio/05546.mp3,,"quarrelsome, of a quarrelsome disposition",hιrι bāz
n.f.,uchicago_S_Hassan,hͻⁿgenʸ.mp3,https://dsal.uchicago.edu/dictionaries/hassan/audio/05547.mp3,,the prominence below the semi-circular crease below the under lips,hͻⁿgenʸ
adj.,uchicago_S_Hassan,hͻngιlad.mp3,https://dsal.uchicago.edu/dictionaries/hassan/audio/05548.mp3,,a person suddenly afflicted with intense inertia and loss of appetite,hͻngιlad
n.m.,uchicago_S_Hassan,hͻpʰ.mp3,https://dsal.uchicago.edu/dictionaries/hassan/audio/05549.mp3,,"swelling of the cheeks, a puffing out of the cheeks",hͻpʰ
n.f.,uchicago_S_Hassan,hə̄l.mp3,https://dsal.uchicago.edu/dictionaries/hassan/audio/05550.mp3,,"custom, habit, intercourse",hə̄l
n.f.,uchicago_S_Hassan,ījād.mp3,https://dsal.uchicago.edu/dictionaries/hassan/audio/05551.mp3,,"invention, discovery",ījād
n.m.,uchicago_S_Hassan,inc tēp.mp3,https://dsal.uchicago.edu/dictionaries/hassan/audio/05552.mp3,,tailoring tape for measurement,inc tēp
n.f.,uchicago_S_Hassan,īnc.mp3,https://dsal.uchicago.edu/dictionaries/hassan/audio/05553.mp3,,"inch, an inch, English borrwowed word",īnc
n.,uchicago_S_Hassan,intihā.mp3,https://dsal.uchicago.edu/dictionaries/hassan/audio/05554.mp3,,"utmost limit, end, limit,",intihā
n.,uchicago_S_Hassan,jigar gōš.mp3,https://dsal.uchicago.edu/dictionaries/hassan/audio/05555.mp3,,"a lobe of the liver; metaphorically used as one’s dear or beloved, a darling",jigar gōš
v.,uchicago_S_Hassan,ištihār diyun.mp3,https://dsal.uchicago.edu/dictionaries/hassan/audio/05556.mp3,,to advertise,ištihār diyun
n.,uchicago_S_Hassan,ištihār.mp3,https://dsal.uchicago.edu/dictionaries/hassan/audio/05557.mp3,,"an advertisement, proclaimation",ištihār
n.m.,uchicago_S_Hassan,jab.mp3,https://dsal.uchicago.edu/dictionaries/hassan/audio/05558.mp3,,a herd of cattle,jab
n.m.,uchicago_S_Hassan,jabīn.mp3,https://dsal.uchicago.edu/dictionaries/hassan/audio/05559.mp3,,the forehead,jabīn
n.m.,uchicago_S_Hassan,jabι wōl.mp3,https://dsal.uchicago.edu/dictionaries/hassan/audio/05560.mp3,,a herd-owner,jabι wōl
n.m.,uchicago_S_Hassan,jabιrūtʰ.mp3,https://dsal.uchicago.edu/dictionaries/hassan/audio/05561.mp3,,omnipotence,jabιrūtʰ
n.m.,uchicago_S_Hassan,jadād.mp3,https://dsal.uchicago.edu/dictionaries/hassan/audio/05562.mp3,,"a distant ancestor, further back even than a great great-grandfather",jadād
n.f.,uchicago_S_Hassan,jadal.mp3,https://dsal.uchicago.edu/dictionaries/hassan/audio/05563.mp3,,"a marginal line, a line",jadal
n.f.,uchicago_S_Hassan,jadālgī.mp3,https://dsal.uchicago.edu/dictionaries/hassan/audio/05564.mp3,,"the conduct of a mean, greedy, and importunate beggar",jadālgī
n.f.,uchicago_S_Hassan,jadwal.mp3,https://dsal.uchicago.edu/dictionaries/hassan/audio/05565.mp3,,ruling a marginal line,jadwal
n.m.,uchicago_S_Hassan,jadι buḍʸ-bab.mp3,https://dsal.uchicago.edu/dictionaries/hassan/audio/05566.mp3,,a great-great-grandfather on the side of either parent,jadι buḍʸ-bab
n.f.,uchicago_S_Hassan,jadə̄j.mp3,https://dsal.uchicago.edu/dictionaries/hassan/audio/05567.mp3,,"a mean and importunate beggar woman, a shameless beggar that is never satisfied",jadə̄j
n.m.,uchicago_S_Hassan,jag.mp3,https://dsal.uchicago.edu/dictionaries/hassan/audio/05568.mp3,,a kind of swan of a pale yellow colour,jag
n.m.,uchicago_S_Hassan,jāgur.mp3,https://dsal.uchicago.edu/dictionaries/hassan/audio/05569.mp3,,one who attacks others and stops their work,jāgur
n.m.,uchicago_S_Hassan,jahal.mp3,https://dsal.uchicago.edu/dictionaries/hassan/audio/05570.mp3,,"anger, rage",jahal
v.,uchicago_S_Hassan,jakʰun.mp3,https://dsal.uchicago.edu/dictionaries/hassan/audio/05571.mp3,,to work zealously,jakʰun
n.f.,uchicago_S_Hassan,jajīr.mp3,https://dsal.uchicago.edu/dictionaries/hassan/audio/05572.mp3,,"a kind of hookah, or native pipe for smoking tobacco through water",jajīr
n.m.,uchicago_S_Hassan,jajīrι gaṭʰ.mp3,https://dsal.uchicago.edu/dictionaries/hassan/audio/05573.mp3,,"the upright stem of a hookah, issuing out of the water – receptacle",jajīrι gaṭʰ
n.m.,uchicago_S_Hassan,jajīrι nǝlci.mp3,https://dsal.uchicago.edu/dictionaries/hassan/audio/05574.mp3,,the pipe of the hookah,jajīrι nǝlci
n.f.,uchicago_S_Hassan,hāṭʰ.mp3,https://dsal.uchicago.edu/dictionaries/hassan/audio/05575.mp3,,"a market, a bāzār, traffic, buying or selling in a market",hāṭʰ
n.m.,uchicago_S_Hassan,jakʰwun.mp3,https://dsal.uchicago.edu/dictionaries/hassan/audio/05576.mp3,,a zealous worker,jakʰwun
n.f.,uchicago_S_Hassan,jāl.mp3,https://dsal.uchicago.edu/dictionaries/hassan/audio/05577.mp3,,"a written counterfeit, a forgery",jāl
adv.,uchicago_S_Hassan,jal.mp3,https://dsal.uchicago.edu/dictionaries/hassan/audio/05578.mp3,,"quickly, speedily",jal
n.m.,uchicago_S_Hassan,jalād.mp3,https://dsal.uchicago.edu/dictionaries/hassan/audio/05579.mp3,,"a mean and importunate beggar, a shameless beggar that is never satisfied",jalād
n.m.,uchicago_S_Hassan,jalāv.mp3,https://dsal.uchicago.edu/dictionaries/hassan/audio/05580.mp3,,"brilliancy, effulgence; flame, blaze, burning of fire",jalāv
n.m.,uchicago_S_Hassan,jalgōzι.mp3,https://dsal.uchicago.edu/dictionaries/hassan/audio/05581.mp3,,a kind of peanut,jalgōzι
n.m.,uchicago_S_Hassan,jām.mp3,https://dsal.uchicago.edu/dictionaries/hassan/audio/05582.mp3,,the outer covering of corn,jām
v.,uchicago_S_Hassan,jamah tʰāwun.mp3,https://dsal.uchicago.edu/dictionaries/hassan/audio/05583.mp3,,"to make a collection, to pile up, to heap up",jamah tʰāwun
n.f.,uchicago_S_Hassan,jamātʰ.mp3,https://dsal.uchicago.edu/dictionaries/hassan/audio/05584.mp3,,"a company, body, society, band, party, troop, group, a collection of men in rows to offer prayers",jamātʰ
n.m.,uchicago_S_Hassan,jāmāwar.mp3,https://dsal.uchicago.edu/dictionaries/hassan/audio/05585.mp3,,a kind of embroidered or flowered woolen shawl,jāmāwar
n.m.,uchicago_S_Hassan,jambēlι.mp3,https://dsal.uchicago.edu/dictionaries/hassan/audio/05586.mp3,,a beggar's wallet,jambēlι
n.m.,uchicago_S_Hassan,jamūs.mp3,https://dsal.uchicago.edu/dictionaries/hassan/audio/05587.mp3,,a bull buffalo,jamūs
n.m.,uchicago_S_Hassan,jāmι.mp3,https://dsal.uchicago.edu/dictionaries/hassan/audio/05588.mp3,,"a garment, robe, gown, vest",jāmι
n.f.,uchicago_S_Hassan,janam pιtιr.mp3,https://dsal.uchicago.edu/dictionaries/hassan/audio/05589.mp3,,"a horoscope, an astrological record of nativity",janam pιtιr
adj.,uchicago_S_Hassan,jānānι.mp3,https://dsal.uchicago.edu/dictionaries/hassan/audio/05590.mp3,,"very charming, very excellent, of extreme merit",jānānι
n.m.,uchicago_S_Hassan,jāⁿcʰ.mp3,https://dsal.uchicago.edu/dictionaries/hassan/audio/05591.mp3,,knowledge of some art or science,jāⁿcʰ
n.m.,uchicago_S_Hassan,jandι.mp3,https://dsal.uchicago.edu/dictionaries/hassan/audio/05592.mp3,,"a garment made of rags sewn together, a poor man's ragged garment",jandι
n.m.,uchicago_S_Hassan,janēl.mp3,https://dsal.uchicago.edu/dictionaries/hassan/audio/05593.mp3,,a kind of iron-bound club used as a weapon by hill Gujurs and herdsmen,janēl
n.f.,uchicago_S_Hassan,jang jang.mp3,https://dsal.uchicago.edu/dictionaries/hassan/audio/05594.mp3,,"mutual combat, wordy warfare",jang jang
adj.,uchicago_S_Hassan,janglī.mp3,https://dsal.uchicago.edu/dictionaries/hassan/audio/05595.mp3,,"born or produced in a forest or wood, wild, savage, uncivilized, barbarian",janglī
n.m.,uchicago_S_Hassan,jāⁿgur.mp3,https://dsal.uchicago.edu/dictionaries/hassan/audio/05596.mp3,,pretended obstinacy or determination,jāⁿgur
n.m.,uchicago_S_Hassan,janjə̄lʸ.mp3,https://dsal.uchicago.edu/dictionaries/hassan/audio/05597.mp3,,"a troublesome person, one who molests",janjə̄lʸ
v.,uchicago_S_Hassan,japʰ din.mp3,https://dsal.uchicago.edu/dictionaries/hassan/audio/05598.mp3,,to leap on to a height,japʰ din
v.,uchicago_S_Hassan,jarun.mp3,https://dsal.uchicago.edu/dictionaries/hassan/audio/05599.mp3,,"enchase, to inlay",jarun
adv.,uchicago_S_Hassan,jaṭʰ paṭʰ.mp3,https://dsal.uchicago.edu/dictionaries/hassan/audio/05600.mp3,,"quickly, speedily, instantly, at once",jaṭʰ paṭʰ
n.m.,uchicago_S_Hassan,jatʰ.mp3,https://dsal.uchicago.edu/dictionaries/hassan/audio/05601.mp3,,"the hair or down of the body,similar down on anything else, fur",jatʰ
n.m.,uchicago_S_Hassan,jāvǝⁿd.mp3,https://dsal.uchicago.edu/dictionaries/hassan/audio/05602.mp3,,"name of a certain medicinal plant, stated to be sweet smelling",jāvǝⁿd
n.m.,uchicago_S_Hassan,jawhar.mp3,https://dsal.uchicago.edu/dictionaries/hassan/audio/05603.mp3,,"a gem, a jewel",jawhar
n.,uchicago_S_Hassan,jāyi pʰurʸ.mp3,https://dsal.uchicago.edu/dictionaries/hassan/audio/05604.mp3,,to change one's place,jāyi pʰurʸ
n.m.,uchicago_S_Hassan,jāyun.mp3,https://dsal.uchicago.edu/dictionaries/hassan/audio/05605.mp3,,"a large three- or four-storied house, a mansion",jāyun
n.f.,uchicago_S_Hassan,jǝpʰ.mp3,https://dsal.uchicago.edu/dictionaries/hassan/audio/05606.mp3,,to wave or brandish the arm as a threat or challenge to another,jǝpʰ
n.f.,uchicago_S_Hassan,jeri.mp3,https://dsal.uchicago.edu/dictionaries/hassan/audio/05607.mp3,,"continued rain, showers",jeri
n.m.,uchicago_S_Hassan,jērι.mp3,https://dsal.uchicago.edu/dictionaries/hassan/audio/05608.mp3,,"extreme agitation, perturbation",jērι
n.m.,uchicago_S_Hassan,jǝsrι.mp3,https://dsal.uchicago.edu/dictionaries/hassan/audio/05609.mp3,,a crowd of multitudes coming and going,jǝsrι
v.,uchicago_S_Hassan,jigar dazun.mp3,https://dsal.uchicago.edu/dictionaries/hassan/audio/05610.mp3,,to be heartbroken,jigar dazun
v.,uchicago_S_Hassan,jilav.mp3,https://dsal.uchicago.edu/dictionaries/hassan/audio/05611.mp3,,tightly to squeeze a horse's flanks between the heels when riding him,jilav
n.f.,uchicago_S_Hassan,jilb.mp3,https://dsal.uchicago.edu/dictionaries/hassan/audio/05612.mp3,,a horse's bridle,jilb
n.f.,uchicago_S_Hassan,jimiš.mp3,https://dsal.uchicago.edu/dictionaries/hassan/audio/05613.mp3,,a small piece of anything; a small part of any action,jimiš
n.m.,uchicago_S_Hassan,jinιs.mp3,https://dsal.uchicago.edu/dictionaries/hassan/audio/05614.mp3,,"genus, kind, sort; goods, articles",jinιs
n.m.,uchicago_S_Hassan,jāmbar.mp3,https://dsal.uchicago.edu/dictionaries/hassan/audio/05615.mp3,,"adequacy, suitableness, fitness",jāmbar
n.m.,uchicago_S_Hassan,jōlι.mp3,https://dsal.uchicago.edu/dictionaries/hassan/audio/05616.mp3,,a fever resulting from chill,jōlι
n.m.,uchicago_S_Hassan,jomι.mp3,https://dsal.uchicago.edu/dictionaries/hassan/audio/05617.mp3,,"name of place in the state of Jammu and Kashmir, Jammu",jomι
n.m.,uchicago_S_Hassan,jotʰι.mp3,https://dsal.uchicago.edu/dictionaries/hassan/audio/05618.mp3,,"a great talker of nonsense, a babbler",jotʰι
n.m.,uchicago_S_Hassan,jugatʰ.mp3,https://dsal.uchicago.edu/dictionaries/hassan/audio/05619.mp3,,"unexpected gain of wealth without exertion, a valuable windfall",jugatʰ
n.f.,uchicago_S_Hassan,jumakʰ.mp3,https://dsal.uchicago.edu/dictionaries/hassan/audio/05620.mp3,,"radiance, lustre, sparkle, glitter, refulgence",jumakʰ
n.f.,uchicago_S_Hassan,jumbiš.mp3,https://dsal.uchicago.edu/dictionaries/hassan/audio/05621.mp3,,a small piece of anything; a small part of any action,jumbiš
n.m.,uchicago_S_Hassan,jumlι.mp3,https://dsal.uchicago.edu/dictionaries/hassan/audio/05622.mp3,,"a sentence, a clause",jumlι
adj.,uchicago_S_Hassan,junḍal.mp3,https://dsal.uchicago.edu/dictionaries/hassan/audio/05623.mp3,,big-bellied and greedy,junḍal
n.m.,uchicago_S_Hassan,junḍι.mp3,https://dsal.uchicago.edu/dictionaries/hassan/audio/05624.mp3,,a big belly,junḍι
n.m.,uchicago_S_Hassan,jūⁿpʰurι.mp3,https://dsal.uchicago.edu/dictionaries/hassan/audio/05625.mp3,,a small hut or hovel,jūⁿpʰurι
n.m.,uchicago_S_Hassan,jurābι.mp3,https://dsal.uchicago.edu/dictionaries/hassan/audio/05626.mp3,,a kind of stocking or sock reaching only to the ankles,jurābι
adj.,uchicago_S_Hassan,jūrwun.mp3,https://dsal.uchicago.edu/dictionaries/hassan/audio/05627.mp3,,an industrious worker,jūrwun
n.m.,uchicago_S_Hassan,jūtiš.mp3,https://dsal.uchicago.edu/dictionaries/hassan/audio/05628.mp3,,Hindu astrology,jūtiš
n.m.,uchicago_S_Hassan,juwur.mp3,https://dsal.uchicago.edu/dictionaries/hassan/audio/05629.mp3,,the edible seeds of a kind of water-lily,juwur
n.f.,uchicago_S_Hassan,juwιr gūj.mp3,https://dsal.uchicago.edu/dictionaries/hassan/audio/05630.mp3,,the kernels of kind of water-lily,juwιr gūj
n.m.,uchicago_S_Hassan,jιnjāl.mp3,https://dsal.uchicago.edu/dictionaries/hassan/audio/05631.mp3,,"entanglements, embarrassments, troubles, cares or anxieties",jιnjāl
n.m.,uchicago_S_Hassan,jͻlābι.mp3,https://dsal.uchicago.edu/dictionaries/hassan/audio/05632.mp3,,diarrhea,jͻlābι
n.m.,uchicago_S_Hassan,jə̄dgār.mp3,https://dsal.uchicago.edu/dictionaries/hassan/audio/05633.mp3,,"one who knows how to cast spells, a wizard",jə̄dgār
n.f.,uchicago_S_Hassan,jə̄nī.mp3,https://dsal.uchicago.edu/dictionaries/hassan/audio/05634.mp3,,"goodness, excellence",jə̄nī
n.m.,uchicago_S_Hassan,kabābι.mp3,https://dsal.uchicago.edu/dictionaries/hassan/audio/05635.mp3,,"minced meat rolls roasted on a skewer or spit, and then treated with grease",kabābι
n.f.,uchicago_S_Hassan,kabūliyat.mp3,https://dsal.uchicago.edu/dictionaries/hassan/audio/05636.mp3,,"acceptance, a receipt, a written agreement",kabūliyat
v.,uchicago_S_Hassan,kabun.mp3,https://dsal.uchicago.edu/dictionaries/hassan/audio/05637.mp3,,to become hunchbacked,kabun
n.m.,uchicago_S_Hassan,kabzι.mp3,https://dsal.uchicago.edu/dictionaries/hassan/audio/05638.mp3,,"a grasp, clutch",kabzι
n.m.,uchicago_S_Hassan,kacer.mp3,https://dsal.uchicago.edu/dictionaries/hassan/audio/05639.mp3,,"rawness, greenness",kacer
n.m.,uchicago_S_Hassan,kācʰer.mp3,https://dsal.uchicago.edu/dictionaries/hassan/audio/05640.mp3,,"hardness, toughness",kācʰer
adj.,uchicago_S_Hassan,kacyul.mp3,https://dsal.uchicago.edu/dictionaries/hassan/audio/05641.mp3,,a foolish fellow with a long scanty beard,kacyul
n.m.,uchicago_S_Hassan,kāḍ.mp3,https://dsal.uchicago.edu/dictionaries/hassan/audio/05642.mp3,,"a man's length, the stature of a man",kāḍ
n.m.,uchicago_S_Hassan,kāḍ.mp3,https://dsal.uchicago.edu/dictionaries/hassan/audio/05643.mp3,,"the bed of a river, a river channel",kāḍ
adj.,uchicago_S_Hassan,kadāwar.mp3,https://dsal.uchicago.edu/dictionaries/hassan/audio/05644.mp3,,a tall person,kadāwar
n.m.,uchicago_S_Hassan,kafārι.mp3,https://dsal.uchicago.edu/dictionaries/hassan/audio/05645.mp3,,"atonement, expiation",kafārι
n.m.,uchicago_S_Hassan,kāh nētʰǝr.mp3,https://dsal.uchicago.edu/dictionaries/hassan/audio/05646.mp3,,name of a certain Hindu birth-ceremony,kāh nētʰǝr
n.m.,uchicago_S_Hassan,kāl.mp3,https://dsal.uchicago.edu/dictionaries/hassan/audio/05647.mp3,,time,kāl
n.m.,uchicago_S_Hassan,kalank.mp3,https://dsal.uchicago.edu/dictionaries/hassan/audio/05648.mp3,,"blemish, defect",kalank
adv.,uchicago_S_Hassan,kālι kālι.mp3,https://dsal.uchicago.edu/dictionaries/hassan/audio/05649.mp3,,"a while, in a very short time",kālι kālι
v.,uchicago_S_Hassan,kāmpιnāwun.mp3,https://dsal.uchicago.edu/dictionaries/hassan/audio/05650.mp3,,"to cause to tremble, to shake",kāmpιnāwun
n.m.,uchicago_S_Hassan,kān.mp3,https://dsal.uchicago.edu/dictionaries/hassan/audio/05651.mp3,,an arrow,kān
n.f.,uchicago_S_Hassan,kanātʰ.mp3,https://dsal.uchicago.edu/dictionaries/hassan/audio/05652.mp3,,"resignation, tranquility, ability to do without",kanātʰ
n.f.,uchicago_S_Hassan,kāⁿbal.mp3,https://dsal.uchicago.edu/dictionaries/hassan/audio/05653.mp3,,jaundice,kāⁿbal
v.,uchicago_S_Hassan,kāⁿcʰun.mp3,https://dsal.uchicago.edu/dictionaries/hassan/audio/05654.mp3,,"desire, long for",kāⁿcʰun
n.,uchicago_S_Hassan,kand.mp3,https://dsal.uchicago.edu/dictionaries/hassan/audio/05655.mp3,,"crystallized sugar, sugarcandy",kand
n.m.,uchicago_S_Hassan,kāⁿḍ.mp3,https://dsal.uchicago.edu/dictionaries/hassan/audio/05656.mp3,,"the stalk or stem of a reed, grass, straw",kāⁿḍ
n.m.,uchicago_S_Hassan,kāner.mp3,https://dsal.uchicago.edu/dictionaries/hassan/audio/05657.mp3,,"the condition of being one-eyed, monocularness",kāner
n.m.,uchicago_S_Hassan,kang.mp3,https://dsal.uchicago.edu/dictionaries/hassan/audio/05658.mp3,,the fire-receptacle or fire-place,kang
n.f.,uchicago_S_Hassan,kah wǝṭ.mp3,https://dsal.uchicago.edu/dictionaries/hassan/audio/05659.mp3,,touching stone used for the testing of gold by its colour,kah wǝṭ
n.m.,uchicago_S_Hassan,kāⁿh akʰah.mp3,https://dsal.uchicago.edu/dictionaries/hassan/audio/05660.mp3,,a certain person,kāⁿh akʰah
n.f.,uchicago_S_Hassan,kāⁿgιrī kʰopʰur.mp3,https://dsal.uchicago.edu/dictionaries/hassan/audio/05661.mp3,,a worn-out brazier,kāⁿgιrī kʰopʰur
n.m.,uchicago_S_Hassan,kani ārι.mp3,https://dsal.uchicago.edu/dictionaries/hassan/audio/05662.mp3,,"a fragment of stone, a piece of stone broken off from a larger stone",kani ārι
n.m.,uchicago_S_Hassan,kanjer.mp3,https://dsal.uchicago.edu/dictionaries/hassan/audio/05663.mp3,,"a prostitute's husband, a souteneur, a brothel-keeper",kanjer
n.f.,uchicago_S_Hassan,kanjergī.mp3,https://dsal.uchicago.edu/dictionaries/hassan/audio/05664.mp3,,conduct like that of a prostitute's husband or souteneur,kanjergī
n.f.,uchicago_S_Hassan,kanjirenʸ.mp3,https://dsal.uchicago.edu/dictionaries/hassan/audio/05665.mp3,,"a souteneur's wife, i.e. a prostitute",kanjirenʸ
n.m.,uchicago_S_Hassan,kaⁿṭʰ.mp3,https://dsal.uchicago.edu/dictionaries/hassan/audio/05666.mp3,,the throat,kaⁿṭʰ
n.m.,uchicago_S_Hassan,kānṭur.mp3,https://dsal.uchicago.edu/dictionaries/hassan/audio/05667.mp3,,a cock-sparrow,kānṭur
adv.,uchicago_S_Hassan,kǝhʸ.mp3,https://dsal.uchicago.edu/dictionaries/hassan/audio/05668.mp3,,at what price?,kǝhʸ
n.,uchicago_S_Hassan,kanι.mp3,https://dsal.uchicago.edu/dictionaries/hassan/audio/05669.mp3,,"a particle, atom, granule",kanι
adv.,uchicago_S_Hassan,kanι.mp3,https://dsal.uchicago.edu/dictionaries/hassan/audio/05670.mp3,,from when? since when?,kanι
n.f.,uchicago_S_Hassan,kānιj.mp3,https://dsal.uchicago.edu/dictionaries/hassan/audio/05671.mp3,,a filament or tendril of a plant,kānιj
n.m.,uchicago_S_Hassan,kanə̄tʰ.mp3,https://dsal.uchicago.edu/dictionaries/hassan/audio/05672.mp3,,the wall of a tent,kanə̄tʰ
n.m.,uchicago_S_Hassan,kapaṭʰ.mp3,https://dsal.uchicago.edu/dictionaries/hassan/audio/05673.mp3,,"deceit, hypocrisy",kapaṭʰ
n.m.,uchicago_S_Hassan,kapʰan.mp3,https://dsal.uchicago.edu/dictionaries/hassan/audio/05674.mp3,,"grave clothes, a winding-sheet, shroud",kapʰan
n.m.,uchicago_S_Hassan,kapʰas.mp3,https://dsal.uchicago.edu/dictionaries/hassan/audio/05675.mp3,,"a bird's cage, a coop",kapʰas
n.f.,uchicago_S_Hassan,kapʰinʸ.mp3,https://dsal.uchicago.edu/dictionaries/hassan/audio/05676.mp3,,a dress resembling a shroud worn by Muslim mendicant,kapʰinʸ
n.f.,uchicago_S_Hassan,kapṭan.mp3,https://dsal.uchicago.edu/dictionaries/hassan/audio/05677.mp3,,the cutting out of the cloth into properly shaped pieces when making a garment,kapṭan
v.,uchicago_S_Hassan,kapṭun.mp3,https://dsal.uchicago.edu/dictionaries/hassan/audio/05678.mp3,,"to cut out cloth for making a garment, to cut out clothes",kapṭun
adj.,uchicago_S_Hassan,kapιṭī.mp3,https://dsal.uchicago.edu/dictionaries/hassan/audio/05679.mp3,,"dishonest, deceitful",kapιṭī
n.m.,uchicago_S_Hassan,kar.mp3,https://dsal.uchicago.edu/dictionaries/hassan/audio/05680.mp3,,an elephant's trunk,kar
n.m.,uchicago_S_Hassan,karι.mp3,https://dsal.uchicago.edu/dictionaries/hassan/audio/05681.mp3,,"the pea, Pisum sativum",karι
n.m.,uchicago_S_Hassan,kavī.mp3,https://dsal.uchicago.edu/dictionaries/hassan/audio/05682.mp3,,poet,kavī
n.f.,uchicago_S_Hassan,kay.mp3,https://dsal.uchicago.edu/dictionaries/hassan/audio/05683.mp3,,vomiting,kay
n.m.,uchicago_S_Hassan,kayās.mp3,https://dsal.uchicago.edu/dictionaries/hassan/audio/05684.mp3,,an opinion,kayās
adj.,uchicago_S_Hassan,kǝj raftār.mp3,https://dsal.uchicago.edu/dictionaries/hassan/audio/05685.mp3,,"walking crookedly, perverse",kǝj raftār
n.f.,uchicago_S_Hassan,kǝnḍ bambιr.mp3,https://dsal.uchicago.edu/dictionaries/hassan/audio/05686.mp3,,a kind of basil,kǝnḍ bambιr
n.m.,uchicago_S_Hassan,kǝnḍ bombur.mp3,https://dsal.uchicago.edu/dictionaries/hassan/audio/05687.mp3,,a kind of bee whose body is said to be covered with spines,kǝnḍ bombur
n.f.,uchicago_S_Hassan,kǝnḍ.mp3,https://dsal.uchicago.edu/dictionaries/hassan/audio/05688.mp3,,the hard woody shell of a fruit,kǝnḍ
n.,uchicago_S_Hassan,kēⁿh kēⁿh.mp3,https://dsal.uchicago.edu/dictionaries/hassan/audio/05689.mp3,,several of various kinds,kēⁿh kēⁿh
n.f.,uchicago_S_Hassan,kēⁿkι lǝṭ.mp3,https://dsal.uchicago.edu/dictionaries/hassan/audio/05690.mp3,,a lizard,kēⁿkι lǝṭ
n.,uchicago_S_Hassan,kēⁿʦʰah mēⁿʦʰah.mp3,https://dsal.uchicago.edu/dictionaries/hassan/audio/05691.mp3,,something or other,kēⁿʦʰah mēⁿʦʰah
n.m.,uchicago_S_Hassan,kǝnιk ōṭʰ.mp3,https://dsal.uchicago.edu/dictionaries/hassan/audio/05692.mp3,,wheat-flour,kǝnιk ōṭʰ
adv.,uchicago_S_Hassan,kʰūb.mp3,https://dsal.uchicago.edu/dictionaries/hassan/audio/05693.mp3,,"well, excellently, thoroughly",kʰūb
n.m.,uchicago_S_Hassan,kʰabιra.mp3,https://dsal.uchicago.edu/dictionaries/hassan/audio/05694.mp3,,a piece of news,kʰabιra
n.m.,uchicago_S_Hassan,kʰacι gur.mp3,https://dsal.uchicago.edu/dictionaries/hassan/audio/05695.mp3,,a horse whose mane and tail-hair have been cut short,kʰacι gur
n.m.,uchicago_S_Hassan,kʰrem.mp3,https://dsal.uchicago.edu/dictionaries/hassan/audio/05696.mp3,,"temper, disposition",kʰrem
v.,uchicago_S_Hassan,kʰə̄rij.mp3,https://dsal.uchicago.edu/dictionaries/hassan/audio/05697.mp3,,struck off,kʰə̄rij
n.m.,uchicago_S_Hassan,kih hurι.mp3,https://dsal.uchicago.edu/dictionaries/hassan/audio/05698.mp3,,a lump of combings,kih hurι
n.f.,uchicago_S_Hassan,kih.mp3,https://dsal.uchicago.edu/dictionaries/hassan/audio/05699.mp3,,a lump of matted hair pulled out in combing,kih
n.,uchicago_S_Hassan,kīnι.mp3,https://dsal.uchicago.edu/dictionaries/hassan/audio/05700.mp3,,"spite, grudge, resentment, animosity",kīnι
n.m.,uchicago_S_Hassan,koberʸ.mp3,https://dsal.uchicago.edu/dictionaries/hassan/audio/05701.mp3,,"hunchbackedness, the condition of being humpbacked",koberʸ
adj.,uchicago_S_Hassan,koc.mp3,https://dsal.uchicago.edu/dictionaries/hassan/audio/05702.mp3,,"unripe, raw",koc
n.m.,uchicago_S_Hassan,kōci pʰʸur.mp3,https://dsal.uchicago.edu/dictionaries/hassan/audio/05703.mp3,,alley-wandering,kōci pʰʸur
n.m.,uchicago_S_Hassan,kōd.mp3,https://dsal.uchicago.edu/dictionaries/hassan/audio/05704.mp3,,the collar of the long cotton coat (phēran),kōd
v.,uchicago_S_Hassan,koḍmut.mp3,https://dsal.uchicago.edu/dictionaries/hassan/audio/05705.mp3,,"expelled, banished",koḍmut
n.m.,uchicago_S_Hassan,koh dāmān.mp3,https://dsal.uchicago.edu/dictionaries/hassan/audio/05706.mp3,,the foot or declivity of a mountain,koh dāmān
n.m.,uchicago_S_Hassan,labι cōkι.mp3,https://dsal.uchicago.edu/dictionaries/hassan/audio/05707.mp3,,"the slit, with corded edges",labι cōkι
adj.,uchicago_S_Hassan,kǝnḍlad.mp3,https://dsal.uchicago.edu/dictionaries/hassan/audio/05708.mp3,,"a stingy person, a miser",kǝnḍlad
n.m.,uchicago_S_Hassan,konḍ.mp3,https://dsal.uchicago.edu/dictionaries/hassan/audio/05709.mp3,,kind of large bowl or basin made of metal or earthenware,konḍ
n.f.,uchicago_S_Hassan,kʰah milwan.mp3,https://dsal.uchicago.edu/dictionaries/hassan/audio/05710.mp3,,when the lands of two adjacent villages are close together on the common border,kʰah milwan
n.m.,uchicago_S_Hassan,kubba.mp3,https://dsal.uchicago.edu/dictionaries/hassan/audio/05711.mp3,,"a dome, cupola",kubba
n.m.,uchicago_S_Hassan,kūc.mp3,https://dsal.uchicago.edu/dictionaries/hassan/audio/05712.mp3,,"marching, march",kūc
adj.,uchicago_S_Hassan,kuḍur dōd.mp3,https://dsal.uchicago.edu/dictionaries/hassan/audio/05713.mp3,,acute illness,kuḍur dōd
n.m.,uchicago_S_Hassan,kulci.mp3,https://dsal.uchicago.edu/dictionaries/hassan/audio/05714.mp3,,a kind of large loaf or cake made of wheaten flour,kulci
n.m.,uchicago_S_Hassan,kūⁿj.mp3,https://dsal.uchicago.edu/dictionaries/hassan/audio/05715.mp3,,a corner,kūⁿj
adj.,uchicago_S_Hassan,kūnjal.mp3,https://dsal.uchicago.edu/dictionaries/hassan/audio/05716.mp3,,having corners,kūnjal
adj.,uchicago_S_Hassan,kunuy.mp3,https://dsal.uchicago.edu/dictionaries/hassan/audio/05717.mp3,,only one,kunuy
adj.,uchicago_S_Hassan,kunι zon.mp3,https://dsal.uchicago.edu/dictionaries/hassan/audio/05718.mp3,,one who is alone,kunι zon
n.m.,uchicago_S_Hassan,kupʰār.mp3,https://dsal.uchicago.edu/dictionaries/hassan/audio/05719.mp3,,"infidels, non-Muslims",kupʰār
n.m.,uchicago_S_Hassan,kutub kʰanι.mp3,https://dsal.uchicago.edu/dictionaries/hassan/audio/05720.mp3,,library,kutub kʰanι
n.f.,uchicago_S_Hassan,kʸenz.mp3,https://dsal.uchicago.edu/dictionaries/hassan/audio/05721.mp3,,a kind of copper dish used by women to eat their rice,kʸenz
n.m.,uchicago_S_Hassan,kιcʰwu.mp3,https://dsal.uchicago.edu/dictionaries/hassan/audio/05722.mp3,,a tortoise,kιcʰwu
n.m.,uchicago_S_Hassan,kιr.mp3,https://dsal.uchicago.edu/dictionaries/hassan/audio/05723.mp3,,"a single creak, grating, or rustle",kιr
n.m.,uchicago_S_Hassan,kͻ doh.mp3,https://dsal.uchicago.edu/dictionaries/hassan/audio/05724.mp3,,"an evil day, an unlucky day, an inauspicious day",kͻ doh
n.f.,uchicago_S_Hassan,kͻcʰ.mp3,https://dsal.uchicago.edu/dictionaries/hassan/audio/05725.mp3,,"the lap, the lower part of the bosom",kͻcʰ
n.m.,uchicago_S_Hassan,kͻḍur.mp3,https://dsal.uchicago.edu/dictionaries/hassan/audio/05726.mp3,,"audacity, hard-heartedness, and other blameworthy qualities of soul",kͻḍur
n.m.,uchicago_S_Hassan,lābar.mp3,https://dsal.uchicago.edu/dictionaries/hassan/audio/05727.mp3,,"a professional money-lender, a usurer",lābar
n.f.,uchicago_S_Hassan,lābargī.mp3,https://dsal.uchicago.edu/dictionaries/hassan/audio/05728.mp3,,the profession of money-lending,lābargī
n.f.,uchicago_S_Hassan,lācʰ.mp3,https://dsal.uchicago.edu/dictionaries/hassan/audio/05729.mp3,,sealing wax,lācʰ
adj.,uchicago_S_Hassan,laci bod.mp3,https://dsal.uchicago.edu/dictionaries/hassan/audio/05730.mp3,,"in hundreds of thousands, by hundreds of thousands",laci bod
v.,uchicago_S_Hassan,lad.mp3,https://dsal.uchicago.edu/dictionaries/hassan/audio/05731.mp3,,"to send, dispatch, load, export",lad
n.m.,uchicago_S_Hassan,lādan.mp3,https://dsal.uchicago.edu/dictionaries/hassan/audio/05732.mp3,,"kind help, a kind action",lādan
n.m.,uchicago_S_Hassan,ladāw.mp3,https://dsal.uchicago.edu/dictionaries/hassan/audio/05733.mp3,,"the building of a house from the foundation upwards, house-erection",ladāw
n.m.,uchicago_S_Hassan,laḍur.mp3,https://dsal.uchicago.edu/dictionaries/hassan/audio/05734.mp3,,"a kind of water-rush or reed, the stem of which is sheathed",laḍur
n.m.,uchicago_S_Hassan,lāg dār.mp3,https://dsal.uchicago.edu/dictionaries/hassan/audio/05735.mp3,,a person who receives a payment of customary or fixed dues,lāg dār
n.,uchicago_S_Hassan,lag.mp3,https://dsal.uchicago.edu/dictionaries/hassan/audio/05736.mp3,,"customary rule, established practice, custom, fashion, habit",lag
adj.,uchicago_S_Hassan,lāⁿjlad.mp3,https://dsal.uchicago.edu/dictionaries/hassan/audio/05737.mp3,,person subjected to calamity,lāⁿjlad
adj.,uchicago_S_Hassan,lāgar.mp3,https://dsal.uchicago.edu/dictionaries/hassan/audio/05738.mp3,,"lean, thin, gaunt, meager",lāgar
n.f.,uchicago_S_Hassan,lāgatʰ.mp3,https://dsal.uchicago.edu/dictionaries/hassan/audio/05739.mp3,,"expense, expenditure, outlay",lāgatʰ
n.f.,uchicago_S_Hassan,lāgdə̄rī.mp3,https://dsal.uchicago.edu/dictionaries/hassan/audio/05740.mp3,,a livelihood dependent on customary gifts or offerings,lāgdə̄rī
adj.,uchicago_S_Hassan,laghār.mp3,https://dsal.uchicago.edu/dictionaries/hassan/audio/05741.mp3,,"worthy, fitting, suitable, matching",laghār
adj.,uchicago_S_Hassan,lagι.mp3,https://dsal.uchicago.edu/dictionaries/hassan/audio/05742.mp3,,"matching, forming one of a pair or set",lagι
n.m.,uchicago_S_Hassan,lāgιrer.mp3,https://dsal.uchicago.edu/dictionaries/hassan/audio/05743.mp3,,"thinness, gauntness, leanness",lāgιrer
n.f.,uchicago_S_Hassan,lahar.mp3,https://dsal.uchicago.edu/dictionaries/hassan/audio/05744.mp3,,"a sweet, gentle sound, a low sweet tone; a pleasing song of praise",lahar
adj.,uchicago_S_Hassan,lahwun.mp3,https://dsal.uchicago.edu/dictionaries/hassan/audio/05745.mp3,,"stiffened, dried, somewhat hardened or indurated",lahwun
n.f.,uchicago_S_Hassan,lahιr.mp3,https://dsal.uchicago.edu/dictionaries/hassan/audio/05746.mp3,,"self-will, indocility",lahιr
n.m.,uchicago_S_Hassan,lakʰnaw.mp3,https://dsal.uchicago.edu/dictionaries/hassan/audio/05747.mp3,,Lucknow,lakʰnaw
n.m.,uchicago_S_Hassan,laⁿg.mp3,https://dsal.uchicago.edu/dictionaries/hassan/audio/05748.mp3,,a long or tall trunk or branch of a tree,laⁿg
n.m.,uchicago_S_Hassan,lāⁿj.mp3,https://dsal.uchicago.edu/dictionaries/hassan/audio/05749.mp3,,"being charged with some crime, or finding oneself unexpectedly faced with an almost impossible task",lāⁿj
n.f.,uchicago_S_Hassan,lāⁿk.mp3,https://dsal.uchicago.edu/dictionaries/hassan/audio/05750.mp3,,a residence or garden on an island,lāⁿk
n.f.,uchicago_S_Hassan,lēkʰā.mp3,https://dsal.uchicago.edu/dictionaries/hassan/audio/05751.mp3,,"a writing, that which is written",lēkʰā
adj.,uchicago_S_Hassan,ledrārʸ.mp3,https://dsal.uchicago.edu/dictionaries/hassan/audio/05752.mp3,,yellowness,ledrārʸ
n.f.,uchicago_S_Hassan,ledιri ganḍ.mp3,https://dsal.uchicago.edu/dictionaries/hassan/audio/05753.mp3,,"a turmeric-root, turmeric before it is ground to powder",ledιri ganḍ
n.f.,uchicago_S_Hassan,lej.mp3,https://dsal.uchicago.edu/dictionaries/hassan/audio/05754.mp3,,a small earthen cooking-pot,lej
n.f.,uchicago_S_Hassan,leg.mp3,https://dsal.uchicago.edu/dictionaries/hassan/audio/05755.mp3,,"discharge which collects in the corners of the eyes, rheum of the eyes",leg
n.f.,uchicago_S_Hassan,legi ǝcʰ.mp3,https://dsal.uchicago.edu/dictionaries/hassan/audio/05756.mp3,,an eye filled with rheum,legi ǝcʰ
n.f.,uchicago_S_Hassan,lekʰ.mp3,https://dsal.uchicago.edu/dictionaries/hassan/audio/05757.mp3,,"abuse, mistreatment, maltreatment",lekʰ
adv.,uchicago_S_Hassan,lobι lobι.mp3,https://dsal.uchicago.edu/dictionaries/hassan/audio/05758.mp3,,"along the edge, sidling up near",lobι lobι
n.m.,uchicago_S_Hassan,lōlι cʰͻkʰ.mp3,https://dsal.uchicago.edu/dictionaries/hassan/audio/05759.mp3,,"the wounds of love, pangs caused by love",lōlι cʰͻkʰ
v.,uchicago_S_Hassan,lot zānun.mp3,https://dsal.uchicago.edu/dictionaries/hassan/audio/05760.mp3,,"to consider light, to despise",lot zānun
n.m.,uchicago_S_Hassan,lūb.mp3,https://dsal.uchicago.edu/dictionaries/hassan/audio/05761.mp3,,"desire, greed, avarice, covetousness",lūb
v.,uchicago_S_Hassan,lūbrāwun.mp3,https://dsal.uchicago.edu/dictionaries/hassan/audio/05762.mp3,,"to cause to be desirous or covetous, to tempt, provoke desire",lūbrāwun
adj.,uchicago_S_Hassan,lūbṭʰ.mp3,https://dsal.uchicago.edu/dictionaries/hassan/audio/05763.mp3,,"avaricious, covetous, greedy",lūbṭʰ
n.f.,uchicago_S_Hassan,lūkι bāy.mp3,https://dsal.uchicago.edu/dictionaries/hassan/audio/05764.mp3,,a woman who is not related to oneself or to the person referred to,lūkι bāy
adv.,uchicago_S_Hassan,lιbʸ lιbʸ.mp3,https://dsal.uchicago.edu/dictionaries/hassan/audio/05765.mp3,,"along the edge, sidling up near, cautiously",lιbʸ lιbʸ
n.m.,uchicago_S_Hassan,lͻgatʰ.mp3,https://dsal.uchicago.edu/dictionaries/hassan/audio/05766.mp3,,"a dictionary, vocabulary, glossary",lͻgatʰ
n.m.,uchicago_S_Hassan,lͻhι.mp3,https://dsal.uchicago.edu/dictionaries/hassan/audio/05767.mp3,,"an iron anchor, an anchor",lͻhι
adv.,uchicago_S_Hassan,lə̄gitʰ ʦͻpritʰ.mp3,https://dsal.uchicago.edu/dictionaries/hassan/audio/05768.mp3,,"substituting on account of resemblance, using an inferior substitute as a makeshift",lə̄gitʰ ʦͻpritʰ
n.m.,uchicago_S_Hassan,macāmι.mp3,https://dsal.uchicago.edu/dictionaries/hassan/audio/05769.mp3,,"a certain dish made of boiled rice, colouring matter, clarified butter, sugar, saffron, raisins, and spices",macāmι
n.m.,uchicago_S_Hassan,macʰēr.mp3,https://dsal.uchicago.edu/dictionaries/hassan/audio/05770.mp3,,"cheapness, small value, worthlessness",macʰēr
n.,uchicago_S_Hassan,macʰi ṭeci.mp3,https://dsal.uchicago.edu/dictionaries/hassan/audio/05771.mp3,,freckle,macʰi ṭeci
n.m.,uchicago_S_Hassan,macōm.mp3,https://dsal.uchicago.edu/dictionaries/hassan/audio/05772.mp3,,a seller of macāmι,macōm
adj.,uchicago_S_Hassan,madārι.mp3,https://dsal.uchicago.edu/dictionaries/hassan/audio/05773.mp3,,"encouraged, comforted",madārι
n.m.,uchicago_S_Hassan,madpān.mp3,https://dsal.uchicago.edu/dictionaries/hassan/audio/05774.mp3,,"wine, made out of pears, apples, mulberries, or grapes",madpān
adj.,uchicago_S_Hassan,magan.mp3,https://dsal.uchicago.edu/dictionaries/hassan/audio/05775.mp3,,devoted or addicted,magan
n.m.,uchicago_S_Hassan,māgun.mp3,https://dsal.uchicago.edu/dictionaries/hassan/audio/05776.mp3,,"the leader of a company of actors, a stage-manager",māgun
v.,uchicago_S_Hassan,māh karitʰ.mp3,https://dsal.uchicago.edu/dictionaries/hassan/audio/05777.mp3,,"having swallowed without noticing the taste, taking with a gulp",māh karitʰ
n.m.,uchicago_S_Hassan,mah.mp3,https://dsal.uchicago.edu/dictionaries/hassan/audio/05778.mp3,,a month (borrowed from Urdu),mah
n.f.,uchicago_S_Hassan,mahā dāl.mp3,https://dsal.uchicago.edu/dictionaries/hassan/audio/05779.mp3,,split beans; bean porridge,mahā dāl
n.m.,uchicago_S_Hassan,mahaldār.mp3,https://dsal.uchicago.edu/dictionaries/hassan/audio/05780.mp3,,"an officer in charge of a ward, an alderman",mahaldār
n.m.,uchicago_S_Hassan,mahalι.mp3,https://dsal.uchicago.edu/dictionaries/hassan/audio/05781.mp3,,"division, quarter (of a city or town)",mahalι
adj.,uchicago_S_Hassan,mahkam.mp3,https://dsal.uchicago.edu/dictionaries/hassan/audio/05782.mp3,,"strong, established, which cannot be abrogated",mahkam
n.m.,uchicago_S_Hassan,mahlāmι.mp3,https://dsal.uchicago.edu/dictionaries/hassan/audio/05783.mp3,,"dressing for wounds, ointment, salve",mahlāmι
n.m.,uchicago_S_Hassan,mahram.mp3,https://dsal.uchicago.edu/dictionaries/hassan/audio/05784.mp3,,"one who is a confidant, one who is intimately acquainted with secret",mahram
n.m.,uchicago_S_Hassan,mahrι.mp3,https://dsal.uchicago.edu/dictionaries/hassan/audio/05785.mp3,,"a marriage portion settled upon the wife before marriage, jointure",mahrι
adj.,uchicago_S_Hassan,mahz.mp3,https://dsal.uchicago.edu/dictionaries/hassan/audio/05786.mp3,,"pure, simple, unalloyed",mahz
n.m.,uchicago_S_Hassan,mahzarι.mp3,https://dsal.uchicago.edu/dictionaries/hassan/audio/05787.mp3,,"a document or petition attested by a number of witnesses laid before a judge, a public attestation by a number of people",mahzarι
n.f.,uchicago_S_Hassan,māji batι.mp3,https://dsal.uchicago.edu/dictionaries/hassan/audio/05788.mp3,,"some easy employment which suits one's inclinations, a soft job",māji batι
n.m.,uchicago_S_Hassan,makdūr.mp3,https://dsal.uchicago.edu/dictionaries/hassan/audio/05789.mp3,,"power, ability, capacity",makdūr
n.m.,uchicago_S_Hassan,makʰ.mp3,https://dsal.uchicago.edu/dictionaries/hassan/audio/05790.mp3,,an axe,makʰ
n.m.,uchicago_S_Hassan,makad.mp3,https://dsal.uchicago.edu/dictionaries/hassan/audio/05791.mp3,,"the part of the body low down behind the pudenda, the anus",makad
n.m.,uchicago_S_Hassan,makι dan.mp3,https://dsal.uchicago.edu/dictionaries/hassan/audio/05792.mp3,,"the handle or shaft, of an axe",makι dan
n.m.,uchicago_S_Hassan,māⁿcʰar.mp3,https://dsal.uchicago.edu/dictionaries/hassan/audio/05793.mp3,,"slipperiness, greasiness",māⁿcʰar
v.,uchicago_S_Hassan,māⁿḍ.mp3,https://dsal.uchicago.edu/dictionaries/hassan/audio/05794.mp3,,mixing up or kneading,māⁿḍ
,uchicago_S_Hassan,mandʸιnǝs bə̄g.mp3,https://dsal.uchicago.edu/dictionaries/hassan/audio/05795.mp3,,phrase at about midday,mandʸιnǝs bə̄g
n.f.,uchicago_S_Hassan,māⁿgay.mp3,https://dsal.uchicago.edu/dictionaries/hassan/audio/05796.mp3,,"asking, begging, a request, petition",māⁿgay
adj.,uchicago_S_Hassan,makʰmǝl.mp3,https://dsal.uchicago.edu/dictionaries/hassan/audio/05797.mp3,,"of velvet, made of velvet; velvety, like velvet",makʰmǝl
adv.,uchicago_S_Hassan,manz bāg.mp3,https://dsal.uchicago.edu/dictionaries/hassan/audio/05798.mp3,,"in the middle part, in the middle, in the centre, halfway",manz bāg
adv.,uchicago_S_Hassan,matι.mp3,https://dsal.uchicago.edu/dictionaries/hassan/audio/05799.mp3,,please do not make,matι
v.,uchicago_S_Hassan,mǝcʰ lagin.mp3,https://dsal.uchicago.edu/dictionaries/hassan/audio/05800.mp3,,food or the like to become corrupt and develop maggots,mǝcʰ lagin
n.f.,uchicago_S_Hassan,mēcʰar.mp3,https://dsal.uchicago.edu/dictionaries/hassan/audio/05801.mp3,,sweetness,mēcʰar
n.m.,uchicago_S_Hassan,mǝclι.mp3,https://dsal.uchicago.edu/dictionaries/hassan/audio/05802.mp3,,"poverty, beggary, destitution",mǝclι
n.f.,uchicago_S_Hassan,mēkʰal.mp3,https://dsal.uchicago.edu/dictionaries/hassan/audio/05803.mp3,,the ceremony of investing a youth with the brahmanical thread,mēkʰal
n.f.,uchicago_S_Hassan,mēⁿgι dag.mp3,https://dsal.uchicago.edu/dictionaries/hassan/audio/05804.mp3,,a headache,mēⁿgι dag
n.m.,uchicago_S_Hassan,mihina.mp3,https://dsal.uchicago.edu/dictionaries/hassan/audio/05805.mp3,,"jeweller's rouge, a plate-powder, a powder for polishing jewelry; any fine powder",mihina
adj.,uchicago_S_Hassan,mihīnιdār.mp3,https://dsal.uchicago.edu/dictionaries/hassan/audio/05806.mp3,,covered with jeweller's rouge,mihīnιdār
adj.,uchicago_S_Hassan,moḍ.mp3,https://dsal.uchicago.edu/dictionaries/hassan/audio/05807.mp3,,"a fool, a blockhead, dunce, an ignorant, illiterate fellow; slow of understanding",moḍ
n.m.,uchicago_S_Hassan,mohrι khǝn.mp3,https://dsal.uchicago.edu/dictionaries/hassan/audio/05808.mp3,,"a seal-engraver, a lapidary",mohrι khǝn
adj.,uchicago_S_Hassan,mohtāj.mp3,https://dsal.uchicago.edu/dictionaries/hassan/audio/05809.mp3,,"necessitous, needy, poor, in want",mohtāj
v.,uchicago_S_Hassan,mucʰun.mp3,https://dsal.uchicago.edu/dictionaries/hassan/audio/05810.mp3,,"to conclude a fast, to eat after a fast",mucʰun
adj.,uchicago_S_Hassan,mucʰι.mp3,https://dsal.uchicago.edu/dictionaries/hassan/audio/05811.mp3,,"come apart, separated",mucʰι
n.m.,uchicago_S_Hassan,mudā.mp3,https://dsal.uchicago.edu/dictionaries/hassan/audio/05812.mp3,,"joy, gladness, happiness",mudā
n.m.,uchicago_S_Hassan,mudāla.mp3,https://dsal.uchicago.edu/dictionaries/hassan/audio/05813.mp3,,the defendant,mudāla
n.m.,uchicago_S_Hassan,mudatʰ.mp3,https://dsal.uchicago.edu/dictionaries/hassan/audio/05814.mp3,,"length of time, space of time, interval of time",mudatʰ
n.m.,uchicago_S_Hassan,muharir.mp3,https://dsal.uchicago.edu/dictionaries/hassan/audio/05815.mp3,,"a writer, clerk, scribe",muharir
n.f.,uchicago_S_Hassan,muhim.mp3,https://dsal.uchicago.edu/dictionaries/hassan/audio/05816.mp3,,"important affair; exigency, an affair of consequence",muhim
v.,uchicago_S_Hassan,mūhrun.mp3,https://dsal.uchicago.edu/dictionaries/hassan/audio/05817.mp3,,"to crumble, rubbing",mūhrun
adv.,uchicago_S_Hassan,mͻkʰrās.mp3,https://dsal.uchicago.edu/dictionaries/hassan/audio/05818.mp3,,"by rote, by heart, without book, memoriter",mͻkʰrās
n.m.,uchicago_S_Hassan,muhur.mp3,https://dsal.uchicago.edu/dictionaries/hassan/audio/05819.mp3,,a kind of thin small caterpillar,muhur
n.f.,uchicago_S_Hassan,mūhιj.mp3,https://dsal.uchicago.edu/dictionaries/hassan/audio/05820.mp3,,"a small pestle, a rod",mūhιj
adj.,uchicago_S_Hassan,mūjūd.mp3,https://dsal.uchicago.edu/dictionaries/hassan/audio/05821.mp3,,"existing, extant, present",mūjūd
n.m.,uchicago_S_Hassan,mujι ḍākur.mp3,https://dsal.uchicago.edu/dictionaries/hassan/audio/05822.mp3,,the juice expressed from pounded radishes,mujι ḍākur
n.f.,uchicago_S_Hassan,mujι.mp3,https://dsal.uchicago.edu/dictionaries/hassan/audio/05823.mp3,,"laziness, inaction, abstention, through laziness",mujι
n.f.,uchicago_S_Hassan,mukʰbir bāy.mp3,https://dsal.uchicago.edu/dictionaries/hassan/audio/05824.mp3,,a female-spy,mukʰbir bāy
n.m.,uchicago_S_Hassan,mukʰbir.mp3,https://dsal.uchicago.edu/dictionaries/hassan/audio/05825.mp3,,"an informer, a spy",mukʰbir
n.f.,uchicago_S_Hassan,mukι nǝsι.mp3,https://dsal.uchicago.edu/dictionaries/hassan/audio/05826.mp3,,a flat-nosed woman,mukι nǝsι
n.m.,uchicago_S_Hassan,mukι nostι.mp3,https://dsal.uchicago.edu/dictionaries/hassan/audio/05827.mp3,,"a man who has a flat-nose, flat-nosed",mukι nostι
adj.,uchicago_S_Hassan,mukι.mp3,https://dsal.uchicago.edu/dictionaries/hassan/audio/05828.mp3,,"to polish, scour, or rub clean a metal article",mukι
adj.,uchicago_S_Hassan,mūⁿḍιgī.mp3,https://dsal.uchicago.edu/dictionaries/hassan/audio/05829.mp3,,"the condition of an illiterate blockhead, stupidity, ignorance",mūⁿḍιgī
n.m.,uchicago_S_Hassan,mͻhlak.mp3,https://dsal.uchicago.edu/dictionaries/hassan/audio/05830.mp3,,place of destruction or danger,mͻhlak
n.f.,uchicago_S_Hassan,mͻkdam bāy.mp3,https://dsal.uchicago.edu/dictionaries/hassan/audio/05831.mp3,,village headman’s wife,mͻkdam bāy
n.m.,uchicago_S_Hassan,mͻkdam.mp3,https://dsal.uchicago.edu/dictionaries/hassan/audio/05832.mp3,,a village headman,mͻkdam
n.m.,uchicago_S_Hassan,mͻkʰtι.mp3,https://dsal.uchicago.edu/dictionaries/hassan/audio/05833.mp3,,a pearl,mͻkʰtι
adj.,uchicago_S_Hassan,mͻkʰι dor.mp3,https://dsal.uchicago.edu/dictionaries/hassan/audio/05834.mp3,,"hard-faced, insolent, disrespectful",mͻkʰι dor
adj.,uchicago_S_Hassan,mə̄dǝnī.mp3,https://dsal.uchicago.edu/dictionaries/hassan/audio/05835.mp3,,"of, or belonging to, an open plain",mə̄dǝnī
n.m.,uchicago_S_Hassan,mͻkʰjyār hyon.mp3,https://dsal.uchicago.edu/dictionaries/hassan/audio/05836.mp3,,"to accept freedom, (of a woman) to be divorced",mͻkʰjyār hyon
n.f.,uchicago_S_Hassan,mə̄hildə̄ril.mp3,https://dsal.uchicago.edu/dictionaries/hassan/audio/05837.mp3,,the office or duties of a ward-watchman,mə̄hildə̄ril
n.f.,uchicago_S_Hassan,mǝhliš.mp3,https://dsal.uchicago.edu/dictionaries/hassan/audio/05838.mp3,,"rubbing in ointment, rubbing the affected part after applying ointment",mǝhliš
adv.,uchicago_S_Hassan,natι.mp3,https://dsal.uchicago.edu/dictionaries/hassan/audio/05839.mp3,,"and not, nor",natι
n.f.,uchicago_S_Hassan,nūnι cāy.mp3,https://dsal.uchicago.edu/dictionaries/hassan/audio/05840.mp3,,green tea with salt,nūnι cāy
n.f.,uchicago_S_Hassan,obrι cʰal.mp3,https://dsal.uchicago.edu/dictionaries/hassan/audio/05841.mp3,,a piece of mica,obrι cʰal
n.,uchicago_S_Hassan,oḍ man.mp3,https://dsal.uchicago.edu/dictionaries/hassan/audio/05842.mp3,,a thing weighing half a man (certain measure),oḍ man
v.,uchicago_S_Hassan,ogun diyun.mp3,https://dsal.uchicago.edu/dictionaries/hassan/audio/05843.mp3,,to fire the furnace or Chula,ogun diyun
n.,uchicago_S_Hassan,ogun.mp3,https://dsal.uchicago.edu/dictionaries/hassan/audio/05844.mp3,,"fire, generally applied to flaming fire",ogun
n.,uchicago_S_Hassan,ogun.mp3,https://dsal.uchicago.edu/dictionaries/hassan/audio/05845.mp3,,"one fold, composed of a single strand, not twisted with other strands (of a rope, string, etc.)",ogun
adj.,uchicago_S_Hassan,oguru ṭʰͻgur.mp3,https://dsal.uchicago.edu/dictionaries/hassan/audio/05846.mp3,,"having uneven members, ill-proportioned",oguru ṭʰͻgur
n.,uchicago_S_Hassan,ohor.mp3,https://dsal.uchicago.edu/dictionaries/hassan/audio/05847.mp3,,the examination of a portion of a crop in order to determine the amount of the whole; appraisement of a crop,ohor
n.f.,uchicago_S_Hassan,nǝlʸ.mp3,https://dsal.uchicago.edu/dictionaries/hassan/audio/05848.mp3,,"a pipe, a tube",nǝlʸ
adv.,uchicago_S_Hassan,patʰ kālι.mp3,https://dsal.uchicago.edu/dictionaries/hassan/audio/05849.mp3,,inn former times,patʰ kālι
adv.,uchicago_S_Hassan,pǝtmi wǝrih.mp3,https://dsal.uchicago.edu/dictionaries/hassan/audio/05850.mp3,,last year,pǝtmi wǝrih
n.f.pl.,uchicago_S_Hassan,nūlι cikι.mp3,https://dsal.uchicago.edu/dictionaries/hassan/audio/05851.mp3,,the cry of the mongoose; a similar cry uttered by a human being or beast,nūlι cikι
n.f.,uchicago_S_Hassan,pͻtrι dag.mp3,https://dsal.uchicago.edu/dictionaries/hassan/audio/05852.mp3,,pain of child death,pͻtrι dag
n.f.,uchicago_S_Hassan,raʦʰihǝn.mp3,https://dsal.uchicago.edu/dictionaries/hassan/audio/05853.mp3,,a very little of something,raʦʰihǝn
v.,uchicago_S_Hassan,rōzι darun.mp3,https://dsal.uchicago.edu/dictionaries/hassan/audio/05854.mp3,,"to maintain or keep a fast in muslims, to fast",rōzι darun
n.m.,uchicago_S_Hassan,retʸ.mp3,https://dsal.uchicago.edu/dictionaries/hassan/audio/05855.mp3,,a month,retʸ
n.f.,uchicago_S_Hassan,sēpʰ.mp3,https://dsal.uchicago.edu/dictionaries/hassan/audio/05856.mp3,,a kind of chalk,sēpʰ
,uchicago_S_Hassan,shamas-bə̄g.mp3,https://dsal.uchicago.edu/dictionaries/hassan/audio/05857.mp3,,"phrase eventide, at dusk",shamas-bə̄g
n.f.,uchicago_S_Hassan,šīrι cay.mp3,https://dsal.uchicago.edu/dictionaries/hassan/audio/05858.mp3,,a kind of tea prepared less strong and less preparation time,šīrι cay
n.f.,uchicago_S_Hassan,sōbūt bə̄diyānι.mp3,https://dsal.uchicago.edu/dictionaries/hassan/audio/05859.mp3,,the kernels of anise-seed,sōbūt bə̄diyānι
,uchicago_S_Hassan,subhanas-bə̄g.mp3,https://dsal.uchicago.edu/dictionaries/hassan/audio/05860.mp3,,"phrase at dawntide, in the morning",subhanas-bə̄g
n.f.,uchicago_S_Hassan,wāv pǝtʸ.mp3,https://dsal.uchicago.edu/dictionaries/hassan/audio/05861.mp3,,"a certain pox, principally affecting children, measles",wāv pǝtʸ
n.m.,uchicago_S_Hassan,sͻ doh.mp3,https://dsal.uchicago.edu/dictionaries/hassan/audio/05862.mp3,,a good day,sͻ doh
n.m.,uchicago_S_Hassan,talafuz.mp3,https://dsal.uchicago.edu/dictionaries/hassan/audio/05863.mp3,,pronunciation,talafuz
n.f.,uchicago_S_Hassan,trēl.mp3,https://dsal.uchicago.edu/dictionaries/hassan/audio/05864.mp3,,a certain kind of apple,trēl
n.m.sg.,uchicago_S_Hassan,tul.mp3,https://dsal.uchicago.edu/dictionaries/hassan/audio/05865.mp3,,the fruit of a mulberry,tul
n.m.pl.,uchicago_S_Hassan,tulʸ.mp3,https://dsal.uchicago.edu/dictionaries/hassan/audio/05866.mp3,,the fruit of a mulberry,tulʸ
n.m.,uchicago_S_Hassan,tulιkul.mp3,https://dsal.uchicago.edu/dictionaries/hassan/audio/05867.mp3,,mulberry tree,tulιkul
n.m.,uchicago_S_Hassan,ṭʸoṭʰ bādām.mp3,https://dsal.uchicago.edu/dictionaries/hassan/audio/05868.mp3,,the bitter almond,ṭʸoṭʰ bādām
n.f.,uchicago_S_Hassan,ʦʰih.mp3,https://dsal.uchicago.edu/dictionaries/hassan/audio/05869.mp3,,the cry used in driving a herd of sheep and goats,ʦʰih
v.,uchicago_S_Hassan,ʦoṭʰ zānun.mp3,https://dsal.uchicago.edu/dictionaries/hassan/audio/05870.mp3,,"to consider too small, to despise",ʦoṭʰ zānun
n.m.,uchicago_S_Hassan,ʦʰōṭι.mp3,https://dsal.uchicago.edu/dictionaries/hassan/audio/05871.mp3,,pestle,ʦʰōṭι
adv.,uchicago_S_Hassan,ʦͻpə̄r.mp3,https://dsal.uchicago.edu/dictionaries/hassan/audio/05872.mp3,,all four directions,ʦͻpə̄r
v.,uchicago_S_Hassan,vratʰ darun.mp3,https://dsal.uchicago.edu/dictionaries/hassan/audio/05873.mp3,,"to maintain or keep a fast, to fast",vratʰ darun
n.m.,uchicago_S_Hassan,vyākaran.mp3,https://dsal.uchicago.edu/dictionaries/hassan/audio/05874.mp3,,a book of grammar,vyākaran
v.,uchicago_S_Hassan,wad.mp3,https://dsal.uchicago.edu/dictionaries/hassan/audio/05875.mp3,,weep,wad
v.,uchicago_S_Hassan,wādι karun.mp3,https://dsal.uchicago.edu/dictionaries/hassan/audio/05876.mp3,,to promise,wādι karun
n.,uchicago_S_Hassan,wādι.mp3,https://dsal.uchicago.edu/dictionaries/hassan/audio/05877.mp3,,"promises, a guarantee",wādι
v.,uchicago_S_Hassan,waguv ʦaṭun.mp3,https://dsal.uchicago.edu/dictionaries/hassan/audio/05878.mp3,,"to say something ill about a person, to use abusive language, gossip",waguv ʦaṭun
v.,uchicago_S_Hassan,wahar.mp3,https://dsal.uchicago.edu/dictionaries/hassan/audio/05879.mp3,,"to spread, shed",wahar
,uchicago_S_Hassan,wakʰ rāwrāwun.mp3,https://dsal.uchicago.edu/dictionaries/hassan/audio/05880.mp3,,phrase losing the time fruitlessly,wakʰ rāwrāwun
,uchicago_S_Hassan,wakhanis peṭʰ.mp3,https://dsal.uchicago.edu/dictionaries/hassan/audio/05881.mp3,,phrase on a subject,wakhanis peṭʰ
n.,uchicago_S_Hassan,wakʰun.mp3,https://dsal.uchicago.edu/dictionaries/hassan/audio/05882.mp3,,"a lesson, an exercise, a subject of study",wakʰun
n.m.,uchicago_S_Hassan,wakʰul.mp3,https://dsal.uchicago.edu/dictionaries/hassan/audio/05883.mp3,,by footy,wakʰul
v.,uchicago_S_Hassan,wan.mp3,https://dsal.uchicago.edu/dictionaries/hassan/audio/05884.mp3,,to speak,wan
n.m.pl.,uchicago_S_Hassan,wāndar.mp3,https://dsal.uchicago.edu/dictionaries/hassan/audio/05885.mp3,,monkeys,wāndar
n.m.sg.,uchicago_S_Hassan,wāndur.mp3,https://dsal.uchicago.edu/dictionaries/hassan/audio/05886.mp3,,monkey,wāndur
v.,uchicago_S_Hassan,wanitʰ hekun.mp3,https://dsal.uchicago.edu/dictionaries/hassan/audio/05887.mp3,,to be able to say,wanitʰ hekun
v.,uchicago_S_Hassan,wanιnas nakār karun.mp3,https://dsal.uchicago.edu/dictionaries/hassan/audio/05888.mp3,,to deny having said,wanιnas nakār karun
adv.,uchicago_S_Hassan,wanιnι mūjbι.mp3,https://dsal.uchicago.edu/dictionaries/hassan/audio/05889.mp3,,according to somebody instructions,wanιnι mūjbι
n.f.,uchicago_S_Hassan,wokʰnay.mp3,https://dsal.uchicago.edu/dictionaries/hassan/audio/05890.mp3,,"unrestrained explanation, explanation at great length and in great detail",wokʰnay
v.,uchicago_S_Hassan,wakʰrun.mp3,https://dsal.uchicago.edu/dictionaries/hassan/audio/05891.mp3,,"to turn upside down especially the contents of a vessel, e.g. to stir up the fire in a brazier",wakʰrun
adv.,uchicago_S_Hassan,wārι pə̄ṭʰ.mp3,https://dsal.uchicago.edu/dictionaries/hassan/audio/05892.mp3,,"well, thoroughly, exactly",wārι pə̄ṭʰ
adv.,uchicago_S_Hassan,wārι.mp3,https://dsal.uchicago.edu/dictionaries/hassan/audio/05893.mp3,,"thoroughly, auspiciously, excellently",wārι
n.m.,uchicago_S_Hassan,wēd.mp3,https://dsal.uchicago.edu/dictionaries/hassan/audio/05894.mp3,,"a doctor, a physician practicing on native medical principles",wēd
adv.,uchicago_S_Hassan,wǝrih.mp3,https://dsal.uchicago.edu/dictionaries/hassan/audio/05895.mp3,,a year,wǝrih
adv.,uchicago_S_Hassan,wǝryes manz.mp3,https://dsal.uchicago.edu/dictionaries/hassan/audio/05896.mp3,,in the year,wǝryes manz
v.,uchicago_S_Hassan,wupʰ.mp3,https://dsal.uchicago.edu/dictionaries/hassan/audio/05897.mp3,,to fly,wupʰ
n.m.,uchicago_S_Hassan,wͻšʦār.mp3,https://dsal.uchicago.edu/dictionaries/hassan/audio/05898.mp3,,pronunciation,wͻšʦār
n.m.,uchicago_S_Hassan,wə̄ⁿsι hoṭ.mp3,https://dsal.uchicago.edu/dictionaries/hassan/audio/05899.mp3,,age bachelor,wə̄ⁿsι hoṭ
n.f.,uchicago_S_Hassan,wə̄sιhǝṭ.mp3,https://dsal.uchicago.edu/dictionaries/hassan/audio/05900.mp3,,aged unmarried woman,wə̄sιhǝṭ
v.,uchicago_S_Hassan,yād karun.mp3,https://dsal.uchicago.edu/dictionaries/hassan/audio/05901.mp3,,"to recollect, learn, remember",yād karun
v.,uchicago_S_Hassan,yād tʰawun.mp3,https://dsal.uchicago.edu/dictionaries/hassan/audio/05902.mp3,,to retain the memory of anything,yād tʰawun
n.f.,uchicago_S_Hassan,yād.mp3,https://dsal.uchicago.edu/dictionaries/hassan/audio/05903.mp3,,"memory, recollection, remembrance",yād
n.f.,uchicago_S_Hassan,yādāšt.mp3,https://dsal.uchicago.edu/dictionaries/hassan/audio/05904.mp3,,"a memorandum, note, message",yādāšt
adv.,uchicago_S_Hassan,yāne.mp3,https://dsal.uchicago.edu/dictionaries/hassan/audio/05905.mp3,,"that is to say, videlicet",yāne
v.,uchicago_S_Hassan,yekīn zānun.mp3,https://dsal.uchicago.edu/dictionaries/hassan/audio/05906.mp3,,"to be certain, to be assured",yekīn zānun
adv.,uchicago_S_Hassan,yemi wǝrih.mp3,https://dsal.uchicago.edu/dictionaries/hassan/audio/05907.mp3,,in this year,yemi wǝrih
n.m.,uchicago_S_Hassan,yinglistān.mp3,https://dsal.uchicago.edu/dictionaries/hassan/audio/05908.mp3,,England,yinglistān
adj.,uchicago_S_Hassan,yinlistə̄n.mp3,https://dsal.uchicago.edu/dictionaries/hassan/audio/05909.mp3,,man from England,yinlistə̄n
n.,uchicago_S_Hassan,yirān.mp3,https://dsal.uchicago.edu/dictionaries/hassan/audio/05910.mp3,,Persia,yirān
v.,uchicago_S_Hassan,yīrι gaʦun.mp3,https://dsal.uchicago.edu/dictionaries/hassan/audio/05911.mp3,,to float,yīrι gaʦun
adj.,uchicago_S_Hassan,yirə̄n.mp3,https://dsal.uchicago.edu/dictionaries/hassan/audio/05912.mp3,,Persian,yirə̄n
adj.,uchicago_S_Hassan,yōgī.mp3,https://dsal.uchicago.edu/dictionaries/hassan/audio/05913.mp3,,"proper, worthy, fitting",yōgī
n.,uchicago_S_Hassan,zaḍ kaḍin.mp3,https://dsal.uchicago.edu/dictionaries/hassan/audio/05914.mp3,,"be very economical, misery, trouble",zaḍ kaḍin
v.,uchicago_S_Hassan,zaḍ.mp3,https://dsal.uchicago.edu/dictionaries/hassan/audio/05915.mp3,,"separate, apart",zaḍ
v.,uchicago_S_Hassan,zāg.mp3,https://dsal.uchicago.edu/dictionaries/hassan/audio/05916.mp3,,"to be watchful, to look for",zāg
n.,uchicago_S_Hassan,zagat.mp3,https://dsal.uchicago.edu/dictionaries/hassan/audio/05917.mp3,,the world,zagat
v.,uchicago_S_Hassan,zāl trāwun.mp3,https://dsal.uchicago.edu/dictionaries/hassan/audio/05918.mp3,,to lay a (fishing) net,zāl trāwun
n.m.,uchicago_S_Hassan,zampāna.mp3,https://dsal.uchicago.edu/dictionaries/hassan/audio/05919.mp3,,a palanquin,zampāna
n.f.,uchicago_S_Hassan,zanānιdāy.mp3,https://dsal.uchicago.edu/dictionaries/hassan/audio/05920.mp3,,a maid-servant,zanānιdāy
n.,uchicago_S_Hassan,walǝd.mp3,https://dsal.uchicago.edu/dictionaries/hassan/audio/05921.mp3,,"connexion, affinity, relationship, association, familiar intercourse",walǝd
v.,uchicago_S_Hassan,zānιnāw.mp3,https://dsal.uchicago.edu/dictionaries/hassan/audio/05922.mp3,,"to cause to know, to explain to a person",zānιnāw
n.f.,uchicago_S_Hassan,zarb.mp3,https://dsal.uchicago.edu/dictionaries/hassan/audio/05923.mp3,,a coin,zarb
adj.,uchicago_S_Hassan,zarūr.mp3,https://dsal.uchicago.edu/dictionaries/hassan/audio/05924.mp3,,necessary,zarūr
n.f.,uchicago_S_Hassan,zaṭʰil.mp3,https://dsal.uchicago.edu/dictionaries/hassan/audio/05925.mp3,,"a pile of refuse, a rubbish heap",zaṭʰil
v.,uchicago_S_Hassan,zāv.mp3,https://dsal.uchicago.edu/dictionaries/hassan/audio/05926.mp3,,have been born,zāv
n.,uchicago_S_Hassan,zāy doh.mp3,https://dsal.uchicago.edu/dictionaries/hassan/audio/05927.mp3,,birthday,zāy doh
n.m.,uchicago_S_Hassan,zǝkʰīrι.mp3,https://dsal.uchicago.edu/dictionaries/hassan/audio/05928.mp3,,"a warehouse, storehouse, godown",zǝkʰīrι
n.f.,uchicago_S_Hassan,ziṭʰ.mp3,https://dsal.uchicago.edu/dictionaries/hassan/audio/05929.mp3,,"senior, elder(sister, daughter)",ziṭʰ
n.,uchicago_S_Hassan,zīv.mp3,https://dsal.uchicago.edu/dictionaries/hassan/audio/05930.mp3,,a living creature,zīv
v.,uchicago_S_Hassan,zong.mp3,https://dsal.uchicago.edu/dictionaries/hassan/audio/05931.mp3,,"discard, dispose, throw away",zong
n.f.,uchicago_S_Hassan,zuj.mp3,https://dsal.uchicago.edu/dictionaries/hassan/audio/05932.mp3,,a type very small insect,zuj
v.,uchicago_S_Hassan,walgatun.mp3,https://dsal.uchicago.edu/dictionaries/hassan/audio/05933.mp3,,the act of bending back or curving back,walgatun
n.f.,uchicago_S_Hassan,wͻlhariš.mp3,https://dsal.uchicago.edu/dictionaries/hassan/audio/05934.mp3,,"calamity, outrage, violence, plundering, havoc, ravaging, epidemic, or the like",wͻlhariš
adj.,uchicago_S_Hassan,zῑhir.mp3,https://dsal.uchicago.edu/dictionaries/hassan/audio/05935.mp3,,"evident, plain, manifest",zῑhir
adv.,uchicago_S_Hassan,zιhʸrι.mp3,https://dsal.uchicago.edu/dictionaries/hassan/audio/05936.mp3,,"outwardly, manifestly",zιhʸrι
n.m.,uchicago_S_Hassan,zιmə̄n.mp3,https://dsal.uchicago.edu/dictionaries/hassan/audio/05937.mp3,,"bailer, a surety",zιmə̄n
n.m.,uchicago_S_Hassan,zə̄ⁿpānι.mp3,https://dsal.uchicago.edu/dictionaries/hassan/audio/05938.mp3,,palanquin,zə̄ⁿpānι
n.,uchicago_S_Hassan,zə̄r penḍ.mp3,https://dsal.uchicago.edu/dictionaries/hassan/audio/05939.mp3,,"gambler’s place, club",zə̄r penḍ
n.,uchicago_S_Hassan,zə̄r wān.mp3,https://dsal.uchicago.edu/dictionaries/hassan/audio/05940.mp3,,gambling spot,zə̄r wān
adj.,uchicago_S_Hassan,zə̄yul.mp3,https://dsal.uchicago.edu/dictionaries/hassan/audio/05941.mp3,,"fine, thin",zə̄yul
adj.,uchicago_S_Hassan,ə̄bī.mp3,https://dsal.uchicago.edu/dictionaries/hassan/audio/05942.mp3,,of or belonging of water,ə̄bī
v.,uchicago_S_Hassan,nə̄lʸ gaʦun.mp3,https://dsal.uchicago.edu/dictionaries/hassan/audio/05943.mp3,,"angrily to scold, threaten",nə̄lʸ gaʦun
n.f.,uchicago_S_Hassan,ə̄ḍ zə̄ḍ.mp3,https://dsal.uchicago.edu/dictionaries/hassan/audio/05944.mp3,,"quarrelling, including hitting each other and mutual abuse",ə̄ḍ zə̄ḍ
adj.,uchicago_S_Hassan,ə̄dil.mp3,https://dsal.uchicago.edu/dictionaries/hassan/audio/05945.mp3,,"sincere, just, upright",ə̄dil
v.,uchicago_S_Hassan,ə̄ḍrān.mp3,https://dsal.uchicago.edu/dictionaries/hassan/audio/05946.mp3,,"a mixing, mingling, a commencement",ə̄ḍrān
n.,uchicago_S_Hassan,wͻlās.mp3,https://dsal.uchicago.edu/dictionaries/hassan/audio/05947.mp3,,"happiness, joy, delight, ornateness, adornment, decoration",wͻlās
v.,uchicago_S_Hassan,ə̄ḍrǝmιʦ.mp3,https://dsal.uchicago.edu/dictionaries/hassan/audio/05948.mp3,,"mixed, mingled, commenced",ə̄ḍrǝmιʦ
v.,uchicago_S_Hassan,ə̄ḍrōmut.mp3,https://dsal.uchicago.edu/dictionaries/hassan/audio/05949.mp3,,"mixed with liquids, set to work, commenced",ə̄ḍrōmut
v.,uchicago_S_Hassan,ə̄ḍrun.mp3,https://dsal.uchicago.edu/dictionaries/hassan/audio/05950.mp3,,"to mix up together, to heap up; to commence, begin the making of anything",ə̄ḍrun
n.f.,uchicago_S_Hassan,ə̄fīm.mp3,https://dsal.uchicago.edu/dictionaries/hassan/audio/05951.mp3,,"the opium poppy, Papaver somniferum",ə̄fīm
n.f.,uchicago_S_Hassan,zuj.mp3,https://dsal.uchicago.edu/dictionaries/hassan/audio/05952.mp3,,"a certain tiny longish insect, which by contact with the skin causes irritation and scratching",zuj
n.m.,uchicago_S_Hassan,ə̄kʰir.mp3,https://dsal.uchicago.edu/dictionaries/hassan/audio/05953.mp3,,"an end, conclusion",ə̄kʰir
n.,uchicago_S_Hassan,ə̄kibat.mp3,https://dsal.uchicago.edu/dictionaries/hassan/audio/05954.mp3,,"end, termination, the future",ə̄kibat
adj.,uchicago_S_Hassan,ə̄lim.mp3,https://dsal.uchicago.edu/dictionaries/hassan/audio/05955.mp3,,"wise, learned",ə̄lim
n.m.,uchicago_S_Hassan,ə̄rkι pʰakʰ.mp3,https://dsal.uchicago.edu/dictionaries/hassan/audio/05956.mp3,,the stink of the armpits,ə̄rkι pʰakʰ
n.m.,uchicago_S_Hassan,ə̄ṭʰιbog.mp3,https://dsal.uchicago.edu/dictionaries/hassan/audio/05957.mp3,,the eighth part or share of anything,ə̄ṭʰιbog
n.m.,uchicago_S_Hassan,makōl.mp3,https://dsal.uchicago.edu/dictionaries/hassan/audio/05958.mp3,,gypsum,makōl
n.m.,uchicago_S_Hassan,malakʰ.mp3,https://dsal.uchicago.edu/dictionaries/hassan/audio/05959.mp3,,an angel,malakʰ
n.f.,uchicago_S_Hassan,malāmatʰ.mp3,https://dsal.uchicago.edu/dictionaries/hassan/audio/05960.mp3,,"reproof, rebuke, censure, reproach, accusation, reviling",malāmatʰ
n.m.,uchicago_S_Hassan,māli ganḍ.mp3,https://dsal.uchicago.edu/dictionaries/hassan/audio/05961.mp3,,a single bead of a rosary,māli ganḍ
n.m.,uchicago_S_Hassan,mēnan bānι.mp3,https://dsal.uchicago.edu/dictionaries/hassan/audio/05962.mp3,,"a measuring vessel, a measure",mēnan bānι
n.f.,uchicago_S_Hassan,malmιlʸ.mp3,https://dsal.uchicago.edu/dictionaries/hassan/audio/05963.mp3,,muslin,malmιlʸ
adj.,uchicago_S_Hassan,mammǝnyōmut.mp3,https://dsal.uchicago.edu/dictionaries/hassan/audio/05964.mp3,,"to become paralysed, stupefied, benumbed",mammǝnyōmut
n.m.,uchicago_S_Hassan,mammun.mp3,https://dsal.uchicago.edu/dictionaries/hassan/audio/05965.mp3,,"motionless, paralysed, stupefied, benumbed",mammun
n.m.,uchicago_S_Hassan,man.mp3,https://dsal.uchicago.edu/dictionaries/hassan/audio/05966.mp3,,"a certain weight, equivalent to forty seers, a maund",man
n.m.,uchicago_S_Hassan,mǝli mirās.mp3,https://dsal.uchicago.edu/dictionaries/hassan/audio/05967.mp3,,"that which is inherited from a father, paternal inheritance, patrimony",mǝli mirās
n.m.,uchicago_S_Hassan,mōkil.mp3,https://dsal.uchicago.edu/dictionaries/hassan/audio/05968.mp3,,the client of a lawyer,mōkil
v.,uchicago_S_Hassan,mukāwun.mp3,https://dsal.uchicago.edu/dictionaries/hassan/audio/05969.mp3,,"to finish, complete",mukāwun
n.f.,uchicago_S_Hassan,mūkʰāpʰāt.mp3,https://dsal.uchicago.edu/dictionaries/hassan/audio/05970.mp3,,"compensation, reparation; recompense, requital",mūkʰāpʰāt
adj.,uchicago_S_Hassan,mūkūpʰ.mp3,https://dsal.uchicago.edu/dictionaries/hassan/audio/05971.mp3,,"stopped, suspended, discontinued",mūkūpʰ
n.m.,uchicago_S_Hassan,mūl.mp3,https://dsal.uchicago.edu/dictionaries/hassan/audio/05972.mp3,,a root (of a plant or tree),mūl
n.f.,uchicago_S_Hassan,mͻkal.mp3,https://dsal.uchicago.edu/dictionaries/hassan/audio/05973.mp3,,"cessation from work, disengagedness, vacation, leisure",mͻkal
n.f.,uchicago_S_Hassan,mə̄l.mp3,https://dsal.uchicago.edu/dictionaries/hassan/audio/05974.mp3,,"wish, desire, apatite",mə̄l
n.m.,uchicago_S_Hassan,nābad.mp3,https://dsal.uchicago.edu/dictionaries/hassan/audio/05975.mp3,,"refined white sugar, sugar candy",nābad
adj.,uchicago_S_Hassan,nābidʸ.mp3,https://dsal.uchicago.edu/dictionaries/hassan/audio/05976.mp3,,"a kind of colour, pale orange",nābidʸ
n.m.,uchicago_S_Hassan,nabιz.mp3,https://dsal.uchicago.edu/dictionaries/hassan/audio/05977.mp3,,the pulse,nabιz
n.f.,uchicago_S_Hassan,nadāmatʰ.mp3,https://dsal.uchicago.edu/dictionaries/hassan/audio/05978.mp3,,"repentance, penitence, contrition, regret, shame",nadāmatʰ
n.m.,uchicago_S_Hassan,nadur.mp3,https://dsal.uchicago.edu/dictionaries/hassan/audio/05979.mp3,,"the stalk of a lotus, the leaf-stem of the Nelumbium speciosum",nadur
n.m.,uchicago_S_Hassan,nāg.mp3,https://dsal.uchicago.edu/dictionaries/hassan/audio/05980.mp3,,"a snake, esp. a fabulous serpent-demon or semi-divine being",nāg
n.m.,uchicago_S_Hassan,nāpʰ dalin.mp3,https://dsal.uchicago.edu/dictionaries/hassan/audio/05981.mp3,,"the navel to be displaced, rupture (the disease) to occur",nāpʰ dalin
n.f.,uchicago_S_Hassan,nebar nērun.mp3,https://dsal.uchicago.edu/dictionaries/hassan/audio/05982.mp3,,"the act of defecation, human ordure",nebar nērun
adj.,uchicago_S_Hassan,nebardrāv.mp3,https://dsal.uchicago.edu/dictionaries/hassan/audio/05983.mp3,,"a habit or custom of going about the town and meeting friends, etc",nebardrāv
n.m.,uchicago_S_Hassan,nǝbas kʰasun.mp3,https://dsal.uchicago.edu/dictionaries/hassan/audio/05984.mp3,,to mount to the sky; to be filled with (esp. groundless) pride or haughtiness,nǝbas kʰasun
adv.,uchicago_S_Hassan,manzmara.mp3,https://dsal.uchicago.edu/dictionaries/hassan/audio/05985.mp3,,during about some short time or other,manzmara
n.m.,uchicago_S_Hassan,nǝdir.mp3,https://dsal.uchicago.edu/dictionaries/hassan/audio/05986.mp3,,"singular, rare, uncommon, wonderful",nǝdir
n.m.,uchicago_S_Hassan,nǝhy.mp3,https://dsal.uchicago.edu/dictionaries/hassan/audio/05987.mp3,,the bowels of man or beast,nǝhy
v.,uchicago_S_Hassan,nibun.mp3,https://dsal.uchicago.edu/dictionaries/hassan/audio/05988.mp3,,"to be accomplished or performed; to succeed, be successfully carried out",nibun
n.m.,uchicago_S_Hassan,nigīn.mp3,https://dsal.uchicago.edu/dictionaries/hassan/audio/05989.mp3,,"a precious stone, a jewel",nigīn
n.f.,uchicago_S_Hassan,niyhǝlʸ.mp3,https://dsal.uchicago.edu/dictionaries/hassan/audio/05990.mp3,,"a seedling (for transplanting), young plant",niyhǝlʸ
n.m.,uchicago_S_Hassan,pratakʰ.mp3,https://dsal.uchicago.edu/dictionaries/hassan/audio/05991.mp3,,expulsion from the family,pratakʰ
n.m.,uchicago_S_Hassan,pratakʰlad.mp3,https://dsal.uchicago.edu/dictionaries/hassan/audio/05992.mp3,,one who is expelled from the family,pratakʰlad
adj.,uchicago_S_Hassan,pratʰun.mp3,https://dsal.uchicago.edu/dictionaries/hassan/audio/05993.mp3,,"to become famous, well-known",pratʰun
v.,uchicago_S_Hassan,prāṭun.mp3,https://dsal.uchicago.edu/dictionaries/hassan/audio/05994.mp3,,"to dig, to plough",prāṭun
n.f.,uchicago_S_Hassan,praʦar.mp3,https://dsal.uchicago.edu/dictionaries/hassan/audio/05995.mp3,,"constant practice, application",praʦar
n.f.,uchicago_S_Hassan,prǝvēš.mp3,https://dsal.uchicago.edu/dictionaries/hassan/audio/05996.mp3,,"entrance, ingress, penetration",prǝvēš
n.f.,uchicago_S_Hassan,prə̄viš.mp3,https://dsal.uchicago.edu/dictionaries/hassan/audio/05997.mp3,,the ceremony of entering a newly built house,prə̄viš
n.m.,uchicago_S_Hassan,pritʰ.mp3,https://dsal.uchicago.edu/dictionaries/hassan/audio/05998.mp3,,spluttering talk,pritʰ
n.f.,uchicago_S_Hassan,priʦʰiš.mp3,https://dsal.uchicago.edu/dictionaries/hassan/audio/05999.mp3,,just discrimination on the part of a judicial officer,priʦʰiš
n.f.,uchicago_S_Hassan,pͻrāṭʰ.mp3,https://dsal.uchicago.edu/dictionaries/hassan/audio/06000.mp3,,a large size bread fried in oil like Indian Parantha,pͻrāṭʰ
